15:25:18 [TRACE] (1) MasterTech: [src\main.rs:34] Application starting...
15:25:18 [DEBUG] (1) eframe: Using the glow renderer
15:25:18 [DEBUG] (1) eframe::native::run: Entering the winit event loop (run_return)…
15:25:18 [DEBUG] (1) eframe::native::run::glow_integration: trying to create glutin Display with config: ConfigTemplateBuilder { template: ConfigTemplate { color_buffer_type: Rgb { r_size: 8, g_size: 8, b_size: 8 }, alpha_size: 8, depth_size: 0, stencil_size: 0, num_samples: None, min_swap_interval: None, max_swap_interval: None, config_surface_types: WINDOW, api: None, transparency: false, single_buffering: false, stereoscopy: None, float_pixels: false, max_pbuffer_width: None, hardware_accelerated: None, max_pbuffer_height: None, native_window: None } }
15:25:19 [DEBUG] (1) eframe::native::run::glow_integration: using the first config from config picker closure. config: Wgl(Config { inner: Config { hdc: 637605350, pixel_format_index: 14 } })
15:25:19 [DEBUG] (1) eframe::native::run::glow_integration: successfully created GL Display with version: WGL and supported features: CONTEXT_ROBUSTNESS | CONTEXT_NO_ERROR | FLOAT_PIXEL_FORMAT | SWAP_CONTROL | CONTEXT_RELEASE_BEHAVIOR | CREATE_ES_CONTEXT | MULTISAMPLING_PIXEL_FORMATS | SRGB_FRAMEBUFFERS
15:25:19 [DEBUG] (1) eframe::native::run::glow_integration: creating gl context using raw window handle: Some(Win32(Win32WindowHandle { hwnd: 0x4117a, hinstance: 0x7ff77e0c0000 }))
15:25:19 [DEBUG] (1) eframe::native::run::glow_integration: running on_resume fn.
15:25:19 [DEBUG] (1) eframe::native::run::glow_integration: creating surface with attributes: SurfaceAttributes { srgb: None, single_buffer: false, width: Some(925), height: Some(740), largest_pbuffer: false, raw_window_handle: Some(Win32(Win32WindowHandle { hwnd: 0x4117a, hinstance: 0x7ff77e0c0000 })), native_pixmap: None, _ty: PhantomData<glutin::surface::WindowSurface> }
15:25:19 [DEBUG] (1) eframe::native::run::glow_integration: surface created successfully: Wgl(Surface { config: 14, hwnd: 266618, hdc: -335473256 }).making context current
15:25:19 [DEBUG] (1) eframe::native::run::glow_integration: made context current. setting swap interval for surface
15:25:19 [DEBUG] (1) egui_glow::painter: 
opengl version: 3.3.0 NVIDIA 537.13
opengl renderer: NVIDIA GeForce RTX 3090/PCIe/SSE2
opengl vendor: NVIDIA Corporation
15:25:19 [DEBUG] (1) egui_glow::shader_version: Shader version: Gl140 ("3.30 NVIDIA via Cg compiler").
15:25:19 [DEBUG] (1) egui_glow::painter: Shader header: "#version 140\n".
15:25:19 [TRACE] (1) egui_glow::painter: [C:\Users\darkm\.cargo\registry\src\index.crates.io-6f17d22bba15001f\egui_glow-0.22.0\src\painter.rs:134] OpenGL extensions: {"GL_ARB_shader_texture_image_samples", "GL_NV_mesh_shader", "GL_NV_transform_feedback", "GL_NV_viewport_swizzle", "GL_ARB_framebuffer_sRGB", "GL_EXT_texture_filter_anisotropic", "GL_ARB_texture_env_dot3", "GL_ARB_texture_buffer_range", "GL_EXT_secondary_color", "GL_ARB_texture_gather", "GL_NV_path_rendering_shared_edge", "GL_ARB_vertex_type_10f_11f_11f_rev", "GL_NV_ES1_1_compatibility", "GL_ARB_query_buffer_object", "GL_ARB_shader_image_size", "GL_ARB_texture_non_power_of_two", "GL_NV_depth_buffer_float", "GL_EXT_texture_lod_bias", "GL_ARB_seamless_cubemap_per_texture", "GL_NV_gpu_shader5", "GL_EXT_vertex_array", "GL_EXT_stencil_two_side", "GL_ARB_ES3_compatibility", "GL_ARB_conditional_render_inverted", "GL_ARB_fragment_shader", "GL_ARB_vertex_program", "GL_EXT_packed_float", "GL_EXT_pixel_buffer_object", "GL_NV_gpu_program5_mem_extended", "GL_NV_representative_fragment_test", "GL_ARB_robustness", "GL_NV_texture_rectangle", "GL_ARB_multisample", "GL_ARB_robust_buffer_access_behavior", "GL_ARB_vertex_attrib_binding", "GL_EXT_timer_query", "GL_NV_explicit_multisample", "GL_NV_occlusion_query", "GL_ARB_compute_variable_group_size", "GL_NV_shader_subgroup_partitioned", "GL_NV_uniform_buffer_unified_memory", "GL_NV_texture_shader", "GL_NV_uniform_buffer_std430_layout", "GL_NV_shader_buffer_load", "GL_NV_vertex_array_range", "GL_NV_vertex_array_range2", "GL_ARB_indirect_parameters", "GL_ARB_shader_clock", "GL_EXT_blend_func_separate", "GL_ARB_pipeline_statistics_query", "GL_ARB_geometry_shader4", "GL_ARB_draw_instanced", "GL_NV_bindless_multi_draw_indirect_count", "GL_NV_compute_shader_derivatives", "GL_NV_shader_atomic_fp16_vector", "GL_NV_vertex_program3", "GL_OVR_multiview", "WGL_EXT_swap_control", "GL_ARB_compressed_texture_pixel_storage", "GL_KHR_shader_subgroup", "GL_EXT_transform_feedback2", "GL_NV_light_max_exponent", "GL_NV_multisample_coverage", "GL_NV_conditional_render", "GL_NV_shader_atomic_counters", "GL_ARB_instanced_arrays", "GL_EXT_rescale_normal", "GL_ARB_multi_bind", "GL_NV_depth_clamp", "GL_NV_shader_atomic_float64", "GL_KTX_buffer_region", "GL_ARB_texture_env_combine", "GL_EXT_framebuffer_object", "GL_EXT_compiled_vertex_array", "GL_ARB_sparse_buffer", "GL_NV_blend_square", "GL_ARB_buffer_storage", "GL_NV_blend_equation_advanced_coherent", "GL_EXT_texture_lod", "GL_ARB_explicit_uniform_location", "GL_ARB_transform_feedback_overflow_query", "GL_EXT_texture_filter_minmax", "GL_ARB_occlusion_query", "GL_EXT_texture_swizzle", "GL_ARB_ES2_compatibility", "GL_EXT_separate_specular_color", "GL_ARB_copy_image", "GL_ARB_shader_ballot", "GL_NV_query_resource", "GL_KHR_robust_buffer_access_behavior", "GL_NV_texture_shader3", "GL_EXT_draw_buffers2", "GL_NV_fragment_program", "GL_NV_fragment_program2", "GL_ARB_shader_texture_lod", "GL_ARB_depth_texture", "GL_AMD_multi_draw_indirect", "GL_NV_command_list", "GL_ARB_half_float_vertex", "GL_NV_pixel_data_range", "GL_ARB_texture_rgb10_a2ui", "GL_ARB_sampler_objects", "GL_ARB_imaging", "GL_EXT_shader_integer_mix", "GL_EXT_texture_shadow_lod", "GL_ARB_fragment_program", "GL_NV_clip_space_w_scaling", "GL_ARB_stencil_texturing", "GL_ARB_draw_buffers_blend", "GL_ARB_shadow", "GL_NV_fence", "GL_NV_texture_dirty_tile_map", "GL_NV_vertex_attrib_integer_64bit", "GL_ARB_gpu_shader5", "GL_ARB_texture_compression_bptc", "GL_ARB_texture_stencil8", "GL_EXT_draw_instanced", "GL_ARB_transform_feedback2", "GL_ARB_get_program_binary", "GL_ARB_texture_border_clamp", "GL_ARB_transform_feedback3", "GL_EXT_framebuffer_multisample_blit_scaled", "GL_ARB_internalformat_query2", "GL_EXT_stencil_wrap", "GL_ARB_post_depth_coverage", "GL_NV_memory_attachment", "GL_ARB_arrays_of_arrays", "GL_NV_parameter_buffer_object2", "GL_SUN_slice_accum", "GL_ARB_invalidate_subdata", "GL_NV_draw_texture", "GL_ARB_texture_env_crossbar", "GL_ARB_texture_buffer_object", "GL_ARB_copy_buffer", "GL_EXT_import_sync_object", "GL_NV_fragment_program_option", "GL_NV_texture_rectangle_compressed", "GL_NVX_conditional_render", "GL_ARB_draw_buffers", "GL_ARB_tessellation_shader", "GL_NV_primitive_restart", "GL_ARB_texture_view", "GL_NV_shader_thread_group", "GL_NV_stereo_view_rendering", "GL_KHR_robustness", "GL_EXT_texture_edge_clamp", "GL_EXT_blend_equation_separate", "GL_NVX_progress_fence", "GL_ARB_debug_output", "GL_NV_query_resource_tag", "GL_EXT_semaphore", "GL_SGIS_texture_lod", "GL_KHR_parallel_shader_compile", "GL_NV_memory_object_sparse", "GL_EXT_packed_pixels", "GL_ARB_texture_barrier", "GL_NV_conservative_raster", "GL_ARB_sparse_texture", "GL_NV_vertex_buffer_unified_memory", "GL_NV_fog_distance", "GL_IBM_rasterpos_clip", "GL_NVX_linked_gpu_multicast", "GL_EXT_window_rectangles", "GL_NV_conservative_raster_underestimation", "GL_EXT_separate_shader_objects", "GL_EXT_texture_env_dot3", "GL_NV_parameter_buffer_object", "GL_NV_texgen_reflection", "GL_ARB_vertex_shader", "GL_NV_multisample_filter_hint", "GL_NV_texture_env_combine4", "GL_ARB_vertex_type_2_10_10_10_rev", "GL_ARB_program_interface_query", "GL_ARB_shader_image_load_store", "GL_ARB_vertex_array_object", "GL_EXT_framebuffer_blit", "GL_EXT_framebuffer_multisample", "GL_ARB_derivative_control", "GL_ARB_shading_language_100", "GL_EXT_multiview_texture_multisample", "GL_NV_conservative_raster_dilate", "GL_EXT_texture_sRGB", "GL_EXT_gpu_shader4", "GL_EXT_semaphore_win32", "GL_NV_register_combiners", "GL_EXT_texture_sRGB_decode", "GL_ARB_texture_query_lod", "GL_AMD_vertex_shader_viewport_index", "GL_ARB_shading_language_packing", "GL_EXT_packed_depth_stencil", "GL_ARB_shader_atomic_counters", "GL_ARB_shader_storage_buffer_object", "GL_NV_bindless_texture", "GL_ARB_texture_buffer_object_rgb32", "GL_SGIX_shadow", "GL_ARB_map_buffer_alignment", "GL_EXT_raster_multisample", "GL_ARB_texture_mirrored_repeat", "GL_ARB_draw_indirect", "GL_ARB_texture_env_add", "GL_NVX_gpu_multicast2", "GL_ARB_texture_storage_multisample", "GL_NV_texture_compression_vtc", "GL_ARB_texture_float", "GL_S3_s3tc", "GL_ARB_bindless_texture", "GL_ARB_gpu_shader_int64", "GL_ARB_texture_compression_rgtc", "GL_ARB_texture_cube_map_array", "GL_EXT_bgra", "GL_ARB_gpu_shader_fp64", "GL_NV_fragment_shader_interlock", "GL_KHR_blend_equation_advanced", "GL_ARB_color_buffer_float", "GL_ARB_sync", "GL_ATI_texture_float", "GL_NV_gpu_program4", "GL_ARB_texture_cube_map", "GL_NV_timeline_semaphore", "GL_ARB_parallel_shader_compile", "GL_ARB_spirv_extensions", "GL_ARB_point_parameters", "GL_EXT_gpu_program_parameters", "GL_EXT_memory_object", "GL_NV_geometry_shader4", "GL_NV_framebuffer_mixed_samples", "GL_NV_bindless_multi_draw_indirect", "GL_ARB_clear_buffer_object", "GL_NV_sample_mask_override_coverage", "GL_NV_alpha_to_coverage_dither_control", "GL_NV_texture_shader2", "GL_NV_shader_thread_shuffle", "GL_ARB_clear_texture", "GL_EXTX_framebuffer_mixed_formats", "GL_ARB_shader_atomic_counter_ops", "GL_ARB_texture_filter_anisotropic", "GL_ARB_texture_rg", "GL_ARB_texture_storage", "GL_EXT_memory_object_win32", "GL_KHR_debug", "GL_NV_compute_program5", "GL_ARB_texture_multisample", "GL_EXT_texture_compression_latc", "GL_NV_framebuffer_multisample_coverage", "GL_ARB_fragment_layer_viewport", "GL_AMD_vertex_shader_layer", "GL_ARB_shader_precision", "GL_ARB_vertex_attrib_64bit", "GL_ARB_gl_spirv", "GL_NV_geometry_shader_passthrough", "GL_ARB_transpose_matrix", "GL_NV_register_combiners2", "GL_NVX_nvenc_interop", "GL_ARB_depth_clamp", "GL_EXT_depth_bounds_test", "GL_EXT_geometry_shader4", "GL_EXT_blend_minmax", "GL_ARB_enhanced_layouts", "GL_ARB_framebuffer_object", "GL_ARB_multi_draw_indirect", "GL_ARB_polygon_offset_clamp", "GL_ARB_shader_bit_encoding", "GL_ARB_shader_subroutine", "GL_ATI_texture_mirror_once", "GL_EXT_texture_env_add", "GL_ARB_transform_feedback_instanced", "GL_EXT_abgr", "GL_EXT_bindable_uniform", "GL_EXT_polygon_offset_clamp", "GL_EXT_texture_shared_exponent", "GL_EXT_shader_image_load_store", "GL_EXT_texture_buffer_object", "GL_NV_copy_image", "GL_EXT_Cg_shader", "GL_EXT_texture_compression_dxt1", "GL_EXT_texture_cube_map", "GL_NV_fragment_shader_barycentric", "GL_ARB_shader_viewport_layer_array", "GL_NV_scissor_exclusive", "GL_EXT_shadow_funcs", "GL_ATI_draw_buffers", "GL_NV_shader_atomic_int64", "GL_ARB_ES3_2_compatibility", "GL_NV_vertex_program1_1", "GL_NV_viewport_array2", "GL_ARB_seamless_cube_map", "GL_EXT_vertex_array_bgra", "GL_NV_shader_atomic_float", "GL_ARB_ES3_1_compatibility", "GL_NV_copy_depth_to_color", "GL_ARB_pixel_buffer_object", "GL_EXT_multi_draw_arrays", "GL_NV_fill_rectangle", "GL_EXT_texture3D", "GL_KHR_blend_equation_advanced_coherent", "GL_EXT_texture_compression_s3tc", "GL_EXT_post_depth_coverage", "GL_OVR_multiview2", "GL_EXT_sparse_texture2", "GL_ARB_sample_shading", "GL_ARB_shading_language_include", "GL_EXT_texture_integer", "GL_EXT_provoking_vertex", "GL_ARB_vertex_array_bgra", "GL_ARB_half_float_pixel", "GL_NV_draw_vulkan_image", "GL_NV_shader_texture_footprint", "GL_ARB_conservative_depth", "GL_ARB_texture_compression", "GL_ARB_multitexture", "GL_NV_conservative_raster_pre_snap_triangles", "GL_NV_shading_rate_image", "GL_ARB_texture_query_levels", "GL_ARB_blend_func_extended", "GL_EXT_texture_compression_rgtc", "GL_EXT_draw_range_elements", "GL_ARB_fragment_coord_conventions", "GL_EXT_vertex_attrib_64bit", "GL_ARB_fragment_shader_interlock", "GL_ARB_draw_elements_base_vertex", "GL_ARB_texture_rectangle", "GL_NV_conservative_raster_pre_snap", "GL_NV_transform_feedback2", "GL_NV_vertex_program2", "GL_ARB_shader_group_vote", "GL_NVX_multigpu_info", "GL_ARB_internalformat_query", "GL_NV_vertex_program", "GL_NV_feature_query", "GL_SGIX_depth_texture", "GL_ARB_direct_state_access", "GL_EXT_shader_image_load_formatted", "GL_ARB_cull_distance", "GL_ARB_depth_buffer_float", "GL_EXT_texture_array", "GL_EXT_win32_keyed_mutex", "GL_EXT_texture_object", "GL_KHR_context_flush_control", "GL_NV_gpu_program_fp64", "GL_NV_sample_locations", "GL_NV_packed_depth_stencil", "GL_NV_ES3_1_compatibility", "GL_NV_texture_barrier", "GL_NV_gpu_multicast", "GL_ARB_sample_locations", "GL_EXT_direct_state_access", "GL_ARB_provoking_vertex", "GL_EXT_blend_subtract", "GL_ARB_map_buffer_range", "GL_NV_vertex_program2_option", "GL_ARB_sparse_texture2", "GL_ARB_texture_filter_minmax", "GL_ARB_texture_swizzle", "GL_ARB_timer_query", "GL_EXT_multiview_timer_query", "GL_ARB_occlusion_query2", "GL_ARB_shading_language_420pack", "GL_NV_shader_storage_buffer_object", "GL_NV_blend_equation_advanced", "GL_EXT_point_parameters", "GL_AMD_seamless_cubemap_per_texture", "GL_NVX_gpu_memory_info", "GL_ARB_uniform_buffer_object", "GL_SGIS_generate_mipmap", "GL_WIN_swap_hint", "GL_NV_point_sprite", "GL_NV_texture_multisample", "GL_NV_gpu_program4_1", "GL_ARB_vertex_buffer_object", "GL_NVX_blend_equation_advanced_multi_draw_buffers", "GL_NV_gpu_program5", "GL_ARB_shader_draw_parameters", "GL_EXT_framebuffer_sRGB", "GL_ARB_viewport_array", "GL_ARB_clip_control", "GL_ARB_point_sprite", "GL_ARB_window_pos", "GL_ARB_texture_mirror_clamp_to_edge", "GL_ARB_explicit_attrib_location", "GL_NV_half_float", "GL_ARB_fragment_program_shadow", "GL_ARB_compute_shader", "GL_ARB_framebuffer_no_attachments", "GL_ARB_get_texture_sub_image", "GL_EXT_texture_mirror_clamp", "GL_EXT_texture_env_combine", "GL_IBM_texture_mirrored_repeat", "GL_KHR_no_error", "GL_NV_path_rendering", "GL_NV_float_buffer", "GL_ARB_sparse_texture_clamp", "GL_EXT_blend_color", "GL_NV_primitive_shading_rate", "GL_ARB_shader_objects", "GL_EXT_fog_coord", "GL_EXT_texture_storage", "GL_ARB_base_instance", "GL_EXT_texture_sRGB_R8", "GL_NV_blend_minmax_factor", "GL_NV_fragment_coverage_to_color", "GL_NV_internalformat_sample_query", "GL_ARB_separate_shader_objects"}
15:25:19 [DEBUG] (1) egui_glow::painter: SRGB texture Support: true
15:25:19 [DEBUG] (1) egui_glow::vao: GL version: "3.3.0 NVIDIA 537.13".
15:25:19 [DEBUG] (1) egui_winit::clipboard: Initializing arboard clipboard…
15:25:19 [TRACE] (1) eframe::native::run: [C:\Users\darkm\.cargo\registry\src\index.crates.io-6f17d22bba15001f\eframe-0.22.0\src\native\run.rs:194] Repaint caused by winit::Event: Resumed
15:25:19 [INFO] eframe update fn running...
15:25:24 [TRACE] (1) eframe::native::run::glow_integration: [C:\Users\darkm\.cargo\registry\src\index.crates.io-6f17d22bba15001f\eframe-0.22.0\src\native\run.rs:734] request_repaint_callback: RequestRepaintInfo { after: 0ns, current_frame_nr: 0 }
15:25:24 [TRACE] (1) eframe::native::run::glow_integration: [C:\Users\darkm\.cargo\registry\src\index.crates.io-6f17d22bba15001f\eframe-0.22.0\src\native\run.rs:734] request_repaint_callback: RequestRepaintInfo { after: 0ns, current_frame_nr: 1 }
15:25:24 [TRACE] (1) eframe::native::run: [C:\Users\darkm\.cargo\registry\src\index.crates.io-6f17d22bba15001f\eframe-0.22.0\src\native\run.rs:194] Repaint caused by winit::Event: WindowEvent { window_id: WindowId(WindowId(266618)), event: Resized(PhysicalSize { width: 925, height: 740 }) }
15:25:24 [INFO] eframe update fn running...
15:25:24 [TRACE] (1) eframe::native::run::glow_integration: [C:\Users\darkm\.cargo\registry\src\index.crates.io-6f17d22bba15001f\eframe-0.22.0\src\native\run.rs:734] request_repaint_callback: RequestRepaintInfo { after: 0ns, current_frame_nr: 1 }
15:25:24 [TRACE] (1) eframe::native::run: [C:\Users\darkm\.cargo\registry\src\index.crates.io-6f17d22bba15001f\eframe-0.22.0\src\native\run.rs:205] Repaint caused by winit::Event: WindowEvent { window_id: WindowId(WindowId(266618)), event: Focused(true) }
15:25:24 [TRACE] (1) eframe::native::run: [C:\Users\darkm\.cargo\registry\src\index.crates.io-6f17d22bba15001f\eframe-0.22.0\src\native\run.rs:221] request_redraw
15:25:24 [TRACE] (1) eframe::native::run: [C:\Users\darkm\.cargo\registry\src\index.crates.io-6f17d22bba15001f\eframe-0.22.0\src\native\run.rs:194] Repaint caused by winit::Event: WindowEvent { window_id: WindowId(WindowId(266618)), event: Resized(PhysicalSize { width: 925, height: 740 }) }
15:25:24 [INFO] eframe update fn running...
15:25:24 [TRACE] (1) eframe::native::run::glow_integration: [C:\Users\darkm\.cargo\registry\src\index.crates.io-6f17d22bba15001f\eframe-0.22.0\src\native\run.rs:734] request_repaint_callback: RequestRepaintInfo { after: 0ns, current_frame_nr: 2 }
15:25:24 [TRACE] (1) eframe::native::run: [C:\Users\darkm\.cargo\registry\src\index.crates.io-6f17d22bba15001f\eframe-0.22.0\src\native\run.rs:160] Got outdated UserEvent::RequestRepaint
15:25:24 [TRACE] (1) eframe::native::run: [C:\Users\darkm\.cargo\registry\src\index.crates.io-6f17d22bba15001f\eframe-0.22.0\src\native\run.rs:160] Got outdated UserEvent::RequestRepaint
15:25:24 [TRACE] (1) eframe::native::run: [C:\Users\darkm\.cargo\registry\src\index.crates.io-6f17d22bba15001f\eframe-0.22.0\src\native\run.rs:160] Got outdated UserEvent::RequestRepaint
15:25:24 [TRACE] (1) eframe::native::run: [C:\Users\darkm\.cargo\registry\src\index.crates.io-6f17d22bba15001f\eframe-0.22.0\src\native\run.rs:160] Got outdated UserEvent::RequestRepaint
15:25:24 [TRACE] (1) eframe::native::run: [C:\Users\darkm\.cargo\registry\src\index.crates.io-6f17d22bba15001f\eframe-0.22.0\src\native\run.rs:205] Repaint caused by winit::Event: WindowEvent { window_id: WindowId(WindowId(266618)), event: CursorEntered { device_id: DeviceId(DeviceId(0)) } }
15:25:24 [TRACE] (1) eframe::native::run: [C:\Users\darkm\.cargo\registry\src\index.crates.io-6f17d22bba15001f\eframe-0.22.0\src\native\run.rs:221] request_redraw
15:25:24 [TRACE] (1) eframe::native::run: [C:\Users\darkm\.cargo\registry\src\index.crates.io-6f17d22bba15001f\eframe-0.22.0\src\native\run.rs:205] Repaint caused by winit::Event: WindowEvent { window_id: WindowId(WindowId(266618)), event: CursorMoved { device_id: DeviceId(DeviceId(0)), position: PhysicalPosition { x: 434.0, y: 518.0 }, modifiers: (empty) } }
15:25:24 [TRACE] (1) eframe::native::run: [C:\Users\darkm\.cargo\registry\src\index.crates.io-6f17d22bba15001f\eframe-0.22.0\src\native\run.rs:221] request_redraw
15:25:24 [INFO] eframe update fn running...
15:25:24 [TRACE] (1) eframe::native::run::glow_integration: [C:\Users\darkm\.cargo\registry\src\index.crates.io-6f17d22bba15001f\eframe-0.22.0\src\native\run.rs:734] request_repaint_callback: RequestRepaintInfo { after: 0ns, current_frame_nr: 3 }
15:25:24 [TRACE] (1) eframe::native::run: [C:\Users\darkm\.cargo\registry\src\index.crates.io-6f17d22bba15001f\eframe-0.22.0\src\native\run.rs:205] Repaint caused by winit::Event: RedrawEventsCleared
15:25:24 [TRACE] (1) eframe::native::run: [C:\Users\darkm\.cargo\registry\src\index.crates.io-6f17d22bba15001f\eframe-0.22.0\src\native\run.rs:221] request_redraw
15:25:24 [TRACE] (1) eframe::native::run: [C:\Users\darkm\.cargo\registry\src\index.crates.io-6f17d22bba15001f\eframe-0.22.0\src\native\run.rs:160] Got outdated UserEvent::RequestRepaint
15:25:24 [INFO] eframe update fn running...
15:25:24 [TRACE] (1) eframe::native::run::glow_integration: [C:\Users\darkm\.cargo\registry\src\index.crates.io-6f17d22bba15001f\eframe-0.22.0\src\native\run.rs:734] request_repaint_callback: RequestRepaintInfo { after: 0ns, current_frame_nr: 4 }
15:25:24 [TRACE] (1) eframe::native::run: [C:\Users\darkm\.cargo\registry\src\index.crates.io-6f17d22bba15001f\eframe-0.22.0\src\native\run.rs:205] Repaint caused by winit::Event: RedrawEventsCleared
15:25:24 [TRACE] (1) eframe::native::run: [C:\Users\darkm\.cargo\registry\src\index.crates.io-6f17d22bba15001f\eframe-0.22.0\src\native\run.rs:221] request_redraw
15:25:24 [TRACE] (1) eframe::native::run: [C:\Users\darkm\.cargo\registry\src\index.crates.io-6f17d22bba15001f\eframe-0.22.0\src\native\run.rs:160] Got outdated UserEvent::RequestRepaint
15:25:24 [INFO] eframe update fn running...
15:25:24 [TRACE] (1) eframe::native::run::glow_integration: [C:\Users\darkm\.cargo\registry\src\index.crates.io-6f17d22bba15001f\eframe-0.22.0\src\native\run.rs:734] request_repaint_callback: RequestRepaintInfo { after: 0ns, current_frame_nr: 5 }
15:25:24 [TRACE] (1) eframe::native::run: [C:\Users\darkm\.cargo\registry\src\index.crates.io-6f17d22bba15001f\eframe-0.22.0\src\native\run.rs:205] Repaint caused by winit::Event: RedrawEventsCleared
15:25:24 [TRACE] (1) eframe::native::run: [C:\Users\darkm\.cargo\registry\src\index.crates.io-6f17d22bba15001f\eframe-0.22.0\src\native\run.rs:221] request_redraw
15:25:24 [TRACE] (1) eframe::native::run: [C:\Users\darkm\.cargo\registry\src\index.crates.io-6f17d22bba15001f\eframe-0.22.0\src\native\run.rs:160] Got outdated UserEvent::RequestRepaint
15:25:24 [INFO] eframe update fn running...
15:25:24 [TRACE] (1) eframe::native::run::glow_integration: [C:\Users\darkm\.cargo\registry\src\index.crates.io-6f17d22bba15001f\eframe-0.22.0\src\native\run.rs:734] request_repaint_callback: RequestRepaintInfo { after: 0ns, current_frame_nr: 6 }
15:25:24 [TRACE] (1) eframe::native::run: [C:\Users\darkm\.cargo\registry\src\index.crates.io-6f17d22bba15001f\eframe-0.22.0\src\native\run.rs:205] Repaint caused by winit::Event: RedrawEventsCleared
15:25:24 [TRACE] (1) eframe::native::run: [C:\Users\darkm\.cargo\registry\src\index.crates.io-6f17d22bba15001f\eframe-0.22.0\src\native\run.rs:221] request_redraw
15:25:24 [TRACE] (1) eframe::native::run: [C:\Users\darkm\.cargo\registry\src\index.crates.io-6f17d22bba15001f\eframe-0.22.0\src\native\run.rs:160] Got outdated UserEvent::RequestRepaint
15:25:24 [INFO] eframe update fn running...
15:25:24 [TRACE] (1) eframe::native::run::glow_integration: [C:\Users\darkm\.cargo\registry\src\index.crates.io-6f17d22bba15001f\eframe-0.22.0\src\native\run.rs:734] request_repaint_callback: RequestRepaintInfo { after: 0ns, current_frame_nr: 7 }
15:25:24 [TRACE] (1) eframe::native::run: [C:\Users\darkm\.cargo\registry\src\index.crates.io-6f17d22bba15001f\eframe-0.22.0\src\native\run.rs:205] Repaint caused by winit::Event: RedrawEventsCleared
15:25:24 [TRACE] (1) eframe::native::run: [C:\Users\darkm\.cargo\registry\src\index.crates.io-6f17d22bba15001f\eframe-0.22.0\src\native\run.rs:221] request_redraw
15:25:24 [TRACE] (1) eframe::native::run: [C:\Users\darkm\.cargo\registry\src\index.crates.io-6f17d22bba15001f\eframe-0.22.0\src\native\run.rs:160] Got outdated UserEvent::RequestRepaint
15:25:24 [INFO] eframe update fn running...
15:25:24 [TRACE] (1) eframe::native::run::glow_integration: [C:\Users\darkm\.cargo\registry\src\index.crates.io-6f17d22bba15001f\eframe-0.22.0\src\native\run.rs:734] request_repaint_callback: RequestRepaintInfo { after: 0ns, current_frame_nr: 8 }
15:25:24 [TRACE] (1) eframe::native::run: [C:\Users\darkm\.cargo\registry\src\index.crates.io-6f17d22bba15001f\eframe-0.22.0\src\native\run.rs:205] Repaint caused by winit::Event: RedrawEventsCleared
15:25:24 [TRACE] (1) eframe::native::run: [C:\Users\darkm\.cargo\registry\src\index.crates.io-6f17d22bba15001f\eframe-0.22.0\src\native\run.rs:221] request_redraw
15:25:24 [TRACE] (1) eframe::native::run: [C:\Users\darkm\.cargo\registry\src\index.crates.io-6f17d22bba15001f\eframe-0.22.0\src\native\run.rs:160] Got outdated UserEvent::RequestRepaint
15:25:24 [INFO] eframe update fn running...
15:25:24 [TRACE] (1) eframe::native::run::glow_integration: [C:\Users\darkm\.cargo\registry\src\index.crates.io-6f17d22bba15001f\eframe-0.22.0\src\native\run.rs:734] request_repaint_callback: RequestRepaintInfo { after: 0ns, current_frame_nr: 9 }
15:25:24 [TRACE] (1) eframe::native::run: [C:\Users\darkm\.cargo\registry\src\index.crates.io-6f17d22bba15001f\eframe-0.22.0\src\native\run.rs:205] Repaint caused by winit::Event: RedrawEventsCleared
15:25:24 [TRACE] (1) eframe::native::run: [C:\Users\darkm\.cargo\registry\src\index.crates.io-6f17d22bba15001f\eframe-0.22.0\src\native\run.rs:221] request_redraw
15:25:24 [TRACE] (1) eframe::native::run: [C:\Users\darkm\.cargo\registry\src\index.crates.io-6f17d22bba15001f\eframe-0.22.0\src\native\run.rs:160] Got outdated UserEvent::RequestRepaint
15:25:24 [INFO] eframe update fn running...
15:25:24 [TRACE] (1) eframe::native::run: [C:\Users\darkm\.cargo\registry\src\index.crates.io-6f17d22bba15001f\eframe-0.22.0\src\native\run.rs:205] Repaint caused by winit::Event: RedrawEventsCleared
15:25:24 [TRACE] (1) eframe::native::run: [C:\Users\darkm\.cargo\registry\src\index.crates.io-6f17d22bba15001f\eframe-0.22.0\src\native\run.rs:221] request_redraw
15:25:24 [INFO] eframe update fn running...
15:25:25 [INFO] eframe update fn running...
15:25:25 [TRACE] (1) eframe::native::run: [C:\Users\darkm\.cargo\registry\src\index.crates.io-6f17d22bba15001f\eframe-0.22.0\src\native\run.rs:205] Repaint caused by winit::Event: WindowEvent { window_id: WindowId(WindowId(266618)), event: CursorMoved { device_id: DeviceId(DeviceId(0)), position: PhysicalPosition { x: 432.0, y: 518.0 }, modifiers: (empty) } }
15:25:25 [TRACE] (1) eframe::native::run: [C:\Users\darkm\.cargo\registry\src\index.crates.io-6f17d22bba15001f\eframe-0.22.0\src\native\run.rs:221] request_redraw
15:25:25 [INFO] eframe update fn running...
15:25:25 [TRACE] (1) eframe::native::run::glow_integration: [C:\Users\darkm\.cargo\registry\src\index.crates.io-6f17d22bba15001f\eframe-0.22.0\src\native\run.rs:734] request_repaint_callback: RequestRepaintInfo { after: 0ns, current_frame_nr: 13 }
15:25:25 [TRACE] (1) eframe::native::run: [C:\Users\darkm\.cargo\registry\src\index.crates.io-6f17d22bba15001f\eframe-0.22.0\src\native\run.rs:205] Repaint caused by winit::Event: RedrawEventsCleared
15:25:25 [TRACE] (1) eframe::native::run: [C:\Users\darkm\.cargo\registry\src\index.crates.io-6f17d22bba15001f\eframe-0.22.0\src\native\run.rs:221] request_redraw
15:25:25 [TRACE] (1) eframe::native::run: [C:\Users\darkm\.cargo\registry\src\index.crates.io-6f17d22bba15001f\eframe-0.22.0\src\native\run.rs:160] Got outdated UserEvent::RequestRepaint
15:25:25 [TRACE] (1) eframe::native::run: [C:\Users\darkm\.cargo\registry\src\index.crates.io-6f17d22bba15001f\eframe-0.22.0\src\native\run.rs:205] Repaint caused by winit::Event: WindowEvent { window_id: WindowId(WindowId(266618)), event: CursorMoved { device_id: DeviceId(DeviceId(0)), position: PhysicalPosition { x: 428.0, y: 518.0 }, modifiers: (empty) } }
15:25:25 [TRACE] (1) eframe::native::run: [C:\Users\darkm\.cargo\registry\src\index.crates.io-6f17d22bba15001f\eframe-0.22.0\src\native\run.rs:221] request_redraw
15:25:25 [INFO] eframe update fn running...
15:25:25 [TRACE] (1) eframe::native::run::glow_integration: [C:\Users\darkm\.cargo\registry\src\index.crates.io-6f17d22bba15001f\eframe-0.22.0\src\native\run.rs:734] request_repaint_callback: RequestRepaintInfo { after: 0ns, current_frame_nr: 14 }
15:25:25 [TRACE] (1) eframe::native::run: [C:\Users\darkm\.cargo\registry\src\index.crates.io-6f17d22bba15001f\eframe-0.22.0\src\native\run.rs:205] Repaint caused by winit::Event: RedrawEventsCleared
15:25:25 [TRACE] (1) eframe::native::run: [C:\Users\darkm\.cargo\registry\src\index.crates.io-6f17d22bba15001f\eframe-0.22.0\src\native\run.rs:221] request_redraw
15:25:25 [TRACE] (1) eframe::native::run: [C:\Users\darkm\.cargo\registry\src\index.crates.io-6f17d22bba15001f\eframe-0.22.0\src\native\run.rs:160] Got outdated UserEvent::RequestRepaint
15:25:25 [TRACE] (1) eframe::native::run: [C:\Users\darkm\.cargo\registry\src\index.crates.io-6f17d22bba15001f\eframe-0.22.0\src\native\run.rs:205] Repaint caused by winit::Event: WindowEvent { window_id: WindowId(WindowId(266618)), event: CursorMoved { device_id: DeviceId(DeviceId(0)), position: PhysicalPosition { x: 423.0, y: 521.0 }, modifiers: (empty) } }
15:25:25 [TRACE] (1) eframe::native::run: [C:\Users\darkm\.cargo\registry\src\index.crates.io-6f17d22bba15001f\eframe-0.22.0\src\native\run.rs:221] request_redraw
15:25:25 [INFO] eframe update fn running...
15:25:25 [TRACE] (1) eframe::native::run::glow_integration: [C:\Users\darkm\.cargo\registry\src\index.crates.io-6f17d22bba15001f\eframe-0.22.0\src\native\run.rs:734] request_repaint_callback: RequestRepaintInfo { after: 0ns, current_frame_nr: 15 }
15:25:25 [TRACE] (1) eframe::native::run: [C:\Users\darkm\.cargo\registry\src\index.crates.io-6f17d22bba15001f\eframe-0.22.0\src\native\run.rs:205] Repaint caused by winit::Event: RedrawEventsCleared
15:25:25 [TRACE] (1) eframe::native::run: [C:\Users\darkm\.cargo\registry\src\index.crates.io-6f17d22bba15001f\eframe-0.22.0\src\native\run.rs:221] request_redraw
15:25:25 [TRACE] (1) eframe::native::run: [C:\Users\darkm\.cargo\registry\src\index.crates.io-6f17d22bba15001f\eframe-0.22.0\src\native\run.rs:160] Got outdated UserEvent::RequestRepaint
15:25:25 [TRACE] (1) eframe::native::run: [C:\Users\darkm\.cargo\registry\src\index.crates.io-6f17d22bba15001f\eframe-0.22.0\src\native\run.rs:205] Repaint caused by winit::Event: WindowEvent { window_id: WindowId(WindowId(266618)), event: CursorMoved { device_id: DeviceId(DeviceId(0)), position: PhysicalPosition { x: 420.0, y: 522.0 }, modifiers: (empty) } }
15:25:25 [TRACE] (1) eframe::native::run: [C:\Users\darkm\.cargo\registry\src\index.crates.io-6f17d22bba15001f\eframe-0.22.0\src\native\run.rs:221] request_redraw
15:25:25 [INFO] eframe update fn running...
15:25:25 [TRACE] (1) eframe::native::run::glow_integration: [C:\Users\darkm\.cargo\registry\src\index.crates.io-6f17d22bba15001f\eframe-0.22.0\src\native\run.rs:734] request_repaint_callback: RequestRepaintInfo { after: 0ns, current_frame_nr: 16 }
15:25:25 [TRACE] (1) eframe::native::run: [C:\Users\darkm\.cargo\registry\src\index.crates.io-6f17d22bba15001f\eframe-0.22.0\src\native\run.rs:205] Repaint caused by winit::Event: RedrawEventsCleared
15:25:25 [TRACE] (1) eframe::native::run: [C:\Users\darkm\.cargo\registry\src\index.crates.io-6f17d22bba15001f\eframe-0.22.0\src\native\run.rs:221] request_redraw
15:25:25 [TRACE] (1) eframe::native::run: [C:\Users\darkm\.cargo\registry\src\index.crates.io-6f17d22bba15001f\eframe-0.22.0\src\native\run.rs:160] Got outdated UserEvent::RequestRepaint
15:25:25 [INFO] eframe update fn running...
15:25:25 [TRACE] (1) eframe::native::run: [C:\Users\darkm\.cargo\registry\src\index.crates.io-6f17d22bba15001f\eframe-0.22.0\src\native\run.rs:205] Repaint caused by winit::Event: RedrawEventsCleared
15:25:25 [TRACE] (1) eframe::native::run: [C:\Users\darkm\.cargo\registry\src\index.crates.io-6f17d22bba15001f\eframe-0.22.0\src\native\run.rs:221] request_redraw
15:25:25 [INFO] eframe update fn running...
15:25:25 [TRACE] (1) eframe::native::run: [C:\Users\darkm\.cargo\registry\src\index.crates.io-6f17d22bba15001f\eframe-0.22.0\src\native\run.rs:205] Repaint caused by winit::Event: WindowEvent { window_id: WindowId(WindowId(266618)), event: CursorMoved { device_id: DeviceId(DeviceId(0)), position: PhysicalPosition { x: 420.0, y: 521.0 }, modifiers: (empty) } }
15:25:25 [TRACE] (1) eframe::native::run: [C:\Users\darkm\.cargo\registry\src\index.crates.io-6f17d22bba15001f\eframe-0.22.0\src\native\run.rs:221] request_redraw
15:25:25 [INFO] eframe update fn running...
15:25:25 [TRACE] (1) eframe::native::run::glow_integration: [C:\Users\darkm\.cargo\registry\src\index.crates.io-6f17d22bba15001f\eframe-0.22.0\src\native\run.rs:734] request_repaint_callback: RequestRepaintInfo { after: 0ns, current_frame_nr: 19 }
15:25:25 [TRACE] (1) eframe::native::run: [C:\Users\darkm\.cargo\registry\src\index.crates.io-6f17d22bba15001f\eframe-0.22.0\src\native\run.rs:205] Repaint caused by winit::Event: RedrawEventsCleared
15:25:25 [TRACE] (1) eframe::native::run: [C:\Users\darkm\.cargo\registry\src\index.crates.io-6f17d22bba15001f\eframe-0.22.0\src\native\run.rs:221] request_redraw
15:25:25 [TRACE] (1) eframe::native::run: [C:\Users\darkm\.cargo\registry\src\index.crates.io-6f17d22bba15001f\eframe-0.22.0\src\native\run.rs:160] Got outdated UserEvent::RequestRepaint
15:25:25 [TRACE] (1) eframe::native::run: [C:\Users\darkm\.cargo\registry\src\index.crates.io-6f17d22bba15001f\eframe-0.22.0\src\native\run.rs:205] Repaint caused by winit::Event: WindowEvent { window_id: WindowId(WindowId(266618)), event: CursorMoved { device_id: DeviceId(DeviceId(0)), position: PhysicalPosition { x: 419.0, y: 511.0 }, modifiers: (empty) } }
15:25:25 [TRACE] (1) eframe::native::run: [C:\Users\darkm\.cargo\registry\src\index.crates.io-6f17d22bba15001f\eframe-0.22.0\src\native\run.rs:221] request_redraw
15:25:25 [TRACE] (1) eframe::native::run: [C:\Users\darkm\.cargo\registry\src\index.crates.io-6f17d22bba15001f\eframe-0.22.0\src\native\run.rs:205] Repaint caused by winit::Event: WindowEvent { window_id: WindowId(WindowId(266618)), event: CursorMoved { device_id: DeviceId(DeviceId(0)), position: PhysicalPosition { x: 419.0, y: 510.0 }, modifiers: (empty) } }
15:25:25 [TRACE] (1) eframe::native::run: [C:\Users\darkm\.cargo\registry\src\index.crates.io-6f17d22bba15001f\eframe-0.22.0\src\native\run.rs:221] request_redraw
15:25:25 [TRACE] (1) eframe::native::run: [C:\Users\darkm\.cargo\registry\src\index.crates.io-6f17d22bba15001f\eframe-0.22.0\src\native\run.rs:205] Repaint caused by winit::Event: WindowEvent { window_id: WindowId(WindowId(266618)), event: CursorMoved { device_id: DeviceId(DeviceId(0)), position: PhysicalPosition { x: 419.0, y: 509.0 }, modifiers: (empty) } }
15:25:25 [TRACE] (1) eframe::native::run: [C:\Users\darkm\.cargo\registry\src\index.crates.io-6f17d22bba15001f\eframe-0.22.0\src\native\run.rs:221] request_redraw
15:25:25 [TRACE] (1) eframe::native::run: [C:\Users\darkm\.cargo\registry\src\index.crates.io-6f17d22bba15001f\eframe-0.22.0\src\native\run.rs:205] Repaint caused by winit::Event: WindowEvent { window_id: WindowId(WindowId(266618)), event: CursorMoved { device_id: DeviceId(DeviceId(0)), position: PhysicalPosition { x: 418.0, y: 507.0 }, modifiers: (empty) } }
15:25:25 [TRACE] (1) eframe::native::run: [C:\Users\darkm\.cargo\registry\src\index.crates.io-6f17d22bba15001f\eframe-0.22.0\src\native\run.rs:221] request_redraw
15:25:25 [TRACE] (1) eframe::native::run: [C:\Users\darkm\.cargo\registry\src\index.crates.io-6f17d22bba15001f\eframe-0.22.0\src\native\run.rs:205] Repaint caused by winit::Event: WindowEvent { window_id: WindowId(WindowId(266618)), event: CursorMoved { device_id: DeviceId(DeviceId(0)), position: PhysicalPosition { x: 418.0, y: 506.0 }, modifiers: (empty) } }
15:25:25 [TRACE] (1) eframe::native::run: [C:\Users\darkm\.cargo\registry\src\index.crates.io-6f17d22bba15001f\eframe-0.22.0\src\native\run.rs:221] request_redraw
15:25:25 [INFO] eframe update fn running...
15:25:25 [TRACE] (1) eframe::native::run::glow_integration: [C:\Users\darkm\.cargo\registry\src\index.crates.io-6f17d22bba15001f\eframe-0.22.0\src\native\run.rs:734] request_repaint_callback: RequestRepaintInfo { after: 0ns, current_frame_nr: 20 }
15:25:25 [TRACE] (1) eframe::native::run: [C:\Users\darkm\.cargo\registry\src\index.crates.io-6f17d22bba15001f\eframe-0.22.0\src\native\run.rs:205] Repaint caused by winit::Event: RedrawEventsCleared
15:25:25 [TRACE] (1) eframe::native::run: [C:\Users\darkm\.cargo\registry\src\index.crates.io-6f17d22bba15001f\eframe-0.22.0\src\native\run.rs:221] request_redraw
15:25:25 [TRACE] (1) eframe::native::run: [C:\Users\darkm\.cargo\registry\src\index.crates.io-6f17d22bba15001f\eframe-0.22.0\src\native\run.rs:160] Got outdated UserEvent::RequestRepaint
15:25:25 [TRACE] (1) eframe::native::run: [C:\Users\darkm\.cargo\registry\src\index.crates.io-6f17d22bba15001f\eframe-0.22.0\src\native\run.rs:205] Repaint caused by winit::Event: WindowEvent { window_id: WindowId(WindowId(266618)), event: CursorMoved { device_id: DeviceId(DeviceId(0)), position: PhysicalPosition { x: 406.0, y: 481.0 }, modifiers: (empty) } }
15:25:25 [TRACE] (1) eframe::native::run: [C:\Users\darkm\.cargo\registry\src\index.crates.io-6f17d22bba15001f\eframe-0.22.0\src\native\run.rs:221] request_redraw
15:25:25 [INFO] eframe update fn running...
15:25:25 [TRACE] (1) eframe::native::run::glow_integration: [C:\Users\darkm\.cargo\registry\src\index.crates.io-6f17d22bba15001f\eframe-0.22.0\src\native\run.rs:734] request_repaint_callback: RequestRepaintInfo { after: 0ns, current_frame_nr: 21 }
15:25:25 [TRACE] (1) eframe::native::run: [C:\Users\darkm\.cargo\registry\src\index.crates.io-6f17d22bba15001f\eframe-0.22.0\src\native\run.rs:205] Repaint caused by winit::Event: RedrawEventsCleared
15:25:25 [TRACE] (1) eframe::native::run: [C:\Users\darkm\.cargo\registry\src\index.crates.io-6f17d22bba15001f\eframe-0.22.0\src\native\run.rs:221] request_redraw
15:25:25 [TRACE] (1) eframe::native::run: [C:\Users\darkm\.cargo\registry\src\index.crates.io-6f17d22bba15001f\eframe-0.22.0\src\native\run.rs:160] Got outdated UserEvent::RequestRepaint
15:25:25 [TRACE] (1) eframe::native::run: [C:\Users\darkm\.cargo\registry\src\index.crates.io-6f17d22bba15001f\eframe-0.22.0\src\native\run.rs:205] Repaint caused by winit::Event: WindowEvent { window_id: WindowId(WindowId(266618)), event: CursorMoved { device_id: DeviceId(DeviceId(0)), position: PhysicalPosition { x: 394.0, y: 454.0 }, modifiers: (empty) } }
15:25:25 [TRACE] (1) eframe::native::run: [C:\Users\darkm\.cargo\registry\src\index.crates.io-6f17d22bba15001f\eframe-0.22.0\src\native\run.rs:221] request_redraw
15:25:25 [TRACE] (1) eframe::native::run: [C:\Users\darkm\.cargo\registry\src\index.crates.io-6f17d22bba15001f\eframe-0.22.0\src\native\run.rs:205] Repaint caused by winit::Event: WindowEvent { window_id: WindowId(WindowId(266618)), event: CursorMoved { device_id: DeviceId(DeviceId(0)), position: PhysicalPosition { x: 392.0, y: 452.0 }, modifiers: (empty) } }
15:25:25 [TRACE] (1) eframe::native::run: [C:\Users\darkm\.cargo\registry\src\index.crates.io-6f17d22bba15001f\eframe-0.22.0\src\native\run.rs:221] request_redraw
15:25:25 [INFO] eframe update fn running...
15:25:25 [TRACE] (1) eframe::native::run::glow_integration: [C:\Users\darkm\.cargo\registry\src\index.crates.io-6f17d22bba15001f\eframe-0.22.0\src\native\run.rs:734] request_repaint_callback: RequestRepaintInfo { after: 0ns, current_frame_nr: 22 }
15:25:25 [TRACE] (1) eframe::native::run: [C:\Users\darkm\.cargo\registry\src\index.crates.io-6f17d22bba15001f\eframe-0.22.0\src\native\run.rs:205] Repaint caused by winit::Event: RedrawEventsCleared
15:25:25 [TRACE] (1) eframe::native::run: [C:\Users\darkm\.cargo\registry\src\index.crates.io-6f17d22bba15001f\eframe-0.22.0\src\native\run.rs:221] request_redraw
15:25:25 [TRACE] (1) eframe::native::run: [C:\Users\darkm\.cargo\registry\src\index.crates.io-6f17d22bba15001f\eframe-0.22.0\src\native\run.rs:160] Got outdated UserEvent::RequestRepaint
15:25:25 [TRACE] (1) eframe::native::run: [C:\Users\darkm\.cargo\registry\src\index.crates.io-6f17d22bba15001f\eframe-0.22.0\src\native\run.rs:205] Repaint caused by winit::Event: WindowEvent { window_id: WindowId(WindowId(266618)), event: CursorMoved { device_id: DeviceId(DeviceId(0)), position: PhysicalPosition { x: 380.0, y: 430.0 }, modifiers: (empty) } }
15:25:25 [TRACE] (1) eframe::native::run: [C:\Users\darkm\.cargo\registry\src\index.crates.io-6f17d22bba15001f\eframe-0.22.0\src\native\run.rs:221] request_redraw
15:25:25 [INFO] eframe update fn running...
15:25:25 [TRACE] (1) eframe::native::run::glow_integration: [C:\Users\darkm\.cargo\registry\src\index.crates.io-6f17d22bba15001f\eframe-0.22.0\src\native\run.rs:734] request_repaint_callback: RequestRepaintInfo { after: 0ns, current_frame_nr: 23 }
15:25:25 [TRACE] (1) eframe::native::run: [C:\Users\darkm\.cargo\registry\src\index.crates.io-6f17d22bba15001f\eframe-0.22.0\src\native\run.rs:205] Repaint caused by winit::Event: RedrawEventsCleared
15:25:25 [TRACE] (1) eframe::native::run: [C:\Users\darkm\.cargo\registry\src\index.crates.io-6f17d22bba15001f\eframe-0.22.0\src\native\run.rs:221] request_redraw
15:25:25 [TRACE] (1) eframe::native::run: [C:\Users\darkm\.cargo\registry\src\index.crates.io-6f17d22bba15001f\eframe-0.22.0\src\native\run.rs:160] Got outdated UserEvent::RequestRepaint
15:25:25 [TRACE] (1) eframe::native::run: [C:\Users\darkm\.cargo\registry\src\index.crates.io-6f17d22bba15001f\eframe-0.22.0\src\native\run.rs:205] Repaint caused by winit::Event: WindowEvent { window_id: WindowId(WindowId(266618)), event: CursorMoved { device_id: DeviceId(DeviceId(0)), position: PhysicalPosition { x: 366.0, y: 408.0 }, modifiers: (empty) } }
15:25:25 [TRACE] (1) eframe::native::run: [C:\Users\darkm\.cargo\registry\src\index.crates.io-6f17d22bba15001f\eframe-0.22.0\src\native\run.rs:221] request_redraw
15:25:25 [TRACE] (1) eframe::native::run: [C:\Users\darkm\.cargo\registry\src\index.crates.io-6f17d22bba15001f\eframe-0.22.0\src\native\run.rs:205] Repaint caused by winit::Event: WindowEvent { window_id: WindowId(WindowId(266618)), event: CursorMoved { device_id: DeviceId(DeviceId(0)), position: PhysicalPosition { x: 365.0, y: 407.0 }, modifiers: (empty) } }
15:25:25 [TRACE] (1) eframe::native::run: [C:\Users\darkm\.cargo\registry\src\index.crates.io-6f17d22bba15001f\eframe-0.22.0\src\native\run.rs:221] request_redraw
15:25:25 [TRACE] (1) eframe::native::run: [C:\Users\darkm\.cargo\registry\src\index.crates.io-6f17d22bba15001f\eframe-0.22.0\src\native\run.rs:205] Repaint caused by winit::Event: WindowEvent { window_id: WindowId(WindowId(266618)), event: CursorMoved { device_id: DeviceId(DeviceId(0)), position: PhysicalPosition { x: 364.0, y: 406.0 }, modifiers: (empty) } }
15:25:25 [TRACE] (1) eframe::native::run: [C:\Users\darkm\.cargo\registry\src\index.crates.io-6f17d22bba15001f\eframe-0.22.0\src\native\run.rs:221] request_redraw
15:25:25 [INFO] eframe update fn running...
15:25:25 [TRACE] (1) eframe::native::run::glow_integration: [C:\Users\darkm\.cargo\registry\src\index.crates.io-6f17d22bba15001f\eframe-0.22.0\src\native\run.rs:734] request_repaint_callback: RequestRepaintInfo { after: 0ns, current_frame_nr: 24 }
15:25:25 [TRACE] (1) eframe::native::run: [C:\Users\darkm\.cargo\registry\src\index.crates.io-6f17d22bba15001f\eframe-0.22.0\src\native\run.rs:205] Repaint caused by winit::Event: RedrawEventsCleared
15:25:25 [TRACE] (1) eframe::native::run: [C:\Users\darkm\.cargo\registry\src\index.crates.io-6f17d22bba15001f\eframe-0.22.0\src\native\run.rs:221] request_redraw
15:25:25 [TRACE] (1) eframe::native::run: [C:\Users\darkm\.cargo\registry\src\index.crates.io-6f17d22bba15001f\eframe-0.22.0\src\native\run.rs:160] Got outdated UserEvent::RequestRepaint
15:25:25 [TRACE] (1) eframe::native::run: [C:\Users\darkm\.cargo\registry\src\index.crates.io-6f17d22bba15001f\eframe-0.22.0\src\native\run.rs:205] Repaint caused by winit::Event: WindowEvent { window_id: WindowId(WindowId(266618)), event: CursorMoved { device_id: DeviceId(DeviceId(0)), position: PhysicalPosition { x: 351.0, y: 388.0 }, modifiers: (empty) } }
15:25:25 [TRACE] (1) eframe::native::run: [C:\Users\darkm\.cargo\registry\src\index.crates.io-6f17d22bba15001f\eframe-0.22.0\src\native\run.rs:221] request_redraw
15:25:25 [TRACE] (1) eframe::native::run: [C:\Users\darkm\.cargo\registry\src\index.crates.io-6f17d22bba15001f\eframe-0.22.0\src\native\run.rs:205] Repaint caused by winit::Event: WindowEvent { window_id: WindowId(WindowId(266618)), event: CursorMoved { device_id: DeviceId(DeviceId(0)), position: PhysicalPosition { x: 350.0, y: 386.0 }, modifiers: (empty) } }
15:25:25 [TRACE] (1) eframe::native::run: [C:\Users\darkm\.cargo\registry\src\index.crates.io-6f17d22bba15001f\eframe-0.22.0\src\native\run.rs:221] request_redraw
15:25:25 [TRACE] (1) eframe::native::run: [C:\Users\darkm\.cargo\registry\src\index.crates.io-6f17d22bba15001f\eframe-0.22.0\src\native\run.rs:205] Repaint caused by winit::Event: WindowEvent { window_id: WindowId(WindowId(266618)), event: CursorMoved { device_id: DeviceId(DeviceId(0)), position: PhysicalPosition { x: 349.0, y: 386.0 }, modifiers: (empty) } }
15:25:25 [TRACE] (1) eframe::native::run: [C:\Users\darkm\.cargo\registry\src\index.crates.io-6f17d22bba15001f\eframe-0.22.0\src\native\run.rs:221] request_redraw
15:25:25 [TRACE] (1) eframe::native::run: [C:\Users\darkm\.cargo\registry\src\index.crates.io-6f17d22bba15001f\eframe-0.22.0\src\native\run.rs:205] Repaint caused by winit::Event: WindowEvent { window_id: WindowId(WindowId(266618)), event: CursorMoved { device_id: DeviceId(DeviceId(0)), position: PhysicalPosition { x: 348.0, y: 385.0 }, modifiers: (empty) } }
15:25:25 [TRACE] (1) eframe::native::run: [C:\Users\darkm\.cargo\registry\src\index.crates.io-6f17d22bba15001f\eframe-0.22.0\src\native\run.rs:221] request_redraw
15:25:25 [INFO] eframe update fn running...
15:25:25 [TRACE] (1) eframe::native::run::glow_integration: [C:\Users\darkm\.cargo\registry\src\index.crates.io-6f17d22bba15001f\eframe-0.22.0\src\native\run.rs:734] request_repaint_callback: RequestRepaintInfo { after: 0ns, current_frame_nr: 25 }
15:25:25 [TRACE] (1) eframe::native::run: [C:\Users\darkm\.cargo\registry\src\index.crates.io-6f17d22bba15001f\eframe-0.22.0\src\native\run.rs:205] Repaint caused by winit::Event: RedrawEventsCleared
15:25:25 [TRACE] (1) eframe::native::run: [C:\Users\darkm\.cargo\registry\src\index.crates.io-6f17d22bba15001f\eframe-0.22.0\src\native\run.rs:221] request_redraw
15:25:25 [TRACE] (1) eframe::native::run: [C:\Users\darkm\.cargo\registry\src\index.crates.io-6f17d22bba15001f\eframe-0.22.0\src\native\run.rs:160] Got outdated UserEvent::RequestRepaint
15:25:25 [TRACE] (1) eframe::native::run: [C:\Users\darkm\.cargo\registry\src\index.crates.io-6f17d22bba15001f\eframe-0.22.0\src\native\run.rs:205] Repaint caused by winit::Event: WindowEvent { window_id: WindowId(WindowId(266618)), event: CursorMoved { device_id: DeviceId(DeviceId(0)), position: PhysicalPosition { x: 335.0, y: 368.0 }, modifiers: (empty) } }
15:25:25 [TRACE] (1) eframe::native::run: [C:\Users\darkm\.cargo\registry\src\index.crates.io-6f17d22bba15001f\eframe-0.22.0\src\native\run.rs:221] request_redraw
15:25:25 [TRACE] (1) eframe::native::run: [C:\Users\darkm\.cargo\registry\src\index.crates.io-6f17d22bba15001f\eframe-0.22.0\src\native\run.rs:205] Repaint caused by winit::Event: WindowEvent { window_id: WindowId(WindowId(266618)), event: CursorMoved { device_id: DeviceId(DeviceId(0)), position: PhysicalPosition { x: 334.0, y: 367.0 }, modifiers: (empty) } }
15:25:25 [TRACE] (1) eframe::native::run: [C:\Users\darkm\.cargo\registry\src\index.crates.io-6f17d22bba15001f\eframe-0.22.0\src\native\run.rs:221] request_redraw
15:25:25 [TRACE] (1) eframe::native::run: [C:\Users\darkm\.cargo\registry\src\index.crates.io-6f17d22bba15001f\eframe-0.22.0\src\native\run.rs:205] Repaint caused by winit::Event: WindowEvent { window_id: WindowId(WindowId(266618)), event: CursorMoved { device_id: DeviceId(DeviceId(0)), position: PhysicalPosition { x: 334.0, y: 366.0 }, modifiers: (empty) } }
15:25:25 [TRACE] (1) eframe::native::run: [C:\Users\darkm\.cargo\registry\src\index.crates.io-6f17d22bba15001f\eframe-0.22.0\src\native\run.rs:221] request_redraw
15:25:25 [INFO] eframe update fn running...
15:25:25 [TRACE] (1) eframe::native::run::glow_integration: [C:\Users\darkm\.cargo\registry\src\index.crates.io-6f17d22bba15001f\eframe-0.22.0\src\native\run.rs:734] request_repaint_callback: RequestRepaintInfo { after: 0ns, current_frame_nr: 26 }
15:25:25 [TRACE] (1) eframe::native::run: [C:\Users\darkm\.cargo\registry\src\index.crates.io-6f17d22bba15001f\eframe-0.22.0\src\native\run.rs:205] Repaint caused by winit::Event: RedrawEventsCleared
15:25:25 [TRACE] (1) eframe::native::run: [C:\Users\darkm\.cargo\registry\src\index.crates.io-6f17d22bba15001f\eframe-0.22.0\src\native\run.rs:221] request_redraw
15:25:25 [TRACE] (1) eframe::native::run: [C:\Users\darkm\.cargo\registry\src\index.crates.io-6f17d22bba15001f\eframe-0.22.0\src\native\run.rs:160] Got outdated UserEvent::RequestRepaint
15:25:25 [TRACE] (1) eframe::native::run: [C:\Users\darkm\.cargo\registry\src\index.crates.io-6f17d22bba15001f\eframe-0.22.0\src\native\run.rs:205] Repaint caused by winit::Event: WindowEvent { window_id: WindowId(WindowId(266618)), event: CursorMoved { device_id: DeviceId(DeviceId(0)), position: PhysicalPosition { x: 321.0, y: 349.0 }, modifiers: (empty) } }
15:25:25 [TRACE] (1) eframe::native::run: [C:\Users\darkm\.cargo\registry\src\index.crates.io-6f17d22bba15001f\eframe-0.22.0\src\native\run.rs:221] request_redraw
15:25:25 [TRACE] (1) eframe::native::run: [C:\Users\darkm\.cargo\registry\src\index.crates.io-6f17d22bba15001f\eframe-0.22.0\src\native\run.rs:205] Repaint caused by winit::Event: WindowEvent { window_id: WindowId(WindowId(266618)), event: CursorMoved { device_id: DeviceId(DeviceId(0)), position: PhysicalPosition { x: 320.0, y: 349.0 }, modifiers: (empty) } }
15:25:25 [TRACE] (1) eframe::native::run: [C:\Users\darkm\.cargo\registry\src\index.crates.io-6f17d22bba15001f\eframe-0.22.0\src\native\run.rs:221] request_redraw
15:25:25 [TRACE] (1) eframe::native::run: [C:\Users\darkm\.cargo\registry\src\index.crates.io-6f17d22bba15001f\eframe-0.22.0\src\native\run.rs:205] Repaint caused by winit::Event: WindowEvent { window_id: WindowId(WindowId(266618)), event: CursorMoved { device_id: DeviceId(DeviceId(0)), position: PhysicalPosition { x: 319.0, y: 347.0 }, modifiers: (empty) } }
15:25:25 [TRACE] (1) eframe::native::run: [C:\Users\darkm\.cargo\registry\src\index.crates.io-6f17d22bba15001f\eframe-0.22.0\src\native\run.rs:221] request_redraw
15:25:25 [INFO] eframe update fn running...
15:25:25 [TRACE] (1) eframe::native::run::glow_integration: [C:\Users\darkm\.cargo\registry\src\index.crates.io-6f17d22bba15001f\eframe-0.22.0\src\native\run.rs:734] request_repaint_callback: RequestRepaintInfo { after: 0ns, current_frame_nr: 27 }
15:25:25 [TRACE] (1) eframe::native::run: [C:\Users\darkm\.cargo\registry\src\index.crates.io-6f17d22bba15001f\eframe-0.22.0\src\native\run.rs:205] Repaint caused by winit::Event: RedrawEventsCleared
15:25:25 [TRACE] (1) eframe::native::run: [C:\Users\darkm\.cargo\registry\src\index.crates.io-6f17d22bba15001f\eframe-0.22.0\src\native\run.rs:221] request_redraw
15:25:25 [TRACE] (1) eframe::native::run: [C:\Users\darkm\.cargo\registry\src\index.crates.io-6f17d22bba15001f\eframe-0.22.0\src\native\run.rs:160] Got outdated UserEvent::RequestRepaint
15:25:25 [TRACE] (1) eframe::native::run: [C:\Users\darkm\.cargo\registry\src\index.crates.io-6f17d22bba15001f\eframe-0.22.0\src\native\run.rs:205] Repaint caused by winit::Event: WindowEvent { window_id: WindowId(WindowId(266618)), event: CursorMoved { device_id: DeviceId(DeviceId(0)), position: PhysicalPosition { x: 306.0, y: 327.0 }, modifiers: (empty) } }
15:25:25 [TRACE] (1) eframe::native::run: [C:\Users\darkm\.cargo\registry\src\index.crates.io-6f17d22bba15001f\eframe-0.22.0\src\native\run.rs:221] request_redraw
15:25:25 [INFO] eframe update fn running...
15:25:25 [TRACE] (1) eframe::native::run::glow_integration: [C:\Users\darkm\.cargo\registry\src\index.crates.io-6f17d22bba15001f\eframe-0.22.0\src\native\run.rs:734] request_repaint_callback: RequestRepaintInfo { after: 0ns, current_frame_nr: 28 }
15:25:25 [TRACE] (1) eframe::native::run: [C:\Users\darkm\.cargo\registry\src\index.crates.io-6f17d22bba15001f\eframe-0.22.0\src\native\run.rs:205] Repaint caused by winit::Event: RedrawEventsCleared
15:25:25 [TRACE] (1) eframe::native::run: [C:\Users\darkm\.cargo\registry\src\index.crates.io-6f17d22bba15001f\eframe-0.22.0\src\native\run.rs:221] request_redraw
15:25:25 [TRACE] (1) eframe::native::run: [C:\Users\darkm\.cargo\registry\src\index.crates.io-6f17d22bba15001f\eframe-0.22.0\src\native\run.rs:160] Got outdated UserEvent::RequestRepaint
15:25:25 [TRACE] (1) eframe::native::run: [C:\Users\darkm\.cargo\registry\src\index.crates.io-6f17d22bba15001f\eframe-0.22.0\src\native\run.rs:205] Repaint caused by winit::Event: WindowEvent { window_id: WindowId(WindowId(266618)), event: CursorMoved { device_id: DeviceId(DeviceId(0)), position: PhysicalPosition { x: 291.0, y: 303.0 }, modifiers: (empty) } }
15:25:25 [TRACE] (1) eframe::native::run: [C:\Users\darkm\.cargo\registry\src\index.crates.io-6f17d22bba15001f\eframe-0.22.0\src\native\run.rs:221] request_redraw
15:25:25 [TRACE] (1) eframe::native::run: [C:\Users\darkm\.cargo\registry\src\index.crates.io-6f17d22bba15001f\eframe-0.22.0\src\native\run.rs:205] Repaint caused by winit::Event: WindowEvent { window_id: WindowId(WindowId(266618)), event: CursorMoved { device_id: DeviceId(DeviceId(0)), position: PhysicalPosition { x: 290.0, y: 302.0 }, modifiers: (empty) } }
15:25:25 [TRACE] (1) eframe::native::run: [C:\Users\darkm\.cargo\registry\src\index.crates.io-6f17d22bba15001f\eframe-0.22.0\src\native\run.rs:221] request_redraw
15:25:25 [TRACE] (1) eframe::native::run: [C:\Users\darkm\.cargo\registry\src\index.crates.io-6f17d22bba15001f\eframe-0.22.0\src\native\run.rs:205] Repaint caused by winit::Event: WindowEvent { window_id: WindowId(WindowId(266618)), event: CursorMoved { device_id: DeviceId(DeviceId(0)), position: PhysicalPosition { x: 290.0, y: 301.0 }, modifiers: (empty) } }
15:25:25 [TRACE] (1) eframe::native::run: [C:\Users\darkm\.cargo\registry\src\index.crates.io-6f17d22bba15001f\eframe-0.22.0\src\native\run.rs:221] request_redraw
15:25:25 [INFO] eframe update fn running...
15:25:25 [TRACE] (1) eframe::native::run::glow_integration: [C:\Users\darkm\.cargo\registry\src\index.crates.io-6f17d22bba15001f\eframe-0.22.0\src\native\run.rs:734] request_repaint_callback: RequestRepaintInfo { after: 0ns, current_frame_nr: 29 }
15:25:25 [TRACE] (1) eframe::native::run: [C:\Users\darkm\.cargo\registry\src\index.crates.io-6f17d22bba15001f\eframe-0.22.0\src\native\run.rs:205] Repaint caused by winit::Event: RedrawEventsCleared
15:25:25 [TRACE] (1) eframe::native::run: [C:\Users\darkm\.cargo\registry\src\index.crates.io-6f17d22bba15001f\eframe-0.22.0\src\native\run.rs:221] request_redraw
15:25:25 [TRACE] (1) eframe::native::run: [C:\Users\darkm\.cargo\registry\src\index.crates.io-6f17d22bba15001f\eframe-0.22.0\src\native\run.rs:160] Got outdated UserEvent::RequestRepaint
15:25:25 [TRACE] (1) eframe::native::run: [C:\Users\darkm\.cargo\registry\src\index.crates.io-6f17d22bba15001f\eframe-0.22.0\src\native\run.rs:205] Repaint caused by winit::Event: WindowEvent { window_id: WindowId(WindowId(266618)), event: CursorMoved { device_id: DeviceId(DeviceId(0)), position: PhysicalPosition { x: 272.0, y: 275.0 }, modifiers: (empty) } }
15:25:25 [TRACE] (1) eframe::native::run: [C:\Users\darkm\.cargo\registry\src\index.crates.io-6f17d22bba15001f\eframe-0.22.0\src\native\run.rs:221] request_redraw
15:25:25 [TRACE] (1) eframe::native::run: [C:\Users\darkm\.cargo\registry\src\index.crates.io-6f17d22bba15001f\eframe-0.22.0\src\native\run.rs:205] Repaint caused by winit::Event: WindowEvent { window_id: WindowId(WindowId(266618)), event: CursorMoved { device_id: DeviceId(DeviceId(0)), position: PhysicalPosition { x: 271.0, y: 274.0 }, modifiers: (empty) } }
15:25:25 [TRACE] (1) eframe::native::run: [C:\Users\darkm\.cargo\registry\src\index.crates.io-6f17d22bba15001f\eframe-0.22.0\src\native\run.rs:221] request_redraw
15:25:25 [INFO] eframe update fn running...
15:25:25 [TRACE] (1) eframe::native::run::glow_integration: [C:\Users\darkm\.cargo\registry\src\index.crates.io-6f17d22bba15001f\eframe-0.22.0\src\native\run.rs:734] request_repaint_callback: RequestRepaintInfo { after: 0ns, current_frame_nr: 30 }
15:25:25 [TRACE] (1) eframe::native::run: [C:\Users\darkm\.cargo\registry\src\index.crates.io-6f17d22bba15001f\eframe-0.22.0\src\native\run.rs:205] Repaint caused by winit::Event: RedrawEventsCleared
15:25:25 [TRACE] (1) eframe::native::run: [C:\Users\darkm\.cargo\registry\src\index.crates.io-6f17d22bba15001f\eframe-0.22.0\src\native\run.rs:221] request_redraw
15:25:25 [TRACE] (1) eframe::native::run: [C:\Users\darkm\.cargo\registry\src\index.crates.io-6f17d22bba15001f\eframe-0.22.0\src\native\run.rs:160] Got outdated UserEvent::RequestRepaint
15:25:25 [TRACE] (1) eframe::native::run: [C:\Users\darkm\.cargo\registry\src\index.crates.io-6f17d22bba15001f\eframe-0.22.0\src\native\run.rs:205] Repaint caused by winit::Event: WindowEvent { window_id: WindowId(WindowId(266618)), event: CursorMoved { device_id: DeviceId(DeviceId(0)), position: PhysicalPosition { x: 253.0, y: 254.0 }, modifiers: (empty) } }
15:25:25 [TRACE] (1) eframe::native::run: [C:\Users\darkm\.cargo\registry\src\index.crates.io-6f17d22bba15001f\eframe-0.22.0\src\native\run.rs:221] request_redraw
15:25:25 [TRACE] (1) eframe::native::run: [C:\Users\darkm\.cargo\registry\src\index.crates.io-6f17d22bba15001f\eframe-0.22.0\src\native\run.rs:205] Repaint caused by winit::Event: WindowEvent { window_id: WindowId(WindowId(266618)), event: CursorMoved { device_id: DeviceId(DeviceId(0)), position: PhysicalPosition { x: 253.0, y: 252.0 }, modifiers: (empty) } }
15:25:25 [TRACE] (1) eframe::native::run: [C:\Users\darkm\.cargo\registry\src\index.crates.io-6f17d22bba15001f\eframe-0.22.0\src\native\run.rs:221] request_redraw
15:25:25 [TRACE] (1) eframe::native::run: [C:\Users\darkm\.cargo\registry\src\index.crates.io-6f17d22bba15001f\eframe-0.22.0\src\native\run.rs:205] Repaint caused by winit::Event: WindowEvent { window_id: WindowId(WindowId(266618)), event: CursorMoved { device_id: DeviceId(DeviceId(0)), position: PhysicalPosition { x: 251.0, y: 251.0 }, modifiers: (empty) } }
15:25:25 [TRACE] (1) eframe::native::run: [C:\Users\darkm\.cargo\registry\src\index.crates.io-6f17d22bba15001f\eframe-0.22.0\src\native\run.rs:221] request_redraw
15:25:25 [INFO] eframe update fn running...
15:25:25 [TRACE] (1) eframe::native::run::glow_integration: [C:\Users\darkm\.cargo\registry\src\index.crates.io-6f17d22bba15001f\eframe-0.22.0\src\native\run.rs:734] request_repaint_callback: RequestRepaintInfo { after: 0ns, current_frame_nr: 31 }
15:25:25 [TRACE] (1) eframe::native::run: [C:\Users\darkm\.cargo\registry\src\index.crates.io-6f17d22bba15001f\eframe-0.22.0\src\native\run.rs:205] Repaint caused by winit::Event: RedrawEventsCleared
15:25:25 [TRACE] (1) eframe::native::run: [C:\Users\darkm\.cargo\registry\src\index.crates.io-6f17d22bba15001f\eframe-0.22.0\src\native\run.rs:221] request_redraw
15:25:25 [TRACE] (1) eframe::native::run: [C:\Users\darkm\.cargo\registry\src\index.crates.io-6f17d22bba15001f\eframe-0.22.0\src\native\run.rs:160] Got outdated UserEvent::RequestRepaint
15:25:25 [TRACE] (1) eframe::native::run: [C:\Users\darkm\.cargo\registry\src\index.crates.io-6f17d22bba15001f\eframe-0.22.0\src\native\run.rs:205] Repaint caused by winit::Event: WindowEvent { window_id: WindowId(WindowId(266618)), event: CursorMoved { device_id: DeviceId(DeviceId(0)), position: PhysicalPosition { x: 234.0, y: 235.0 }, modifiers: (empty) } }
15:25:25 [TRACE] (1) eframe::native::run: [C:\Users\darkm\.cargo\registry\src\index.crates.io-6f17d22bba15001f\eframe-0.22.0\src\native\run.rs:221] request_redraw
15:25:25 [INFO] eframe update fn running...
15:25:25 [TRACE] (1) eframe::native::run::glow_integration: [C:\Users\darkm\.cargo\registry\src\index.crates.io-6f17d22bba15001f\eframe-0.22.0\src\native\run.rs:734] request_repaint_callback: RequestRepaintInfo { after: 0ns, current_frame_nr: 32 }
15:25:25 [TRACE] (1) eframe::native::run: [C:\Users\darkm\.cargo\registry\src\index.crates.io-6f17d22bba15001f\eframe-0.22.0\src\native\run.rs:205] Repaint caused by winit::Event: RedrawEventsCleared
15:25:25 [TRACE] (1) eframe::native::run: [C:\Users\darkm\.cargo\registry\src\index.crates.io-6f17d22bba15001f\eframe-0.22.0\src\native\run.rs:221] request_redraw
15:25:25 [TRACE] (1) eframe::native::run: [C:\Users\darkm\.cargo\registry\src\index.crates.io-6f17d22bba15001f\eframe-0.22.0\src\native\run.rs:160] Got outdated UserEvent::RequestRepaint
15:25:25 [TRACE] (1) eframe::native::run: [C:\Users\darkm\.cargo\registry\src\index.crates.io-6f17d22bba15001f\eframe-0.22.0\src\native\run.rs:205] Repaint caused by winit::Event: WindowEvent { window_id: WindowId(WindowId(266618)), event: CursorMoved { device_id: DeviceId(DeviceId(0)), position: PhysicalPosition { x: 224.0, y: 223.0 }, modifiers: (empty) } }
15:25:25 [TRACE] (1) eframe::native::run: [C:\Users\darkm\.cargo\registry\src\index.crates.io-6f17d22bba15001f\eframe-0.22.0\src\native\run.rs:221] request_redraw
15:25:25 [TRACE] (1) eframe::native::run: [C:\Users\darkm\.cargo\registry\src\index.crates.io-6f17d22bba15001f\eframe-0.22.0\src\native\run.rs:205] Repaint caused by winit::Event: WindowEvent { window_id: WindowId(WindowId(266618)), event: CursorMoved { device_id: DeviceId(DeviceId(0)), position: PhysicalPosition { x: 223.0, y: 223.0 }, modifiers: (empty) } }
15:25:25 [TRACE] (1) eframe::native::run: [C:\Users\darkm\.cargo\registry\src\index.crates.io-6f17d22bba15001f\eframe-0.22.0\src\native\run.rs:221] request_redraw
15:25:25 [INFO] eframe update fn running...
15:25:25 [TRACE] (1) eframe::native::run::glow_integration: [C:\Users\darkm\.cargo\registry\src\index.crates.io-6f17d22bba15001f\eframe-0.22.0\src\native\run.rs:734] request_repaint_callback: RequestRepaintInfo { after: 0ns, current_frame_nr: 33 }
15:25:25 [TRACE] (1) eframe::native::run: [C:\Users\darkm\.cargo\registry\src\index.crates.io-6f17d22bba15001f\eframe-0.22.0\src\native\run.rs:205] Repaint caused by winit::Event: RedrawEventsCleared
15:25:25 [TRACE] (1) eframe::native::run: [C:\Users\darkm\.cargo\registry\src\index.crates.io-6f17d22bba15001f\eframe-0.22.0\src\native\run.rs:221] request_redraw
15:25:25 [TRACE] (1) eframe::native::run: [C:\Users\darkm\.cargo\registry\src\index.crates.io-6f17d22bba15001f\eframe-0.22.0\src\native\run.rs:160] Got outdated UserEvent::RequestRepaint
15:25:25 [TRACE] (1) eframe::native::run: [C:\Users\darkm\.cargo\registry\src\index.crates.io-6f17d22bba15001f\eframe-0.22.0\src\native\run.rs:205] Repaint caused by winit::Event: WindowEvent { window_id: WindowId(WindowId(266618)), event: CursorMoved { device_id: DeviceId(DeviceId(0)), position: PhysicalPosition { x: 215.0, y: 213.0 }, modifiers: (empty) } }
15:25:25 [TRACE] (1) eframe::native::run: [C:\Users\darkm\.cargo\registry\src\index.crates.io-6f17d22bba15001f\eframe-0.22.0\src\native\run.rs:221] request_redraw
15:25:25 [INFO] eframe update fn running...
15:25:25 [TRACE] (1) eframe::native::run::glow_integration: [C:\Users\darkm\.cargo\registry\src\index.crates.io-6f17d22bba15001f\eframe-0.22.0\src\native\run.rs:734] request_repaint_callback: RequestRepaintInfo { after: 0ns, current_frame_nr: 34 }
15:25:25 [TRACE] (1) eframe::native::run: [C:\Users\darkm\.cargo\registry\src\index.crates.io-6f17d22bba15001f\eframe-0.22.0\src\native\run.rs:205] Repaint caused by winit::Event: RedrawEventsCleared
15:25:25 [TRACE] (1) eframe::native::run: [C:\Users\darkm\.cargo\registry\src\index.crates.io-6f17d22bba15001f\eframe-0.22.0\src\native\run.rs:221] request_redraw
15:25:25 [TRACE] (1) eframe::native::run: [C:\Users\darkm\.cargo\registry\src\index.crates.io-6f17d22bba15001f\eframe-0.22.0\src\native\run.rs:160] Got outdated UserEvent::RequestRepaint
15:25:25 [TRACE] (1) eframe::native::run: [C:\Users\darkm\.cargo\registry\src\index.crates.io-6f17d22bba15001f\eframe-0.22.0\src\native\run.rs:205] Repaint caused by winit::Event: WindowEvent { window_id: WindowId(WindowId(266618)), event: CursorMoved { device_id: DeviceId(DeviceId(0)), position: PhysicalPosition { x: 210.0, y: 206.0 }, modifiers: (empty) } }
15:25:25 [TRACE] (1) eframe::native::run: [C:\Users\darkm\.cargo\registry\src\index.crates.io-6f17d22bba15001f\eframe-0.22.0\src\native\run.rs:221] request_redraw
15:25:25 [TRACE] (1) eframe::native::run: [C:\Users\darkm\.cargo\registry\src\index.crates.io-6f17d22bba15001f\eframe-0.22.0\src\native\run.rs:205] Repaint caused by winit::Event: WindowEvent { window_id: WindowId(WindowId(266618)), event: CursorMoved { device_id: DeviceId(DeviceId(0)), position: PhysicalPosition { x: 209.0, y: 205.0 }, modifiers: (empty) } }
15:25:25 [TRACE] (1) eframe::native::run: [C:\Users\darkm\.cargo\registry\src\index.crates.io-6f17d22bba15001f\eframe-0.22.0\src\native\run.rs:221] request_redraw
15:25:25 [INFO] eframe update fn running...
15:25:25 [TRACE] (1) eframe::native::run::glow_integration: [C:\Users\darkm\.cargo\registry\src\index.crates.io-6f17d22bba15001f\eframe-0.22.0\src\native\run.rs:734] request_repaint_callback: RequestRepaintInfo { after: 0ns, current_frame_nr: 35 }
15:25:25 [TRACE] (1) eframe::native::run: [C:\Users\darkm\.cargo\registry\src\index.crates.io-6f17d22bba15001f\eframe-0.22.0\src\native\run.rs:205] Repaint caused by winit::Event: RedrawEventsCleared
15:25:25 [TRACE] (1) eframe::native::run: [C:\Users\darkm\.cargo\registry\src\index.crates.io-6f17d22bba15001f\eframe-0.22.0\src\native\run.rs:221] request_redraw
15:25:25 [TRACE] (1) eframe::native::run: [C:\Users\darkm\.cargo\registry\src\index.crates.io-6f17d22bba15001f\eframe-0.22.0\src\native\run.rs:160] Got outdated UserEvent::RequestRepaint
15:25:25 [TRACE] (1) eframe::native::run: [C:\Users\darkm\.cargo\registry\src\index.crates.io-6f17d22bba15001f\eframe-0.22.0\src\native\run.rs:205] Repaint caused by winit::Event: WindowEvent { window_id: WindowId(WindowId(266618)), event: CursorMoved { device_id: DeviceId(DeviceId(0)), position: PhysicalPosition { x: 204.0, y: 197.0 }, modifiers: (empty) } }
15:25:25 [TRACE] (1) eframe::native::run: [C:\Users\darkm\.cargo\registry\src\index.crates.io-6f17d22bba15001f\eframe-0.22.0\src\native\run.rs:221] request_redraw
15:25:25 [INFO] eframe update fn running...
15:25:25 [TRACE] (1) eframe::native::run::glow_integration: [C:\Users\darkm\.cargo\registry\src\index.crates.io-6f17d22bba15001f\eframe-0.22.0\src\native\run.rs:734] request_repaint_callback: RequestRepaintInfo { after: 0ns, current_frame_nr: 36 }
15:25:25 [TRACE] (1) eframe::native::run: [C:\Users\darkm\.cargo\registry\src\index.crates.io-6f17d22bba15001f\eframe-0.22.0\src\native\run.rs:205] Repaint caused by winit::Event: RedrawEventsCleared
15:25:25 [TRACE] (1) eframe::native::run: [C:\Users\darkm\.cargo\registry\src\index.crates.io-6f17d22bba15001f\eframe-0.22.0\src\native\run.rs:221] request_redraw
15:25:25 [TRACE] (1) eframe::native::run: [C:\Users\darkm\.cargo\registry\src\index.crates.io-6f17d22bba15001f\eframe-0.22.0\src\native\run.rs:160] Got outdated UserEvent::RequestRepaint
15:25:25 [TRACE] (1) eframe::native::run: [C:\Users\darkm\.cargo\registry\src\index.crates.io-6f17d22bba15001f\eframe-0.22.0\src\native\run.rs:205] Repaint caused by winit::Event: WindowEvent { window_id: WindowId(WindowId(266618)), event: CursorMoved { device_id: DeviceId(DeviceId(0)), position: PhysicalPosition { x: 198.0, y: 190.0 }, modifiers: (empty) } }
15:25:25 [TRACE] (1) eframe::native::run: [C:\Users\darkm\.cargo\registry\src\index.crates.io-6f17d22bba15001f\eframe-0.22.0\src\native\run.rs:221] request_redraw
15:25:25 [TRACE] (1) eframe::native::run: [C:\Users\darkm\.cargo\registry\src\index.crates.io-6f17d22bba15001f\eframe-0.22.0\src\native\run.rs:205] Repaint caused by winit::Event: WindowEvent { window_id: WindowId(WindowId(266618)), event: CursorMoved { device_id: DeviceId(DeviceId(0)), position: PhysicalPosition { x: 198.0, y: 189.0 }, modifiers: (empty) } }
15:25:25 [TRACE] (1) eframe::native::run: [C:\Users\darkm\.cargo\registry\src\index.crates.io-6f17d22bba15001f\eframe-0.22.0\src\native\run.rs:221] request_redraw
15:25:25 [INFO] eframe update fn running...
15:25:25 [TRACE] (1) eframe::native::run::glow_integration: [C:\Users\darkm\.cargo\registry\src\index.crates.io-6f17d22bba15001f\eframe-0.22.0\src\native\run.rs:734] request_repaint_callback: RequestRepaintInfo { after: 0ns, current_frame_nr: 37 }
15:25:25 [TRACE] (1) eframe::native::run: [C:\Users\darkm\.cargo\registry\src\index.crates.io-6f17d22bba15001f\eframe-0.22.0\src\native\run.rs:205] Repaint caused by winit::Event: RedrawEventsCleared
15:25:25 [TRACE] (1) eframe::native::run: [C:\Users\darkm\.cargo\registry\src\index.crates.io-6f17d22bba15001f\eframe-0.22.0\src\native\run.rs:221] request_redraw
15:25:25 [TRACE] (1) eframe::native::run: [C:\Users\darkm\.cargo\registry\src\index.crates.io-6f17d22bba15001f\eframe-0.22.0\src\native\run.rs:160] Got outdated UserEvent::RequestRepaint
15:25:25 [TRACE] (1) eframe::native::run: [C:\Users\darkm\.cargo\registry\src\index.crates.io-6f17d22bba15001f\eframe-0.22.0\src\native\run.rs:205] Repaint caused by winit::Event: WindowEvent { window_id: WindowId(WindowId(266618)), event: CursorMoved { device_id: DeviceId(DeviceId(0)), position: PhysicalPosition { x: 192.0, y: 183.0 }, modifiers: (empty) } }
15:25:25 [TRACE] (1) eframe::native::run: [C:\Users\darkm\.cargo\registry\src\index.crates.io-6f17d22bba15001f\eframe-0.22.0\src\native\run.rs:221] request_redraw
15:25:25 [INFO] eframe update fn running...
15:25:25 [TRACE] (1) eframe::native::run::glow_integration: [C:\Users\darkm\.cargo\registry\src\index.crates.io-6f17d22bba15001f\eframe-0.22.0\src\native\run.rs:734] request_repaint_callback: RequestRepaintInfo { after: 0ns, current_frame_nr: 38 }
15:25:25 [TRACE] (1) eframe::native::run: [C:\Users\darkm\.cargo\registry\src\index.crates.io-6f17d22bba15001f\eframe-0.22.0\src\native\run.rs:205] Repaint caused by winit::Event: RedrawEventsCleared
15:25:25 [TRACE] (1) eframe::native::run: [C:\Users\darkm\.cargo\registry\src\index.crates.io-6f17d22bba15001f\eframe-0.22.0\src\native\run.rs:221] request_redraw
15:25:25 [TRACE] (1) eframe::native::run: [C:\Users\darkm\.cargo\registry\src\index.crates.io-6f17d22bba15001f\eframe-0.22.0\src\native\run.rs:160] Got outdated UserEvent::RequestRepaint
15:25:25 [TRACE] (1) eframe::native::run: [C:\Users\darkm\.cargo\registry\src\index.crates.io-6f17d22bba15001f\eframe-0.22.0\src\native\run.rs:205] Repaint caused by winit::Event: WindowEvent { window_id: WindowId(WindowId(266618)), event: CursorMoved { device_id: DeviceId(DeviceId(0)), position: PhysicalPosition { x: 186.0, y: 178.0 }, modifiers: (empty) } }
15:25:25 [TRACE] (1) eframe::native::run: [C:\Users\darkm\.cargo\registry\src\index.crates.io-6f17d22bba15001f\eframe-0.22.0\src\native\run.rs:221] request_redraw
15:25:25 [INFO] eframe update fn running...
15:25:25 [TRACE] (1) eframe::native::run::glow_integration: [C:\Users\darkm\.cargo\registry\src\index.crates.io-6f17d22bba15001f\eframe-0.22.0\src\native\run.rs:734] request_repaint_callback: RequestRepaintInfo { after: 0ns, current_frame_nr: 39 }
15:25:25 [TRACE] (1) eframe::native::run: [C:\Users\darkm\.cargo\registry\src\index.crates.io-6f17d22bba15001f\eframe-0.22.0\src\native\run.rs:205] Repaint caused by winit::Event: RedrawEventsCleared
15:25:25 [TRACE] (1) eframe::native::run: [C:\Users\darkm\.cargo\registry\src\index.crates.io-6f17d22bba15001f\eframe-0.22.0\src\native\run.rs:221] request_redraw
15:25:25 [TRACE] (1) eframe::native::run: [C:\Users\darkm\.cargo\registry\src\index.crates.io-6f17d22bba15001f\eframe-0.22.0\src\native\run.rs:160] Got outdated UserEvent::RequestRepaint
15:25:25 [TRACE] (1) eframe::native::run: [C:\Users\darkm\.cargo\registry\src\index.crates.io-6f17d22bba15001f\eframe-0.22.0\src\native\run.rs:205] Repaint caused by winit::Event: WindowEvent { window_id: WindowId(WindowId(266618)), event: CursorMoved { device_id: DeviceId(DeviceId(0)), position: PhysicalPosition { x: 182.0, y: 175.0 }, modifiers: (empty) } }
15:25:25 [TRACE] (1) eframe::native::run: [C:\Users\darkm\.cargo\registry\src\index.crates.io-6f17d22bba15001f\eframe-0.22.0\src\native\run.rs:221] request_redraw
15:25:25 [TRACE] (1) eframe::native::run: [C:\Users\darkm\.cargo\registry\src\index.crates.io-6f17d22bba15001f\eframe-0.22.0\src\native\run.rs:205] Repaint caused by winit::Event: WindowEvent { window_id: WindowId(WindowId(266618)), event: CursorMoved { device_id: DeviceId(DeviceId(0)), position: PhysicalPosition { x: 181.0, y: 174.0 }, modifiers: (empty) } }
15:25:25 [TRACE] (1) eframe::native::run: [C:\Users\darkm\.cargo\registry\src\index.crates.io-6f17d22bba15001f\eframe-0.22.0\src\native\run.rs:221] request_redraw
15:25:25 [INFO] eframe update fn running...
15:25:25 [TRACE] (1) eframe::native::run::glow_integration: [C:\Users\darkm\.cargo\registry\src\index.crates.io-6f17d22bba15001f\eframe-0.22.0\src\native\run.rs:734] request_repaint_callback: RequestRepaintInfo { after: 0ns, current_frame_nr: 40 }
15:25:25 [TRACE] (1) eframe::native::run: [C:\Users\darkm\.cargo\registry\src\index.crates.io-6f17d22bba15001f\eframe-0.22.0\src\native\run.rs:205] Repaint caused by winit::Event: RedrawEventsCleared
15:25:25 [TRACE] (1) eframe::native::run: [C:\Users\darkm\.cargo\registry\src\index.crates.io-6f17d22bba15001f\eframe-0.22.0\src\native\run.rs:221] request_redraw
15:25:25 [TRACE] (1) eframe::native::run: [C:\Users\darkm\.cargo\registry\src\index.crates.io-6f17d22bba15001f\eframe-0.22.0\src\native\run.rs:160] Got outdated UserEvent::RequestRepaint
15:25:25 [TRACE] (1) eframe::native::run: [C:\Users\darkm\.cargo\registry\src\index.crates.io-6f17d22bba15001f\eframe-0.22.0\src\native\run.rs:205] Repaint caused by winit::Event: WindowEvent { window_id: WindowId(WindowId(266618)), event: CursorMoved { device_id: DeviceId(DeviceId(0)), position: PhysicalPosition { x: 174.0, y: 169.0 }, modifiers: (empty) } }
15:25:25 [TRACE] (1) eframe::native::run: [C:\Users\darkm\.cargo\registry\src\index.crates.io-6f17d22bba15001f\eframe-0.22.0\src\native\run.rs:221] request_redraw
15:25:25 [INFO] eframe update fn running...
15:25:25 [TRACE] (1) eframe::native::run::glow_integration: [C:\Users\darkm\.cargo\registry\src\index.crates.io-6f17d22bba15001f\eframe-0.22.0\src\native\run.rs:734] request_repaint_callback: RequestRepaintInfo { after: 0ns, current_frame_nr: 41 }
15:25:25 [TRACE] (1) eframe::native::run: [C:\Users\darkm\.cargo\registry\src\index.crates.io-6f17d22bba15001f\eframe-0.22.0\src\native\run.rs:205] Repaint caused by winit::Event: RedrawEventsCleared
15:25:25 [TRACE] (1) eframe::native::run: [C:\Users\darkm\.cargo\registry\src\index.crates.io-6f17d22bba15001f\eframe-0.22.0\src\native\run.rs:221] request_redraw
15:25:25 [TRACE] (1) eframe::native::run: [C:\Users\darkm\.cargo\registry\src\index.crates.io-6f17d22bba15001f\eframe-0.22.0\src\native\run.rs:160] Got outdated UserEvent::RequestRepaint
15:25:25 [TRACE] (1) eframe::native::run: [C:\Users\darkm\.cargo\registry\src\index.crates.io-6f17d22bba15001f\eframe-0.22.0\src\native\run.rs:205] Repaint caused by winit::Event: WindowEvent { window_id: WindowId(WindowId(266618)), event: CursorMoved { device_id: DeviceId(DeviceId(0)), position: PhysicalPosition { x: 168.0, y: 164.0 }, modifiers: (empty) } }
15:25:25 [TRACE] (1) eframe::native::run: [C:\Users\darkm\.cargo\registry\src\index.crates.io-6f17d22bba15001f\eframe-0.22.0\src\native\run.rs:221] request_redraw
15:25:25 [INFO] eframe update fn running...
15:25:25 [TRACE] (1) eframe::native::run::glow_integration: [C:\Users\darkm\.cargo\registry\src\index.crates.io-6f17d22bba15001f\eframe-0.22.0\src\native\run.rs:734] request_repaint_callback: RequestRepaintInfo { after: 0ns, current_frame_nr: 42 }
15:25:25 [TRACE] (1) eframe::native::run: [C:\Users\darkm\.cargo\registry\src\index.crates.io-6f17d22bba15001f\eframe-0.22.0\src\native\run.rs:205] Repaint caused by winit::Event: RedrawEventsCleared
15:25:25 [TRACE] (1) eframe::native::run: [C:\Users\darkm\.cargo\registry\src\index.crates.io-6f17d22bba15001f\eframe-0.22.0\src\native\run.rs:221] request_redraw
15:25:25 [TRACE] (1) eframe::native::run: [C:\Users\darkm\.cargo\registry\src\index.crates.io-6f17d22bba15001f\eframe-0.22.0\src\native\run.rs:160] Got outdated UserEvent::RequestRepaint
15:25:25 [TRACE] (1) eframe::native::run: [C:\Users\darkm\.cargo\registry\src\index.crates.io-6f17d22bba15001f\eframe-0.22.0\src\native\run.rs:205] Repaint caused by winit::Event: WindowEvent { window_id: WindowId(WindowId(266618)), event: CursorMoved { device_id: DeviceId(DeviceId(0)), position: PhysicalPosition { x: 161.0, y: 158.0 }, modifiers: (empty) } }
15:25:25 [TRACE] (1) eframe::native::run: [C:\Users\darkm\.cargo\registry\src\index.crates.io-6f17d22bba15001f\eframe-0.22.0\src\native\run.rs:221] request_redraw
15:25:25 [TRACE] (1) eframe::native::run: [C:\Users\darkm\.cargo\registry\src\index.crates.io-6f17d22bba15001f\eframe-0.22.0\src\native\run.rs:205] Repaint caused by winit::Event: WindowEvent { window_id: WindowId(WindowId(266618)), event: CursorMoved { device_id: DeviceId(DeviceId(0)), position: PhysicalPosition { x: 160.0, y: 158.0 }, modifiers: (empty) } }
15:25:25 [TRACE] (1) eframe::native::run: [C:\Users\darkm\.cargo\registry\src\index.crates.io-6f17d22bba15001f\eframe-0.22.0\src\native\run.rs:221] request_redraw
15:25:25 [INFO] eframe update fn running...
15:25:25 [TRACE] (1) eframe::native::run::glow_integration: [C:\Users\darkm\.cargo\registry\src\index.crates.io-6f17d22bba15001f\eframe-0.22.0\src\native\run.rs:734] request_repaint_callback: RequestRepaintInfo { after: 0ns, current_frame_nr: 43 }
15:25:25 [TRACE] (1) eframe::native::run: [C:\Users\darkm\.cargo\registry\src\index.crates.io-6f17d22bba15001f\eframe-0.22.0\src\native\run.rs:205] Repaint caused by winit::Event: RedrawEventsCleared
15:25:25 [TRACE] (1) eframe::native::run: [C:\Users\darkm\.cargo\registry\src\index.crates.io-6f17d22bba15001f\eframe-0.22.0\src\native\run.rs:221] request_redraw
15:25:25 [TRACE] (1) eframe::native::run: [C:\Users\darkm\.cargo\registry\src\index.crates.io-6f17d22bba15001f\eframe-0.22.0\src\native\run.rs:160] Got outdated UserEvent::RequestRepaint
15:25:25 [TRACE] (1) eframe::native::run: [C:\Users\darkm\.cargo\registry\src\index.crates.io-6f17d22bba15001f\eframe-0.22.0\src\native\run.rs:205] Repaint caused by winit::Event: WindowEvent { window_id: WindowId(WindowId(266618)), event: CursorMoved { device_id: DeviceId(DeviceId(0)), position: PhysicalPosition { x: 151.0, y: 151.0 }, modifiers: (empty) } }
15:25:25 [TRACE] (1) eframe::native::run: [C:\Users\darkm\.cargo\registry\src\index.crates.io-6f17d22bba15001f\eframe-0.22.0\src\native\run.rs:221] request_redraw
15:25:25 [TRACE] (1) eframe::native::run: [C:\Users\darkm\.cargo\registry\src\index.crates.io-6f17d22bba15001f\eframe-0.22.0\src\native\run.rs:205] Repaint caused by winit::Event: WindowEvent { window_id: WindowId(WindowId(266618)), event: CursorMoved { device_id: DeviceId(DeviceId(0)), position: PhysicalPosition { x: 150.0, y: 151.0 }, modifiers: (empty) } }
15:25:25 [TRACE] (1) eframe::native::run: [C:\Users\darkm\.cargo\registry\src\index.crates.io-6f17d22bba15001f\eframe-0.22.0\src\native\run.rs:221] request_redraw
15:25:25 [INFO] eframe update fn running...
15:25:25 [TRACE] (1) eframe::native::run::glow_integration: [C:\Users\darkm\.cargo\registry\src\index.crates.io-6f17d22bba15001f\eframe-0.22.0\src\native\run.rs:734] request_repaint_callback: RequestRepaintInfo { after: 0ns, current_frame_nr: 44 }
15:25:25 [TRACE] (1) eframe::native::run: [C:\Users\darkm\.cargo\registry\src\index.crates.io-6f17d22bba15001f\eframe-0.22.0\src\native\run.rs:205] Repaint caused by winit::Event: RedrawEventsCleared
15:25:25 [TRACE] (1) eframe::native::run: [C:\Users\darkm\.cargo\registry\src\index.crates.io-6f17d22bba15001f\eframe-0.22.0\src\native\run.rs:221] request_redraw
15:25:25 [TRACE] (1) eframe::native::run: [C:\Users\darkm\.cargo\registry\src\index.crates.io-6f17d22bba15001f\eframe-0.22.0\src\native\run.rs:160] Got outdated UserEvent::RequestRepaint
15:25:25 [TRACE] (1) eframe::native::run: [C:\Users\darkm\.cargo\registry\src\index.crates.io-6f17d22bba15001f\eframe-0.22.0\src\native\run.rs:205] Repaint caused by winit::Event: WindowEvent { window_id: WindowId(WindowId(266618)), event: CursorMoved { device_id: DeviceId(DeviceId(0)), position: PhysicalPosition { x: 142.0, y: 145.0 }, modifiers: (empty) } }
15:25:25 [TRACE] (1) eframe::native::run: [C:\Users\darkm\.cargo\registry\src\index.crates.io-6f17d22bba15001f\eframe-0.22.0\src\native\run.rs:221] request_redraw
15:25:25 [INFO] eframe update fn running...
15:25:25 [TRACE] (1) eframe::native::run::glow_integration: [C:\Users\darkm\.cargo\registry\src\index.crates.io-6f17d22bba15001f\eframe-0.22.0\src\native\run.rs:734] request_repaint_callback: RequestRepaintInfo { after: 0ns, current_frame_nr: 45 }
15:25:25 [TRACE] (1) eframe::native::run: [C:\Users\darkm\.cargo\registry\src\index.crates.io-6f17d22bba15001f\eframe-0.22.0\src\native\run.rs:205] Repaint caused by winit::Event: RedrawEventsCleared
15:25:25 [TRACE] (1) eframe::native::run: [C:\Users\darkm\.cargo\registry\src\index.crates.io-6f17d22bba15001f\eframe-0.22.0\src\native\run.rs:221] request_redraw
15:25:25 [TRACE] (1) eframe::native::run: [C:\Users\darkm\.cargo\registry\src\index.crates.io-6f17d22bba15001f\eframe-0.22.0\src\native\run.rs:160] Got outdated UserEvent::RequestRepaint
15:25:25 [TRACE] (1) eframe::native::run: [C:\Users\darkm\.cargo\registry\src\index.crates.io-6f17d22bba15001f\eframe-0.22.0\src\native\run.rs:205] Repaint caused by winit::Event: WindowEvent { window_id: WindowId(WindowId(266618)), event: CursorMoved { device_id: DeviceId(DeviceId(0)), position: PhysicalPosition { x: 134.0, y: 138.0 }, modifiers: (empty) } }
15:25:25 [TRACE] (1) eframe::native::run: [C:\Users\darkm\.cargo\registry\src\index.crates.io-6f17d22bba15001f\eframe-0.22.0\src\native\run.rs:221] request_redraw
15:25:25 [INFO] eframe update fn running...
15:25:25 [TRACE] (1) eframe::native::run::glow_integration: [C:\Users\darkm\.cargo\registry\src\index.crates.io-6f17d22bba15001f\eframe-0.22.0\src\native\run.rs:734] request_repaint_callback: RequestRepaintInfo { after: 0ns, current_frame_nr: 46 }
15:25:25 [TRACE] (1) eframe::native::run: [C:\Users\darkm\.cargo\registry\src\index.crates.io-6f17d22bba15001f\eframe-0.22.0\src\native\run.rs:205] Repaint caused by winit::Event: RedrawEventsCleared
15:25:25 [TRACE] (1) eframe::native::run: [C:\Users\darkm\.cargo\registry\src\index.crates.io-6f17d22bba15001f\eframe-0.22.0\src\native\run.rs:221] request_redraw
15:25:25 [TRACE] (1) eframe::native::run: [C:\Users\darkm\.cargo\registry\src\index.crates.io-6f17d22bba15001f\eframe-0.22.0\src\native\run.rs:160] Got outdated UserEvent::RequestRepaint
15:25:25 [TRACE] (1) eframe::native::run: [C:\Users\darkm\.cargo\registry\src\index.crates.io-6f17d22bba15001f\eframe-0.22.0\src\native\run.rs:205] Repaint caused by winit::Event: WindowEvent { window_id: WindowId(WindowId(266618)), event: CursorMoved { device_id: DeviceId(DeviceId(0)), position: PhysicalPosition { x: 125.0, y: 132.0 }, modifiers: (empty) } }
15:25:25 [TRACE] (1) eframe::native::run: [C:\Users\darkm\.cargo\registry\src\index.crates.io-6f17d22bba15001f\eframe-0.22.0\src\native\run.rs:221] request_redraw
15:25:25 [INFO] eframe update fn running...
15:25:25 [TRACE] (1) eframe::native::run::glow_integration: [C:\Users\darkm\.cargo\registry\src\index.crates.io-6f17d22bba15001f\eframe-0.22.0\src\native\run.rs:734] request_repaint_callback: RequestRepaintInfo { after: 0ns, current_frame_nr: 47 }
15:25:25 [TRACE] (1) eframe::native::run: [C:\Users\darkm\.cargo\registry\src\index.crates.io-6f17d22bba15001f\eframe-0.22.0\src\native\run.rs:205] Repaint caused by winit::Event: RedrawEventsCleared
15:25:25 [TRACE] (1) eframe::native::run: [C:\Users\darkm\.cargo\registry\src\index.crates.io-6f17d22bba15001f\eframe-0.22.0\src\native\run.rs:221] request_redraw
15:25:25 [TRACE] (1) eframe::native::run: [C:\Users\darkm\.cargo\registry\src\index.crates.io-6f17d22bba15001f\eframe-0.22.0\src\native\run.rs:160] Got outdated UserEvent::RequestRepaint
15:25:25 [TRACE] (1) eframe::native::run: [C:\Users\darkm\.cargo\registry\src\index.crates.io-6f17d22bba15001f\eframe-0.22.0\src\native\run.rs:205] Repaint caused by winit::Event: WindowEvent { window_id: WindowId(WindowId(266618)), event: CursorMoved { device_id: DeviceId(DeviceId(0)), position: PhysicalPosition { x: 118.0, y: 127.0 }, modifiers: (empty) } }
15:25:25 [TRACE] (1) eframe::native::run: [C:\Users\darkm\.cargo\registry\src\index.crates.io-6f17d22bba15001f\eframe-0.22.0\src\native\run.rs:221] request_redraw
15:25:25 [TRACE] (1) eframe::native::run: [C:\Users\darkm\.cargo\registry\src\index.crates.io-6f17d22bba15001f\eframe-0.22.0\src\native\run.rs:205] Repaint caused by winit::Event: WindowEvent { window_id: WindowId(WindowId(266618)), event: CursorMoved { device_id: DeviceId(DeviceId(0)), position: PhysicalPosition { x: 117.0, y: 126.0 }, modifiers: (empty) } }
15:25:25 [TRACE] (1) eframe::native::run: [C:\Users\darkm\.cargo\registry\src\index.crates.io-6f17d22bba15001f\eframe-0.22.0\src\native\run.rs:221] request_redraw
15:25:25 [INFO] eframe update fn running...
15:25:25 [TRACE] (1) eframe::native::run::glow_integration: [C:\Users\darkm\.cargo\registry\src\index.crates.io-6f17d22bba15001f\eframe-0.22.0\src\native\run.rs:734] request_repaint_callback: RequestRepaintInfo { after: 0ns, current_frame_nr: 48 }
15:25:25 [TRACE] (1) eframe::native::run: [C:\Users\darkm\.cargo\registry\src\index.crates.io-6f17d22bba15001f\eframe-0.22.0\src\native\run.rs:205] Repaint caused by winit::Event: RedrawEventsCleared
15:25:25 [TRACE] (1) eframe::native::run: [C:\Users\darkm\.cargo\registry\src\index.crates.io-6f17d22bba15001f\eframe-0.22.0\src\native\run.rs:221] request_redraw
15:25:25 [TRACE] (1) eframe::native::run: [C:\Users\darkm\.cargo\registry\src\index.crates.io-6f17d22bba15001f\eframe-0.22.0\src\native\run.rs:160] Got outdated UserEvent::RequestRepaint
15:25:25 [TRACE] (1) eframe::native::run: [C:\Users\darkm\.cargo\registry\src\index.crates.io-6f17d22bba15001f\eframe-0.22.0\src\native\run.rs:205] Repaint caused by winit::Event: WindowEvent { window_id: WindowId(WindowId(266618)), event: CursorMoved { device_id: DeviceId(DeviceId(0)), position: PhysicalPosition { x: 109.0, y: 120.0 }, modifiers: (empty) } }
15:25:25 [TRACE] (1) eframe::native::run: [C:\Users\darkm\.cargo\registry\src\index.crates.io-6f17d22bba15001f\eframe-0.22.0\src\native\run.rs:221] request_redraw
15:25:25 [TRACE] (1) eframe::native::run: [C:\Users\darkm\.cargo\registry\src\index.crates.io-6f17d22bba15001f\eframe-0.22.0\src\native\run.rs:205] Repaint caused by winit::Event: WindowEvent { window_id: WindowId(WindowId(266618)), event: CursorMoved { device_id: DeviceId(DeviceId(0)), position: PhysicalPosition { x: 108.0, y: 120.0 }, modifiers: (empty) } }
15:25:25 [TRACE] (1) eframe::native::run: [C:\Users\darkm\.cargo\registry\src\index.crates.io-6f17d22bba15001f\eframe-0.22.0\src\native\run.rs:221] request_redraw
15:25:25 [INFO] eframe update fn running...
15:25:25 [TRACE] (1) eframe::native::run::glow_integration: [C:\Users\darkm\.cargo\registry\src\index.crates.io-6f17d22bba15001f\eframe-0.22.0\src\native\run.rs:734] request_repaint_callback: RequestRepaintInfo { after: 0ns, current_frame_nr: 49 }
15:25:25 [TRACE] (1) eframe::native::run: [C:\Users\darkm\.cargo\registry\src\index.crates.io-6f17d22bba15001f\eframe-0.22.0\src\native\run.rs:205] Repaint caused by winit::Event: RedrawEventsCleared
15:25:25 [TRACE] (1) eframe::native::run: [C:\Users\darkm\.cargo\registry\src\index.crates.io-6f17d22bba15001f\eframe-0.22.0\src\native\run.rs:221] request_redraw
15:25:25 [TRACE] (1) eframe::native::run: [C:\Users\darkm\.cargo\registry\src\index.crates.io-6f17d22bba15001f\eframe-0.22.0\src\native\run.rs:160] Got outdated UserEvent::RequestRepaint
15:25:25 [TRACE] (1) eframe::native::run: [C:\Users\darkm\.cargo\registry\src\index.crates.io-6f17d22bba15001f\eframe-0.22.0\src\native\run.rs:205] Repaint caused by winit::Event: WindowEvent { window_id: WindowId(WindowId(266618)), event: CursorMoved { device_id: DeviceId(DeviceId(0)), position: PhysicalPosition { x: 101.0, y: 113.0 }, modifiers: (empty) } }
15:25:25 [TRACE] (1) eframe::native::run: [C:\Users\darkm\.cargo\registry\src\index.crates.io-6f17d22bba15001f\eframe-0.22.0\src\native\run.rs:221] request_redraw
15:25:25 [INFO] eframe update fn running...
15:25:25 [TRACE] (1) eframe::native::run::glow_integration: [C:\Users\darkm\.cargo\registry\src\index.crates.io-6f17d22bba15001f\eframe-0.22.0\src\native\run.rs:734] request_repaint_callback: RequestRepaintInfo { after: 0ns, current_frame_nr: 50 }
15:25:25 [TRACE] (1) eframe::native::run: [C:\Users\darkm\.cargo\registry\src\index.crates.io-6f17d22bba15001f\eframe-0.22.0\src\native\run.rs:205] Repaint caused by winit::Event: RedrawEventsCleared
15:25:25 [TRACE] (1) eframe::native::run: [C:\Users\darkm\.cargo\registry\src\index.crates.io-6f17d22bba15001f\eframe-0.22.0\src\native\run.rs:221] request_redraw
15:25:25 [TRACE] (1) eframe::native::run: [C:\Users\darkm\.cargo\registry\src\index.crates.io-6f17d22bba15001f\eframe-0.22.0\src\native\run.rs:160] Got outdated UserEvent::RequestRepaint
15:25:25 [TRACE] (1) eframe::native::run: [C:\Users\darkm\.cargo\registry\src\index.crates.io-6f17d22bba15001f\eframe-0.22.0\src\native\run.rs:205] Repaint caused by winit::Event: WindowEvent { window_id: WindowId(WindowId(266618)), event: CursorMoved { device_id: DeviceId(DeviceId(0)), position: PhysicalPosition { x: 94.0, y: 108.0 }, modifiers: (empty) } }
15:25:25 [TRACE] (1) eframe::native::run: [C:\Users\darkm\.cargo\registry\src\index.crates.io-6f17d22bba15001f\eframe-0.22.0\src\native\run.rs:221] request_redraw
15:25:25 [TRACE] (1) eframe::native::run: [C:\Users\darkm\.cargo\registry\src\index.crates.io-6f17d22bba15001f\eframe-0.22.0\src\native\run.rs:205] Repaint caused by winit::Event: WindowEvent { window_id: WindowId(WindowId(266618)), event: CursorMoved { device_id: DeviceId(DeviceId(0)), position: PhysicalPosition { x: 93.0, y: 107.0 }, modifiers: (empty) } }
15:25:25 [TRACE] (1) eframe::native::run: [C:\Users\darkm\.cargo\registry\src\index.crates.io-6f17d22bba15001f\eframe-0.22.0\src\native\run.rs:221] request_redraw
15:25:25 [INFO] eframe update fn running...
15:25:25 [TRACE] (1) eframe::native::run::glow_integration: [C:\Users\darkm\.cargo\registry\src\index.crates.io-6f17d22bba15001f\eframe-0.22.0\src\native\run.rs:734] request_repaint_callback: RequestRepaintInfo { after: 0ns, current_frame_nr: 51 }
15:25:25 [TRACE] (1) eframe::native::run: [C:\Users\darkm\.cargo\registry\src\index.crates.io-6f17d22bba15001f\eframe-0.22.0\src\native\run.rs:205] Repaint caused by winit::Event: RedrawEventsCleared
15:25:25 [TRACE] (1) eframe::native::run: [C:\Users\darkm\.cargo\registry\src\index.crates.io-6f17d22bba15001f\eframe-0.22.0\src\native\run.rs:221] request_redraw
15:25:25 [TRACE] (1) eframe::native::run: [C:\Users\darkm\.cargo\registry\src\index.crates.io-6f17d22bba15001f\eframe-0.22.0\src\native\run.rs:160] Got outdated UserEvent::RequestRepaint
15:25:25 [TRACE] (1) eframe::native::run: [C:\Users\darkm\.cargo\registry\src\index.crates.io-6f17d22bba15001f\eframe-0.22.0\src\native\run.rs:205] Repaint caused by winit::Event: WindowEvent { window_id: WindowId(WindowId(266618)), event: CursorMoved { device_id: DeviceId(DeviceId(0)), position: PhysicalPosition { x: 88.0, y: 103.0 }, modifiers: (empty) } }
15:25:25 [TRACE] (1) eframe::native::run: [C:\Users\darkm\.cargo\registry\src\index.crates.io-6f17d22bba15001f\eframe-0.22.0\src\native\run.rs:221] request_redraw
15:25:25 [INFO] eframe update fn running...
15:25:25 [TRACE] (1) eframe::native::run::glow_integration: [C:\Users\darkm\.cargo\registry\src\index.crates.io-6f17d22bba15001f\eframe-0.22.0\src\native\run.rs:734] request_repaint_callback: RequestRepaintInfo { after: 0ns, current_frame_nr: 52 }
15:25:25 [TRACE] (1) eframe::native::run: [C:\Users\darkm\.cargo\registry\src\index.crates.io-6f17d22bba15001f\eframe-0.22.0\src\native\run.rs:205] Repaint caused by winit::Event: RedrawEventsCleared
15:25:25 [TRACE] (1) eframe::native::run: [C:\Users\darkm\.cargo\registry\src\index.crates.io-6f17d22bba15001f\eframe-0.22.0\src\native\run.rs:221] request_redraw
15:25:25 [TRACE] (1) eframe::native::run: [C:\Users\darkm\.cargo\registry\src\index.crates.io-6f17d22bba15001f\eframe-0.22.0\src\native\run.rs:160] Got outdated UserEvent::RequestRepaint
15:25:25 [TRACE] (1) eframe::native::run: [C:\Users\darkm\.cargo\registry\src\index.crates.io-6f17d22bba15001f\eframe-0.22.0\src\native\run.rs:205] Repaint caused by winit::Event: WindowEvent { window_id: WindowId(WindowId(266618)), event: CursorMoved { device_id: DeviceId(DeviceId(0)), position: PhysicalPosition { x: 84.0, y: 100.0 }, modifiers: (empty) } }
15:25:25 [TRACE] (1) eframe::native::run: [C:\Users\darkm\.cargo\registry\src\index.crates.io-6f17d22bba15001f\eframe-0.22.0\src\native\run.rs:221] request_redraw
15:25:25 [INFO] eframe update fn running...
15:25:25 [TRACE] (1) eframe::native::run::glow_integration: [C:\Users\darkm\.cargo\registry\src\index.crates.io-6f17d22bba15001f\eframe-0.22.0\src\native\run.rs:734] request_repaint_callback: RequestRepaintInfo { after: 0ns, current_frame_nr: 53 }
15:25:25 [TRACE] (1) eframe::native::run: [C:\Users\darkm\.cargo\registry\src\index.crates.io-6f17d22bba15001f\eframe-0.22.0\src\native\run.rs:205] Repaint caused by winit::Event: RedrawEventsCleared
15:25:25 [TRACE] (1) eframe::native::run: [C:\Users\darkm\.cargo\registry\src\index.crates.io-6f17d22bba15001f\eframe-0.22.0\src\native\run.rs:221] request_redraw
15:25:25 [TRACE] (1) eframe::native::run: [C:\Users\darkm\.cargo\registry\src\index.crates.io-6f17d22bba15001f\eframe-0.22.0\src\native\run.rs:160] Got outdated UserEvent::RequestRepaint
15:25:25 [TRACE] (1) eframe::native::run: [C:\Users\darkm\.cargo\registry\src\index.crates.io-6f17d22bba15001f\eframe-0.22.0\src\native\run.rs:205] Repaint caused by winit::Event: WindowEvent { window_id: WindowId(WindowId(266618)), event: CursorMoved { device_id: DeviceId(DeviceId(0)), position: PhysicalPosition { x: 81.0, y: 98.0 }, modifiers: (empty) } }
15:25:25 [TRACE] (1) eframe::native::run: [C:\Users\darkm\.cargo\registry\src\index.crates.io-6f17d22bba15001f\eframe-0.22.0\src\native\run.rs:221] request_redraw
15:25:25 [INFO] eframe update fn running...
15:25:25 [TRACE] (1) eframe::native::run::glow_integration: [C:\Users\darkm\.cargo\registry\src\index.crates.io-6f17d22bba15001f\eframe-0.22.0\src\native\run.rs:734] request_repaint_callback: RequestRepaintInfo { after: 0ns, current_frame_nr: 54 }
15:25:25 [TRACE] (1) eframe::native::run: [C:\Users\darkm\.cargo\registry\src\index.crates.io-6f17d22bba15001f\eframe-0.22.0\src\native\run.rs:205] Repaint caused by winit::Event: RedrawEventsCleared
15:25:25 [TRACE] (1) eframe::native::run: [C:\Users\darkm\.cargo\registry\src\index.crates.io-6f17d22bba15001f\eframe-0.22.0\src\native\run.rs:221] request_redraw
15:25:25 [TRACE] (1) eframe::native::run: [C:\Users\darkm\.cargo\registry\src\index.crates.io-6f17d22bba15001f\eframe-0.22.0\src\native\run.rs:160] Got outdated UserEvent::RequestRepaint
15:25:25 [TRACE] (1) eframe::native::run: [C:\Users\darkm\.cargo\registry\src\index.crates.io-6f17d22bba15001f\eframe-0.22.0\src\native\run.rs:205] Repaint caused by winit::Event: WindowEvent { window_id: WindowId(WindowId(266618)), event: CursorMoved { device_id: DeviceId(DeviceId(0)), position: PhysicalPosition { x: 79.0, y: 96.0 }, modifiers: (empty) } }
15:25:25 [TRACE] (1) eframe::native::run: [C:\Users\darkm\.cargo\registry\src\index.crates.io-6f17d22bba15001f\eframe-0.22.0\src\native\run.rs:221] request_redraw
15:25:25 [TRACE] (1) eframe::native::run: [C:\Users\darkm\.cargo\registry\src\index.crates.io-6f17d22bba15001f\eframe-0.22.0\src\native\run.rs:205] Repaint caused by winit::Event: WindowEvent { window_id: WindowId(WindowId(266618)), event: CursorMoved { device_id: DeviceId(DeviceId(0)), position: PhysicalPosition { x: 79.0, y: 95.0 }, modifiers: (empty) } }
15:25:25 [TRACE] (1) eframe::native::run: [C:\Users\darkm\.cargo\registry\src\index.crates.io-6f17d22bba15001f\eframe-0.22.0\src\native\run.rs:221] request_redraw
15:25:25 [INFO] eframe update fn running...
15:25:25 [TRACE] (1) eframe::native::run::glow_integration: [C:\Users\darkm\.cargo\registry\src\index.crates.io-6f17d22bba15001f\eframe-0.22.0\src\native\run.rs:734] request_repaint_callback: RequestRepaintInfo { after: 0ns, current_frame_nr: 55 }
15:25:25 [TRACE] (1) eframe::native::run: [C:\Users\darkm\.cargo\registry\src\index.crates.io-6f17d22bba15001f\eframe-0.22.0\src\native\run.rs:205] Repaint caused by winit::Event: RedrawEventsCleared
15:25:25 [TRACE] (1) eframe::native::run: [C:\Users\darkm\.cargo\registry\src\index.crates.io-6f17d22bba15001f\eframe-0.22.0\src\native\run.rs:221] request_redraw
15:25:25 [TRACE] (1) eframe::native::run: [C:\Users\darkm\.cargo\registry\src\index.crates.io-6f17d22bba15001f\eframe-0.22.0\src\native\run.rs:160] Got outdated UserEvent::RequestRepaint
15:25:25 [TRACE] (1) eframe::native::run: [C:\Users\darkm\.cargo\registry\src\index.crates.io-6f17d22bba15001f\eframe-0.22.0\src\native\run.rs:205] Repaint caused by winit::Event: WindowEvent { window_id: WindowId(WindowId(266618)), event: CursorMoved { device_id: DeviceId(DeviceId(0)), position: PhysicalPosition { x: 76.0, y: 92.0 }, modifiers: (empty) } }
15:25:25 [TRACE] (1) eframe::native::run: [C:\Users\darkm\.cargo\registry\src\index.crates.io-6f17d22bba15001f\eframe-0.22.0\src\native\run.rs:221] request_redraw
15:25:25 [INFO] eframe update fn running...
15:25:25 [TRACE] (1) eframe::native::run::glow_integration: [C:\Users\darkm\.cargo\registry\src\index.crates.io-6f17d22bba15001f\eframe-0.22.0\src\native\run.rs:734] request_repaint_callback: RequestRepaintInfo { after: 0ns, current_frame_nr: 56 }
15:25:25 [TRACE] (1) eframe::native::run: [C:\Users\darkm\.cargo\registry\src\index.crates.io-6f17d22bba15001f\eframe-0.22.0\src\native\run.rs:205] Repaint caused by winit::Event: RedrawEventsCleared
15:25:25 [TRACE] (1) eframe::native::run: [C:\Users\darkm\.cargo\registry\src\index.crates.io-6f17d22bba15001f\eframe-0.22.0\src\native\run.rs:221] request_redraw
15:25:25 [TRACE] (1) eframe::native::run: [C:\Users\darkm\.cargo\registry\src\index.crates.io-6f17d22bba15001f\eframe-0.22.0\src\native\run.rs:160] Got outdated UserEvent::RequestRepaint
15:25:25 [TRACE] (1) eframe::native::run: [C:\Users\darkm\.cargo\registry\src\index.crates.io-6f17d22bba15001f\eframe-0.22.0\src\native\run.rs:205] Repaint caused by winit::Event: WindowEvent { window_id: WindowId(WindowId(266618)), event: CursorMoved { device_id: DeviceId(DeviceId(0)), position: PhysicalPosition { x: 73.0, y: 88.0 }, modifiers: (empty) } }
15:25:25 [TRACE] (1) eframe::native::run: [C:\Users\darkm\.cargo\registry\src\index.crates.io-6f17d22bba15001f\eframe-0.22.0\src\native\run.rs:221] request_redraw
15:25:25 [INFO] eframe update fn running...
15:25:25 [TRACE] (1) eframe::native::run::glow_integration: [C:\Users\darkm\.cargo\registry\src\index.crates.io-6f17d22bba15001f\eframe-0.22.0\src\native\run.rs:734] request_repaint_callback: RequestRepaintInfo { after: 0ns, current_frame_nr: 57 }
15:25:25 [TRACE] (1) eframe::native::run: [C:\Users\darkm\.cargo\registry\src\index.crates.io-6f17d22bba15001f\eframe-0.22.0\src\native\run.rs:205] Repaint caused by winit::Event: RedrawEventsCleared
15:25:25 [TRACE] (1) eframe::native::run: [C:\Users\darkm\.cargo\registry\src\index.crates.io-6f17d22bba15001f\eframe-0.22.0\src\native\run.rs:221] request_redraw
15:25:25 [TRACE] (1) eframe::native::run: [C:\Users\darkm\.cargo\registry\src\index.crates.io-6f17d22bba15001f\eframe-0.22.0\src\native\run.rs:160] Got outdated UserEvent::RequestRepaint
15:25:25 [TRACE] (1) eframe::native::run: [C:\Users\darkm\.cargo\registry\src\index.crates.io-6f17d22bba15001f\eframe-0.22.0\src\native\run.rs:205] Repaint caused by winit::Event: WindowEvent { window_id: WindowId(WindowId(266618)), event: CursorMoved { device_id: DeviceId(DeviceId(0)), position: PhysicalPosition { x: 70.0, y: 86.0 }, modifiers: (empty) } }
15:25:25 [TRACE] (1) eframe::native::run: [C:\Users\darkm\.cargo\registry\src\index.crates.io-6f17d22bba15001f\eframe-0.22.0\src\native\run.rs:221] request_redraw
15:25:25 [INFO] eframe update fn running...
15:25:25 [TRACE] (1) eframe::native::run::glow_integration: [C:\Users\darkm\.cargo\registry\src\index.crates.io-6f17d22bba15001f\eframe-0.22.0\src\native\run.rs:734] request_repaint_callback: RequestRepaintInfo { after: 0ns, current_frame_nr: 58 }
15:25:25 [TRACE] (1) eframe::native::run: [C:\Users\darkm\.cargo\registry\src\index.crates.io-6f17d22bba15001f\eframe-0.22.0\src\native\run.rs:205] Repaint caused by winit::Event: RedrawEventsCleared
15:25:25 [TRACE] (1) eframe::native::run: [C:\Users\darkm\.cargo\registry\src\index.crates.io-6f17d22bba15001f\eframe-0.22.0\src\native\run.rs:221] request_redraw
15:25:25 [TRACE] (1) eframe::native::run: [C:\Users\darkm\.cargo\registry\src\index.crates.io-6f17d22bba15001f\eframe-0.22.0\src\native\run.rs:160] Got outdated UserEvent::RequestRepaint
15:25:25 [TRACE] (1) eframe::native::run: [C:\Users\darkm\.cargo\registry\src\index.crates.io-6f17d22bba15001f\eframe-0.22.0\src\native\run.rs:205] Repaint caused by winit::Event: WindowEvent { window_id: WindowId(WindowId(266618)), event: CursorMoved { device_id: DeviceId(DeviceId(0)), position: PhysicalPosition { x: 68.0, y: 83.0 }, modifiers: (empty) } }
15:25:25 [TRACE] (1) eframe::native::run: [C:\Users\darkm\.cargo\registry\src\index.crates.io-6f17d22bba15001f\eframe-0.22.0\src\native\run.rs:221] request_redraw
15:25:25 [INFO] eframe update fn running...
15:25:25 [TRACE] (1) eframe::native::run::glow_integration: [C:\Users\darkm\.cargo\registry\src\index.crates.io-6f17d22bba15001f\eframe-0.22.0\src\native\run.rs:734] request_repaint_callback: RequestRepaintInfo { after: 0ns, current_frame_nr: 59 }
15:25:25 [TRACE] (1) eframe::native::run: [C:\Users\darkm\.cargo\registry\src\index.crates.io-6f17d22bba15001f\eframe-0.22.0\src\native\run.rs:205] Repaint caused by winit::Event: RedrawEventsCleared
15:25:25 [TRACE] (1) eframe::native::run: [C:\Users\darkm\.cargo\registry\src\index.crates.io-6f17d22bba15001f\eframe-0.22.0\src\native\run.rs:221] request_redraw
15:25:25 [TRACE] (1) eframe::native::run: [C:\Users\darkm\.cargo\registry\src\index.crates.io-6f17d22bba15001f\eframe-0.22.0\src\native\run.rs:160] Got outdated UserEvent::RequestRepaint
15:25:25 [TRACE] (1) eframe::native::run: [C:\Users\darkm\.cargo\registry\src\index.crates.io-6f17d22bba15001f\eframe-0.22.0\src\native\run.rs:205] Repaint caused by winit::Event: WindowEvent { window_id: WindowId(WindowId(266618)), event: CursorMoved { device_id: DeviceId(DeviceId(0)), position: PhysicalPosition { x: 66.0, y: 81.0 }, modifiers: (empty) } }
15:25:25 [TRACE] (1) eframe::native::run: [C:\Users\darkm\.cargo\registry\src\index.crates.io-6f17d22bba15001f\eframe-0.22.0\src\native\run.rs:221] request_redraw
15:25:25 [INFO] eframe update fn running...
15:25:25 [TRACE] (1) eframe::native::run::glow_integration: [C:\Users\darkm\.cargo\registry\src\index.crates.io-6f17d22bba15001f\eframe-0.22.0\src\native\run.rs:734] request_repaint_callback: RequestRepaintInfo { after: 0ns, current_frame_nr: 60 }
15:25:25 [TRACE] (1) eframe::native::run: [C:\Users\darkm\.cargo\registry\src\index.crates.io-6f17d22bba15001f\eframe-0.22.0\src\native\run.rs:205] Repaint caused by winit::Event: RedrawEventsCleared
15:25:25 [TRACE] (1) eframe::native::run: [C:\Users\darkm\.cargo\registry\src\index.crates.io-6f17d22bba15001f\eframe-0.22.0\src\native\run.rs:221] request_redraw
15:25:25 [TRACE] (1) eframe::native::run: [C:\Users\darkm\.cargo\registry\src\index.crates.io-6f17d22bba15001f\eframe-0.22.0\src\native\run.rs:160] Got outdated UserEvent::RequestRepaint
15:25:25 [TRACE] (1) eframe::native::run: [C:\Users\darkm\.cargo\registry\src\index.crates.io-6f17d22bba15001f\eframe-0.22.0\src\native\run.rs:205] Repaint caused by winit::Event: WindowEvent { window_id: WindowId(WindowId(266618)), event: CursorMoved { device_id: DeviceId(DeviceId(0)), position: PhysicalPosition { x: 64.0, y: 78.0 }, modifiers: (empty) } }
15:25:25 [TRACE] (1) eframe::native::run: [C:\Users\darkm\.cargo\registry\src\index.crates.io-6f17d22bba15001f\eframe-0.22.0\src\native\run.rs:221] request_redraw
15:25:25 [INFO] eframe update fn running...
15:25:25 [TRACE] (1) eframe::native::run::glow_integration: [C:\Users\darkm\.cargo\registry\src\index.crates.io-6f17d22bba15001f\eframe-0.22.0\src\native\run.rs:734] request_repaint_callback: RequestRepaintInfo { after: 0ns, current_frame_nr: 61 }
15:25:25 [TRACE] (1) eframe::native::run: [C:\Users\darkm\.cargo\registry\src\index.crates.io-6f17d22bba15001f\eframe-0.22.0\src\native\run.rs:205] Repaint caused by winit::Event: RedrawEventsCleared
15:25:25 [TRACE] (1) eframe::native::run: [C:\Users\darkm\.cargo\registry\src\index.crates.io-6f17d22bba15001f\eframe-0.22.0\src\native\run.rs:221] request_redraw
15:25:25 [TRACE] (1) eframe::native::run: [C:\Users\darkm\.cargo\registry\src\index.crates.io-6f17d22bba15001f\eframe-0.22.0\src\native\run.rs:160] Got outdated UserEvent::RequestRepaint
15:25:25 [TRACE] (1) eframe::native::run: [C:\Users\darkm\.cargo\registry\src\index.crates.io-6f17d22bba15001f\eframe-0.22.0\src\native\run.rs:205] Repaint caused by winit::Event: WindowEvent { window_id: WindowId(WindowId(266618)), event: CursorMoved { device_id: DeviceId(DeviceId(0)), position: PhysicalPosition { x: 62.0, y: 75.0 }, modifiers: (empty) } }
15:25:25 [TRACE] (1) eframe::native::run: [C:\Users\darkm\.cargo\registry\src\index.crates.io-6f17d22bba15001f\eframe-0.22.0\src\native\run.rs:221] request_redraw
15:25:25 [INFO] eframe update fn running...
15:25:25 [TRACE] (1) eframe::native::run::glow_integration: [C:\Users\darkm\.cargo\registry\src\index.crates.io-6f17d22bba15001f\eframe-0.22.0\src\native\run.rs:734] request_repaint_callback: RequestRepaintInfo { after: 0ns, current_frame_nr: 62 }
15:25:25 [TRACE] (1) eframe::native::run: [C:\Users\darkm\.cargo\registry\src\index.crates.io-6f17d22bba15001f\eframe-0.22.0\src\native\run.rs:205] Repaint caused by winit::Event: RedrawEventsCleared
15:25:25 [TRACE] (1) eframe::native::run: [C:\Users\darkm\.cargo\registry\src\index.crates.io-6f17d22bba15001f\eframe-0.22.0\src\native\run.rs:221] request_redraw
15:25:25 [TRACE] (1) eframe::native::run: [C:\Users\darkm\.cargo\registry\src\index.crates.io-6f17d22bba15001f\eframe-0.22.0\src\native\run.rs:160] Got outdated UserEvent::RequestRepaint
15:25:25 [TRACE] (1) eframe::native::run: [C:\Users\darkm\.cargo\registry\src\index.crates.io-6f17d22bba15001f\eframe-0.22.0\src\native\run.rs:205] Repaint caused by winit::Event: WindowEvent { window_id: WindowId(WindowId(266618)), event: CursorMoved { device_id: DeviceId(DeviceId(0)), position: PhysicalPosition { x: 60.0, y: 73.0 }, modifiers: (empty) } }
15:25:25 [TRACE] (1) eframe::native::run: [C:\Users\darkm\.cargo\registry\src\index.crates.io-6f17d22bba15001f\eframe-0.22.0\src\native\run.rs:221] request_redraw
15:25:25 [INFO] eframe update fn running...
15:25:25 [TRACE] (1) eframe::native::run::glow_integration: [C:\Users\darkm\.cargo\registry\src\index.crates.io-6f17d22bba15001f\eframe-0.22.0\src\native\run.rs:734] request_repaint_callback: RequestRepaintInfo { after: 0ns, current_frame_nr: 63 }
15:25:25 [TRACE] (1) eframe::native::run: [C:\Users\darkm\.cargo\registry\src\index.crates.io-6f17d22bba15001f\eframe-0.22.0\src\native\run.rs:205] Repaint caused by winit::Event: RedrawEventsCleared
15:25:25 [TRACE] (1) eframe::native::run: [C:\Users\darkm\.cargo\registry\src\index.crates.io-6f17d22bba15001f\eframe-0.22.0\src\native\run.rs:221] request_redraw
15:25:25 [TRACE] (1) eframe::native::run: [C:\Users\darkm\.cargo\registry\src\index.crates.io-6f17d22bba15001f\eframe-0.22.0\src\native\run.rs:160] Got outdated UserEvent::RequestRepaint
15:25:25 [TRACE] (1) eframe::native::run: [C:\Users\darkm\.cargo\registry\src\index.crates.io-6f17d22bba15001f\eframe-0.22.0\src\native\run.rs:205] Repaint caused by winit::Event: WindowEvent { window_id: WindowId(WindowId(266618)), event: CursorMoved { device_id: DeviceId(DeviceId(0)), position: PhysicalPosition { x: 60.0, y: 72.0 }, modifiers: (empty) } }
15:25:25 [TRACE] (1) eframe::native::run: [C:\Users\darkm\.cargo\registry\src\index.crates.io-6f17d22bba15001f\eframe-0.22.0\src\native\run.rs:221] request_redraw
15:25:25 [INFO] eframe update fn running...
15:25:25 [TRACE] (1) eframe::native::run::glow_integration: [C:\Users\darkm\.cargo\registry\src\index.crates.io-6f17d22bba15001f\eframe-0.22.0\src\native\run.rs:734] request_repaint_callback: RequestRepaintInfo { after: 0ns, current_frame_nr: 64 }
15:25:25 [TRACE] (1) eframe::native::run: [C:\Users\darkm\.cargo\registry\src\index.crates.io-6f17d22bba15001f\eframe-0.22.0\src\native\run.rs:205] Repaint caused by winit::Event: RedrawEventsCleared
15:25:25 [TRACE] (1) eframe::native::run: [C:\Users\darkm\.cargo\registry\src\index.crates.io-6f17d22bba15001f\eframe-0.22.0\src\native\run.rs:221] request_redraw
15:25:25 [TRACE] (1) eframe::native::run: [C:\Users\darkm\.cargo\registry\src\index.crates.io-6f17d22bba15001f\eframe-0.22.0\src\native\run.rs:160] Got outdated UserEvent::RequestRepaint
15:25:25 [INFO] eframe update fn running...
15:25:25 [TRACE] (1) eframe::native::run::glow_integration: [C:\Users\darkm\.cargo\registry\src\index.crates.io-6f17d22bba15001f\eframe-0.22.0\src\native\run.rs:734] request_repaint_callback: RequestRepaintInfo { after: 0ns, current_frame_nr: 65 }
15:25:25 [TRACE] (1) eframe::native::run: [C:\Users\darkm\.cargo\registry\src\index.crates.io-6f17d22bba15001f\eframe-0.22.0\src\native\run.rs:205] Repaint caused by winit::Event: RedrawEventsCleared
15:25:25 [TRACE] (1) eframe::native::run: [C:\Users\darkm\.cargo\registry\src\index.crates.io-6f17d22bba15001f\eframe-0.22.0\src\native\run.rs:221] request_redraw
15:25:25 [TRACE] (1) eframe::native::run: [C:\Users\darkm\.cargo\registry\src\index.crates.io-6f17d22bba15001f\eframe-0.22.0\src\native\run.rs:160] Got outdated UserEvent::RequestRepaint
15:25:25 [INFO] eframe update fn running...
15:25:25 [TRACE] (1) eframe::native::run::glow_integration: [C:\Users\darkm\.cargo\registry\src\index.crates.io-6f17d22bba15001f\eframe-0.22.0\src\native\run.rs:734] request_repaint_callback: RequestRepaintInfo { after: 0ns, current_frame_nr: 66 }
15:25:25 [TRACE] (1) eframe::native::run: [C:\Users\darkm\.cargo\registry\src\index.crates.io-6f17d22bba15001f\eframe-0.22.0\src\native\run.rs:205] Repaint caused by winit::Event: RedrawEventsCleared
15:25:25 [TRACE] (1) eframe::native::run: [C:\Users\darkm\.cargo\registry\src\index.crates.io-6f17d22bba15001f\eframe-0.22.0\src\native\run.rs:221] request_redraw
15:25:25 [TRACE] (1) eframe::native::run: [C:\Users\darkm\.cargo\registry\src\index.crates.io-6f17d22bba15001f\eframe-0.22.0\src\native\run.rs:160] Got outdated UserEvent::RequestRepaint
15:25:25 [TRACE] (1) eframe::native::run: [C:\Users\darkm\.cargo\registry\src\index.crates.io-6f17d22bba15001f\eframe-0.22.0\src\native\run.rs:205] Repaint caused by winit::Event: WindowEvent { window_id: WindowId(WindowId(266618)), event: CursorMoved { device_id: DeviceId(DeviceId(0)), position: PhysicalPosition { x: 60.0, y: 71.0 }, modifiers: (empty) } }
15:25:25 [TRACE] (1) eframe::native::run: [C:\Users\darkm\.cargo\registry\src\index.crates.io-6f17d22bba15001f\eframe-0.22.0\src\native\run.rs:221] request_redraw
15:25:25 [INFO] eframe update fn running...
15:25:25 [TRACE] (1) eframe::native::run::glow_integration: [C:\Users\darkm\.cargo\registry\src\index.crates.io-6f17d22bba15001f\eframe-0.22.0\src\native\run.rs:734] request_repaint_callback: RequestRepaintInfo { after: 0ns, current_frame_nr: 67 }
15:25:25 [TRACE] (1) eframe::native::run: [C:\Users\darkm\.cargo\registry\src\index.crates.io-6f17d22bba15001f\eframe-0.22.0\src\native\run.rs:205] Repaint caused by winit::Event: RedrawEventsCleared
15:25:25 [TRACE] (1) eframe::native::run: [C:\Users\darkm\.cargo\registry\src\index.crates.io-6f17d22bba15001f\eframe-0.22.0\src\native\run.rs:221] request_redraw
15:25:25 [TRACE] (1) eframe::native::run: [C:\Users\darkm\.cargo\registry\src\index.crates.io-6f17d22bba15001f\eframe-0.22.0\src\native\run.rs:160] Got outdated UserEvent::RequestRepaint
15:25:25 [TRACE] (1) eframe::native::run: [C:\Users\darkm\.cargo\registry\src\index.crates.io-6f17d22bba15001f\eframe-0.22.0\src\native\run.rs:205] Repaint caused by winit::Event: WindowEvent { window_id: WindowId(WindowId(266618)), event: CursorMoved { device_id: DeviceId(DeviceId(0)), position: PhysicalPosition { x: 59.0, y: 71.0 }, modifiers: (empty) } }
15:25:25 [TRACE] (1) eframe::native::run: [C:\Users\darkm\.cargo\registry\src\index.crates.io-6f17d22bba15001f\eframe-0.22.0\src\native\run.rs:221] request_redraw
15:25:25 [INFO] eframe update fn running...
15:25:25 [TRACE] (1) eframe::native::run::glow_integration: [C:\Users\darkm\.cargo\registry\src\index.crates.io-6f17d22bba15001f\eframe-0.22.0\src\native\run.rs:734] request_repaint_callback: RequestRepaintInfo { after: 0ns, current_frame_nr: 68 }
15:25:26 [TRACE] (1) eframe::native::run: [C:\Users\darkm\.cargo\registry\src\index.crates.io-6f17d22bba15001f\eframe-0.22.0\src\native\run.rs:205] Repaint caused by winit::Event: RedrawEventsCleared
15:25:26 [TRACE] (1) eframe::native::run: [C:\Users\darkm\.cargo\registry\src\index.crates.io-6f17d22bba15001f\eframe-0.22.0\src\native\run.rs:221] request_redraw
15:25:26 [TRACE] (1) eframe::native::run: [C:\Users\darkm\.cargo\registry\src\index.crates.io-6f17d22bba15001f\eframe-0.22.0\src\native\run.rs:160] Got outdated UserEvent::RequestRepaint
15:25:26 [TRACE] (1) eframe::native::run: [C:\Users\darkm\.cargo\registry\src\index.crates.io-6f17d22bba15001f\eframe-0.22.0\src\native\run.rs:205] Repaint caused by winit::Event: WindowEvent { window_id: WindowId(WindowId(266618)), event: CursorMoved { device_id: DeviceId(DeviceId(0)), position: PhysicalPosition { x: 58.0, y: 70.0 }, modifiers: (empty) } }
15:25:26 [TRACE] (1) eframe::native::run: [C:\Users\darkm\.cargo\registry\src\index.crates.io-6f17d22bba15001f\eframe-0.22.0\src\native\run.rs:221] request_redraw
15:25:26 [INFO] eframe update fn running...
15:25:26 [TRACE] (1) eframe::native::run::glow_integration: [C:\Users\darkm\.cargo\registry\src\index.crates.io-6f17d22bba15001f\eframe-0.22.0\src\native\run.rs:734] request_repaint_callback: RequestRepaintInfo { after: 0ns, current_frame_nr: 69 }
15:25:26 [TRACE] (1) eframe::native::run: [C:\Users\darkm\.cargo\registry\src\index.crates.io-6f17d22bba15001f\eframe-0.22.0\src\native\run.rs:205] Repaint caused by winit::Event: RedrawEventsCleared
15:25:26 [TRACE] (1) eframe::native::run: [C:\Users\darkm\.cargo\registry\src\index.crates.io-6f17d22bba15001f\eframe-0.22.0\src\native\run.rs:221] request_redraw
15:25:26 [TRACE] (1) eframe::native::run: [C:\Users\darkm\.cargo\registry\src\index.crates.io-6f17d22bba15001f\eframe-0.22.0\src\native\run.rs:160] Got outdated UserEvent::RequestRepaint
15:25:26 [INFO] eframe update fn running...
15:25:26 [TRACE] (1) eframe::native::run::glow_integration: [C:\Users\darkm\.cargo\registry\src\index.crates.io-6f17d22bba15001f\eframe-0.22.0\src\native\run.rs:734] request_repaint_callback: RequestRepaintInfo { after: 0ns, current_frame_nr: 70 }
15:25:26 [TRACE] (1) eframe::native::run: [C:\Users\darkm\.cargo\registry\src\index.crates.io-6f17d22bba15001f\eframe-0.22.0\src\native\run.rs:205] Repaint caused by winit::Event: RedrawEventsCleared
15:25:26 [TRACE] (1) eframe::native::run: [C:\Users\darkm\.cargo\registry\src\index.crates.io-6f17d22bba15001f\eframe-0.22.0\src\native\run.rs:221] request_redraw
15:25:26 [TRACE] (1) eframe::native::run: [C:\Users\darkm\.cargo\registry\src\index.crates.io-6f17d22bba15001f\eframe-0.22.0\src\native\run.rs:160] Got outdated UserEvent::RequestRepaint
15:25:26 [INFO] eframe update fn running...
15:25:26 [TRACE] (1) eframe::native::run::glow_integration: [C:\Users\darkm\.cargo\registry\src\index.crates.io-6f17d22bba15001f\eframe-0.22.0\src\native\run.rs:734] request_repaint_callback: RequestRepaintInfo { after: 0ns, current_frame_nr: 71 }
15:25:26 [TRACE] (1) eframe::native::run: [C:\Users\darkm\.cargo\registry\src\index.crates.io-6f17d22bba15001f\eframe-0.22.0\src\native\run.rs:205] Repaint caused by winit::Event: RedrawEventsCleared
15:25:26 [TRACE] (1) eframe::native::run: [C:\Users\darkm\.cargo\registry\src\index.crates.io-6f17d22bba15001f\eframe-0.22.0\src\native\run.rs:221] request_redraw
15:25:26 [TRACE] (1) eframe::native::run: [C:\Users\darkm\.cargo\registry\src\index.crates.io-6f17d22bba15001f\eframe-0.22.0\src\native\run.rs:160] Got outdated UserEvent::RequestRepaint
15:25:26 [INFO] eframe update fn running...
15:25:26 [TRACE] (1) eframe::native::run::glow_integration: [C:\Users\darkm\.cargo\registry\src\index.crates.io-6f17d22bba15001f\eframe-0.22.0\src\native\run.rs:734] request_repaint_callback: RequestRepaintInfo { after: 0ns, current_frame_nr: 72 }
15:25:26 [TRACE] (1) eframe::native::run: [C:\Users\darkm\.cargo\registry\src\index.crates.io-6f17d22bba15001f\eframe-0.22.0\src\native\run.rs:205] Repaint caused by winit::Event: RedrawEventsCleared
15:25:26 [TRACE] (1) eframe::native::run: [C:\Users\darkm\.cargo\registry\src\index.crates.io-6f17d22bba15001f\eframe-0.22.0\src\native\run.rs:221] request_redraw
15:25:26 [TRACE] (1) eframe::native::run: [C:\Users\darkm\.cargo\registry\src\index.crates.io-6f17d22bba15001f\eframe-0.22.0\src\native\run.rs:160] Got outdated UserEvent::RequestRepaint
15:25:26 [INFO] eframe update fn running...
15:25:26 [TRACE] (1) eframe::native::run::glow_integration: [C:\Users\darkm\.cargo\registry\src\index.crates.io-6f17d22bba15001f\eframe-0.22.0\src\native\run.rs:734] request_repaint_callback: RequestRepaintInfo { after: 0ns, current_frame_nr: 73 }
15:25:26 [TRACE] (1) eframe::native::run: [C:\Users\darkm\.cargo\registry\src\index.crates.io-6f17d22bba15001f\eframe-0.22.0\src\native\run.rs:205] Repaint caused by winit::Event: RedrawEventsCleared
15:25:26 [TRACE] (1) eframe::native::run: [C:\Users\darkm\.cargo\registry\src\index.crates.io-6f17d22bba15001f\eframe-0.22.0\src\native\run.rs:221] request_redraw
15:25:26 [TRACE] (1) eframe::native::run: [C:\Users\darkm\.cargo\registry\src\index.crates.io-6f17d22bba15001f\eframe-0.22.0\src\native\run.rs:160] Got outdated UserEvent::RequestRepaint
15:25:26 [INFO] eframe update fn running...
15:25:26 [TRACE] (1) eframe::native::run::glow_integration: [C:\Users\darkm\.cargo\registry\src\index.crates.io-6f17d22bba15001f\eframe-0.22.0\src\native\run.rs:734] request_repaint_callback: RequestRepaintInfo { after: 0ns, current_frame_nr: 74 }
15:25:26 [TRACE] (1) eframe::native::run: [C:\Users\darkm\.cargo\registry\src\index.crates.io-6f17d22bba15001f\eframe-0.22.0\src\native\run.rs:205] Repaint caused by winit::Event: RedrawEventsCleared
15:25:26 [TRACE] (1) eframe::native::run: [C:\Users\darkm\.cargo\registry\src\index.crates.io-6f17d22bba15001f\eframe-0.22.0\src\native\run.rs:221] request_redraw
15:25:26 [TRACE] (1) eframe::native::run: [C:\Users\darkm\.cargo\registry\src\index.crates.io-6f17d22bba15001f\eframe-0.22.0\src\native\run.rs:160] Got outdated UserEvent::RequestRepaint
15:25:26 [INFO] eframe update fn running...
15:25:26 [TRACE] (1) eframe::native::run::glow_integration: [C:\Users\darkm\.cargo\registry\src\index.crates.io-6f17d22bba15001f\eframe-0.22.0\src\native\run.rs:734] request_repaint_callback: RequestRepaintInfo { after: 0ns, current_frame_nr: 75 }
15:25:26 [TRACE] (1) eframe::native::run: [C:\Users\darkm\.cargo\registry\src\index.crates.io-6f17d22bba15001f\eframe-0.22.0\src\native\run.rs:205] Repaint caused by winit::Event: RedrawEventsCleared
15:25:26 [TRACE] (1) eframe::native::run: [C:\Users\darkm\.cargo\registry\src\index.crates.io-6f17d22bba15001f\eframe-0.22.0\src\native\run.rs:221] request_redraw
15:25:26 [TRACE] (1) eframe::native::run: [C:\Users\darkm\.cargo\registry\src\index.crates.io-6f17d22bba15001f\eframe-0.22.0\src\native\run.rs:160] Got outdated UserEvent::RequestRepaint
15:25:26 [INFO] eframe update fn running...
15:25:26 [TRACE] (1) eframe::native::run: [C:\Users\darkm\.cargo\registry\src\index.crates.io-6f17d22bba15001f\eframe-0.22.0\src\native\run.rs:205] Repaint caused by winit::Event: RedrawEventsCleared
15:25:26 [TRACE] (1) eframe::native::run: [C:\Users\darkm\.cargo\registry\src\index.crates.io-6f17d22bba15001f\eframe-0.22.0\src\native\run.rs:221] request_redraw
15:25:26 [INFO] eframe update fn running...
15:25:26 [TRACE] (1) eframe::native::run: [C:\Users\darkm\.cargo\registry\src\index.crates.io-6f17d22bba15001f\eframe-0.22.0\src\native\run.rs:205] Repaint caused by winit::Event: WindowEvent { window_id: WindowId(WindowId(266618)), event: MouseInput { device_id: DeviceId(DeviceId(0)), state: Pressed, button: Left, modifiers: (empty) } }
15:25:26 [TRACE] (1) eframe::native::run: [C:\Users\darkm\.cargo\registry\src\index.crates.io-6f17d22bba15001f\eframe-0.22.0\src\native\run.rs:221] request_redraw
15:25:26 [INFO] eframe update fn running...
15:25:26 [TRACE] (1) eframe::native::run::glow_integration: [C:\Users\darkm\.cargo\registry\src\index.crates.io-6f17d22bba15001f\eframe-0.22.0\src\native\run.rs:734] request_repaint_callback: RequestRepaintInfo { after: 0ns, current_frame_nr: 78 }
15:25:26 [TRACE] (1) eframe::native::run: [C:\Users\darkm\.cargo\registry\src\index.crates.io-6f17d22bba15001f\eframe-0.22.0\src\native\run.rs:205] Repaint caused by winit::Event: RedrawEventsCleared
15:25:26 [TRACE] (1) eframe::native::run: [C:\Users\darkm\.cargo\registry\src\index.crates.io-6f17d22bba15001f\eframe-0.22.0\src\native\run.rs:221] request_redraw
15:25:26 [TRACE] (1) eframe::native::run: [C:\Users\darkm\.cargo\registry\src\index.crates.io-6f17d22bba15001f\eframe-0.22.0\src\native\run.rs:160] Got outdated UserEvent::RequestRepaint
15:25:26 [INFO] eframe update fn running...
15:25:26 [TRACE] (1) eframe::native::run: [C:\Users\darkm\.cargo\registry\src\index.crates.io-6f17d22bba15001f\eframe-0.22.0\src\native\run.rs:205] Repaint caused by winit::Event: RedrawEventsCleared
15:25:26 [TRACE] (1) eframe::native::run: [C:\Users\darkm\.cargo\registry\src\index.crates.io-6f17d22bba15001f\eframe-0.22.0\src\native\run.rs:221] request_redraw
15:25:26 [INFO] eframe update fn running...
15:25:26 [TRACE] (1) eframe::native::run: [C:\Users\darkm\.cargo\registry\src\index.crates.io-6f17d22bba15001f\eframe-0.22.0\src\native\run.rs:205] Repaint caused by winit::Event: WindowEvent { window_id: WindowId(WindowId(266618)), event: MouseInput { device_id: DeviceId(DeviceId(0)), state: Released, button: Left, modifiers: (empty) } }
15:25:26 [TRACE] (1) eframe::native::run: [C:\Users\darkm\.cargo\registry\src\index.crates.io-6f17d22bba15001f\eframe-0.22.0\src\native\run.rs:221] request_redraw
15:25:26 [INFO] eframe update fn running...
15:25:26 [TRACE] (1) eframe::native::run::glow_integration: [C:\Users\darkm\.cargo\registry\src\index.crates.io-6f17d22bba15001f\eframe-0.22.0\src\native\run.rs:734] request_repaint_callback: RequestRepaintInfo { after: 0ns, current_frame_nr: 81 }
15:25:26 [TRACE] (1) eframe::native::run: [C:\Users\darkm\.cargo\registry\src\index.crates.io-6f17d22bba15001f\eframe-0.22.0\src\native\run.rs:205] Repaint caused by winit::Event: RedrawEventsCleared
15:25:26 [TRACE] (1) eframe::native::run: [C:\Users\darkm\.cargo\registry\src\index.crates.io-6f17d22bba15001f\eframe-0.22.0\src\native\run.rs:221] request_redraw
15:25:26 [TRACE] (1) eframe::native::run: [C:\Users\darkm\.cargo\registry\src\index.crates.io-6f17d22bba15001f\eframe-0.22.0\src\native\run.rs:160] Got outdated UserEvent::RequestRepaint
15:25:26 [INFO] eframe update fn running...
15:25:26 [TRACE] (1) eframe::native::run: [C:\Users\darkm\.cargo\registry\src\index.crates.io-6f17d22bba15001f\eframe-0.22.0\src\native\run.rs:205] Repaint caused by winit::Event: RedrawEventsCleared
15:25:26 [TRACE] (1) eframe::native::run: [C:\Users\darkm\.cargo\registry\src\index.crates.io-6f17d22bba15001f\eframe-0.22.0\src\native\run.rs:221] request_redraw
15:25:26 [INFO] eframe update fn running...
15:25:26 [INFO] eframe update fn running...
15:25:26 [TRACE] (1) eframe::native::run: [C:\Users\darkm\.cargo\registry\src\index.crates.io-6f17d22bba15001f\eframe-0.22.0\src\native\run.rs:205] Repaint caused by winit::Event: WindowEvent { window_id: WindowId(WindowId(266618)), event: CursorMoved { device_id: DeviceId(DeviceId(0)), position: PhysicalPosition { x: 80.0, y: 102.0 }, modifiers: (empty) } }
15:25:26 [TRACE] (1) eframe::native::run: [C:\Users\darkm\.cargo\registry\src\index.crates.io-6f17d22bba15001f\eframe-0.22.0\src\native\run.rs:221] request_redraw
15:25:26 [TRACE] (1) eframe::native::run: [C:\Users\darkm\.cargo\registry\src\index.crates.io-6f17d22bba15001f\eframe-0.22.0\src\native\run.rs:205] Repaint caused by winit::Event: WindowEvent { window_id: WindowId(WindowId(266618)), event: CursorMoved { device_id: DeviceId(DeviceId(0)), position: PhysicalPosition { x: 81.0, y: 104.0 }, modifiers: (empty) } }
15:25:26 [TRACE] (1) eframe::native::run: [C:\Users\darkm\.cargo\registry\src\index.crates.io-6f17d22bba15001f\eframe-0.22.0\src\native\run.rs:221] request_redraw
15:25:26 [INFO] eframe update fn running...
15:25:26 [TRACE] (1) eframe::native::run::glow_integration: [C:\Users\darkm\.cargo\registry\src\index.crates.io-6f17d22bba15001f\eframe-0.22.0\src\native\run.rs:734] request_repaint_callback: RequestRepaintInfo { after: 0ns, current_frame_nr: 85 }
15:25:26 [TRACE] (1) eframe::native::run: [C:\Users\darkm\.cargo\registry\src\index.crates.io-6f17d22bba15001f\eframe-0.22.0\src\native\run.rs:205] Repaint caused by winit::Event: RedrawEventsCleared
15:25:26 [TRACE] (1) eframe::native::run: [C:\Users\darkm\.cargo\registry\src\index.crates.io-6f17d22bba15001f\eframe-0.22.0\src\native\run.rs:221] request_redraw
15:25:26 [TRACE] (1) eframe::native::run: [C:\Users\darkm\.cargo\registry\src\index.crates.io-6f17d22bba15001f\eframe-0.22.0\src\native\run.rs:160] Got outdated UserEvent::RequestRepaint
15:25:26 [TRACE] (1) eframe::native::run: [C:\Users\darkm\.cargo\registry\src\index.crates.io-6f17d22bba15001f\eframe-0.22.0\src\native\run.rs:205] Repaint caused by winit::Event: WindowEvent { window_id: WindowId(WindowId(266618)), event: CursorMoved { device_id: DeviceId(DeviceId(0)), position: PhysicalPosition { x: 148.0, y: 241.0 }, modifiers: (empty) } }
15:25:26 [TRACE] (1) eframe::native::run: [C:\Users\darkm\.cargo\registry\src\index.crates.io-6f17d22bba15001f\eframe-0.22.0\src\native\run.rs:221] request_redraw
15:25:26 [INFO] eframe update fn running...
15:25:26 [TRACE] (1) eframe::native::run::glow_integration: [C:\Users\darkm\.cargo\registry\src\index.crates.io-6f17d22bba15001f\eframe-0.22.0\src\native\run.rs:734] request_repaint_callback: RequestRepaintInfo { after: 0ns, current_frame_nr: 86 }
15:25:26 [TRACE] (1) eframe::native::run: [C:\Users\darkm\.cargo\registry\src\index.crates.io-6f17d22bba15001f\eframe-0.22.0\src\native\run.rs:205] Repaint caused by winit::Event: RedrawEventsCleared
15:25:26 [TRACE] (1) eframe::native::run: [C:\Users\darkm\.cargo\registry\src\index.crates.io-6f17d22bba15001f\eframe-0.22.0\src\native\run.rs:221] request_redraw
15:25:26 [TRACE] (1) eframe::native::run: [C:\Users\darkm\.cargo\registry\src\index.crates.io-6f17d22bba15001f\eframe-0.22.0\src\native\run.rs:160] Got outdated UserEvent::RequestRepaint
15:25:26 [TRACE] (1) eframe::native::run: [C:\Users\darkm\.cargo\registry\src\index.crates.io-6f17d22bba15001f\eframe-0.22.0\src\native\run.rs:205] Repaint caused by winit::Event: WindowEvent { window_id: WindowId(WindowId(266618)), event: CursorMoved { device_id: DeviceId(DeviceId(0)), position: PhysicalPosition { x: 162.0, y: 270.0 }, modifiers: (empty) } }
15:25:26 [TRACE] (1) eframe::native::run: [C:\Users\darkm\.cargo\registry\src\index.crates.io-6f17d22bba15001f\eframe-0.22.0\src\native\run.rs:221] request_redraw
15:25:26 [INFO] eframe update fn running...
15:25:55 [TRACE] (1) eframe::native::run::glow_integration: [C:\Users\darkm\.cargo\registry\src\index.crates.io-6f17d22bba15001f\eframe-0.22.0\src\native\run.rs:734] request_repaint_callback: RequestRepaintInfo { after: 0ns, current_frame_nr: 87 }
15:25:55 [TRACE] (1) eframe::native::run: [C:\Users\darkm\.cargo\registry\src\index.crates.io-6f17d22bba15001f\eframe-0.22.0\src\native\run.rs:205] Repaint caused by winit::Event: RedrawEventsCleared
15:25:55 [TRACE] (1) eframe::native::run: [C:\Users\darkm\.cargo\registry\src\index.crates.io-6f17d22bba15001f\eframe-0.22.0\src\native\run.rs:221] request_redraw
15:25:55 [TRACE] (1) eframe::native::run: [C:\Users\darkm\.cargo\registry\src\index.crates.io-6f17d22bba15001f\eframe-0.22.0\src\native\run.rs:160] Got outdated UserEvent::RequestRepaint
15:25:55 [TRACE] (1) eframe::native::run: [C:\Users\darkm\.cargo\registry\src\index.crates.io-6f17d22bba15001f\eframe-0.22.0\src\native\run.rs:205] Repaint caused by winit::Event: WindowEvent { window_id: WindowId(WindowId(266618)), event: CursorLeft { device_id: DeviceId(DeviceId(0)) } }
15:25:55 [TRACE] (1) eframe::native::run: [C:\Users\darkm\.cargo\registry\src\index.crates.io-6f17d22bba15001f\eframe-0.22.0\src\native\run.rs:221] request_redraw
15:25:55 [TRACE] (1) eframe::native::run: [C:\Users\darkm\.cargo\registry\src\index.crates.io-6f17d22bba15001f\eframe-0.22.0\src\native\run.rs:205] Repaint caused by winit::Event: WindowEvent { window_id: WindowId(WindowId(266618)), event: ModifiersChanged((empty)) }
15:25:55 [TRACE] (1) eframe::native::run: [C:\Users\darkm\.cargo\registry\src\index.crates.io-6f17d22bba15001f\eframe-0.22.0\src\native\run.rs:221] request_redraw
15:25:55 [TRACE] (1) eframe::native::run: [C:\Users\darkm\.cargo\registry\src\index.crates.io-6f17d22bba15001f\eframe-0.22.0\src\native\run.rs:205] Repaint caused by winit::Event: WindowEvent { window_id: WindowId(WindowId(266618)), event: Focused(false) }
15:25:55 [TRACE] (1) eframe::native::run: [C:\Users\darkm\.cargo\registry\src\index.crates.io-6f17d22bba15001f\eframe-0.22.0\src\native\run.rs:221] request_redraw
15:25:55 [INFO] eframe update fn running...
15:25:56 [TRACE] (1) eframe::native::run::glow_integration: [C:\Users\darkm\.cargo\registry\src\index.crates.io-6f17d22bba15001f\eframe-0.22.0\src\native\run.rs:734] request_repaint_callback: RequestRepaintInfo { after: 0ns, current_frame_nr: 88 }
15:25:56 [TRACE] (1) eframe::native::run: [C:\Users\darkm\.cargo\registry\src\index.crates.io-6f17d22bba15001f\eframe-0.22.0\src\native\run.rs:205] Repaint caused by winit::Event: RedrawEventsCleared
15:25:56 [TRACE] (1) eframe::native::run: [C:\Users\darkm\.cargo\registry\src\index.crates.io-6f17d22bba15001f\eframe-0.22.0\src\native\run.rs:221] request_redraw
15:25:56 [TRACE] (1) eframe::native::run: [C:\Users\darkm\.cargo\registry\src\index.crates.io-6f17d22bba15001f\eframe-0.22.0\src\native\run.rs:160] Got outdated UserEvent::RequestRepaint
15:25:56 [INFO] eframe update fn running...
15:25:56 [TRACE] (1) eframe::native::run: [C:\Users\darkm\.cargo\registry\src\index.crates.io-6f17d22bba15001f\eframe-0.22.0\src\native\run.rs:205] Repaint caused by winit::Event: RedrawEventsCleared
15:25:56 [TRACE] (1) eframe::native::run: [C:\Users\darkm\.cargo\registry\src\index.crates.io-6f17d22bba15001f\eframe-0.22.0\src\native\run.rs:221] request_redraw
15:25:56 [INFO] eframe update fn running...
15:25:59 [TRACE] (1) eframe::native::run: [C:\Users\darkm\.cargo\registry\src\index.crates.io-6f17d22bba15001f\eframe-0.22.0\src\native\run.rs:205] Repaint caused by winit::Event: WindowEvent { window_id: WindowId(WindowId(266618)), event: KeyboardInput { device_id: DeviceId(DeviceId(0)), input: KeyboardInput { scancode: 0, state: Released, virtual_keycode: None, modifiers: (empty) }, is_synthetic: true } }
15:25:59 [TRACE] (1) eframe::native::run: [C:\Users\darkm\.cargo\registry\src\index.crates.io-6f17d22bba15001f\eframe-0.22.0\src\native\run.rs:221] request_redraw
15:25:59 [TRACE] (1) eframe::native::run: [C:\Users\darkm\.cargo\registry\src\index.crates.io-6f17d22bba15001f\eframe-0.22.0\src\native\run.rs:205] Repaint caused by winit::Event: WindowEvent { window_id: WindowId(WindowId(266618)), event: Focused(true) }
15:25:59 [TRACE] (1) eframe::native::run: [C:\Users\darkm\.cargo\registry\src\index.crates.io-6f17d22bba15001f\eframe-0.22.0\src\native\run.rs:221] request_redraw
15:25:59 [INFO] eframe update fn running...
15:25:59 [TRACE] (1) eframe::native::run::glow_integration: [C:\Users\darkm\.cargo\registry\src\index.crates.io-6f17d22bba15001f\eframe-0.22.0\src\native\run.rs:734] request_repaint_callback: RequestRepaintInfo { after: 0ns, current_frame_nr: 91 }
15:25:59 [TRACE] (1) eframe::native::run: [C:\Users\darkm\.cargo\registry\src\index.crates.io-6f17d22bba15001f\eframe-0.22.0\src\native\run.rs:205] Repaint caused by winit::Event: RedrawEventsCleared
15:25:59 [TRACE] (1) eframe::native::run: [C:\Users\darkm\.cargo\registry\src\index.crates.io-6f17d22bba15001f\eframe-0.22.0\src\native\run.rs:221] request_redraw
15:25:59 [TRACE] (1) eframe::native::run: [C:\Users\darkm\.cargo\registry\src\index.crates.io-6f17d22bba15001f\eframe-0.22.0\src\native\run.rs:160] Got outdated UserEvent::RequestRepaint
15:25:59 [INFO] eframe update fn running...
15:25:59 [TRACE] (1) eframe::native::run: [C:\Users\darkm\.cargo\registry\src\index.crates.io-6f17d22bba15001f\eframe-0.22.0\src\native\run.rs:205] Repaint caused by winit::Event: RedrawEventsCleared
15:25:59 [TRACE] (1) eframe::native::run: [C:\Users\darkm\.cargo\registry\src\index.crates.io-6f17d22bba15001f\eframe-0.22.0\src\native\run.rs:221] request_redraw
15:25:59 [INFO] eframe update fn running...
15:25:59 [INFO] eframe update fn running...
15:25:59 [INFO] eframe update fn running...
15:25:59 [INFO] eframe update fn running...
15:26:00 [INFO] eframe update fn running...
15:26:00 [INFO] eframe update fn running...
15:26:02 [INFO] eframe update fn running...
15:26:02 [TRACE] (1) eframe::native::run: [C:\Users\darkm\.cargo\registry\src\index.crates.io-6f17d22bba15001f\eframe-0.22.0\src\native\run.rs:205] Repaint caused by winit::Event: WindowEvent { window_id: WindowId(WindowId(266618)), event: CursorEntered { device_id: DeviceId(DeviceId(0)) } }
15:26:02 [TRACE] (1) eframe::native::run: [C:\Users\darkm\.cargo\registry\src\index.crates.io-6f17d22bba15001f\eframe-0.22.0\src\native\run.rs:221] request_redraw
15:26:02 [TRACE] (1) eframe::native::run: [C:\Users\darkm\.cargo\registry\src\index.crates.io-6f17d22bba15001f\eframe-0.22.0\src\native\run.rs:205] Repaint caused by winit::Event: WindowEvent { window_id: WindowId(WindowId(266618)), event: CursorMoved { device_id: DeviceId(DeviceId(0)), position: PhysicalPosition { x: 325.0, y: 88.0 }, modifiers: (empty) } }
15:26:02 [TRACE] (1) eframe::native::run: [C:\Users\darkm\.cargo\registry\src\index.crates.io-6f17d22bba15001f\eframe-0.22.0\src\native\run.rs:221] request_redraw
15:26:02 [TRACE] (1) eframe::native::run: [C:\Users\darkm\.cargo\registry\src\index.crates.io-6f17d22bba15001f\eframe-0.22.0\src\native\run.rs:205] Repaint caused by winit::Event: WindowEvent { window_id: WindowId(WindowId(266618)), event: CursorMoved { device_id: DeviceId(DeviceId(0)), position: PhysicalPosition { x: 307.0, y: 90.0 }, modifiers: (empty) } }
15:26:02 [TRACE] (1) eframe::native::run: [C:\Users\darkm\.cargo\registry\src\index.crates.io-6f17d22bba15001f\eframe-0.22.0\src\native\run.rs:221] request_redraw
15:26:02 [TRACE] (1) eframe::native::run: [C:\Users\darkm\.cargo\registry\src\index.crates.io-6f17d22bba15001f\eframe-0.22.0\src\native\run.rs:205] Repaint caused by winit::Event: WindowEvent { window_id: WindowId(WindowId(266618)), event: CursorMoved { device_id: DeviceId(DeviceId(0)), position: PhysicalPosition { x: 304.0, y: 90.0 }, modifiers: (empty) } }
15:26:02 [TRACE] (1) eframe::native::run: [C:\Users\darkm\.cargo\registry\src\index.crates.io-6f17d22bba15001f\eframe-0.22.0\src\native\run.rs:221] request_redraw
15:26:02 [TRACE] (1) eframe::native::run: [C:\Users\darkm\.cargo\registry\src\index.crates.io-6f17d22bba15001f\eframe-0.22.0\src\native\run.rs:205] Repaint caused by winit::Event: WindowEvent { window_id: WindowId(WindowId(266618)), event: CursorMoved { device_id: DeviceId(DeviceId(0)), position: PhysicalPosition { x: 301.0, y: 91.0 }, modifiers: (empty) } }
15:26:02 [TRACE] (1) eframe::native::run: [C:\Users\darkm\.cargo\registry\src\index.crates.io-6f17d22bba15001f\eframe-0.22.0\src\native\run.rs:221] request_redraw
15:26:02 [INFO] eframe update fn running...
15:26:04 [TRACE] (1) eframe::native::run::glow_integration: [C:\Users\darkm\.cargo\registry\src\index.crates.io-6f17d22bba15001f\eframe-0.22.0\src\native\run.rs:734] request_repaint_callback: RequestRepaintInfo { after: 0ns, current_frame_nr: 100 }
15:26:04 [TRACE] (1) eframe::native::run: [C:\Users\darkm\.cargo\registry\src\index.crates.io-6f17d22bba15001f\eframe-0.22.0\src\native\run.rs:205] Repaint caused by winit::Event: RedrawEventsCleared
15:26:04 [TRACE] (1) eframe::native::run: [C:\Users\darkm\.cargo\registry\src\index.crates.io-6f17d22bba15001f\eframe-0.22.0\src\native\run.rs:221] request_redraw
15:26:04 [TRACE] (1) eframe::native::run: [C:\Users\darkm\.cargo\registry\src\index.crates.io-6f17d22bba15001f\eframe-0.22.0\src\native\run.rs:160] Got outdated UserEvent::RequestRepaint
15:26:04 [TRACE] (1) eframe::native::run: [C:\Users\darkm\.cargo\registry\src\index.crates.io-6f17d22bba15001f\eframe-0.22.0\src\native\run.rs:205] Repaint caused by winit::Event: WindowEvent { window_id: WindowId(WindowId(266618)), event: CursorMoved { device_id: DeviceId(DeviceId(0)), position: PhysicalPosition { x: 218.0, y: 388.0 }, modifiers: (empty) } }
15:26:04 [TRACE] (1) eframe::native::run: [C:\Users\darkm\.cargo\registry\src\index.crates.io-6f17d22bba15001f\eframe-0.22.0\src\native\run.rs:221] request_redraw
15:26:04 [INFO] eframe update fn running...
15:26:04 [TRACE] (1) eframe::native::run::glow_integration: [C:\Users\darkm\.cargo\registry\src\index.crates.io-6f17d22bba15001f\eframe-0.22.0\src\native\run.rs:734] request_repaint_callback: RequestRepaintInfo { after: 0ns, current_frame_nr: 101 }
15:26:04 [TRACE] (1) eframe::native::run: [C:\Users\darkm\.cargo\registry\src\index.crates.io-6f17d22bba15001f\eframe-0.22.0\src\native\run.rs:205] Repaint caused by winit::Event: RedrawEventsCleared
15:26:04 [TRACE] (1) eframe::native::run: [C:\Users\darkm\.cargo\registry\src\index.crates.io-6f17d22bba15001f\eframe-0.22.0\src\native\run.rs:221] request_redraw
15:26:04 [TRACE] (1) eframe::native::run: [C:\Users\darkm\.cargo\registry\src\index.crates.io-6f17d22bba15001f\eframe-0.22.0\src\native\run.rs:160] Got outdated UserEvent::RequestRepaint
15:26:04 [INFO] eframe update fn running...
15:26:04 [TRACE] (1) eframe::native::run: [C:\Users\darkm\.cargo\registry\src\index.crates.io-6f17d22bba15001f\eframe-0.22.0\src\native\run.rs:205] Repaint caused by winit::Event: RedrawEventsCleared
15:26:04 [TRACE] (1) eframe::native::run: [C:\Users\darkm\.cargo\registry\src\index.crates.io-6f17d22bba15001f\eframe-0.22.0\src\native\run.rs:221] request_redraw
15:26:04 [INFO] eframe update fn running...
15:26:04 [INFO] eframe update fn running...
15:26:05 [TRACE] (1) eframe::native::run: [C:\Users\darkm\.cargo\registry\src\index.crates.io-6f17d22bba15001f\eframe-0.22.0\src\native\run.rs:205] Repaint caused by winit::Event: WindowEvent { window_id: WindowId(WindowId(266618)), event: CursorMoved { device_id: DeviceId(DeviceId(0)), position: PhysicalPosition { x: 214.0, y: 407.0 }, modifiers: (empty) } }
15:26:05 [TRACE] (1) eframe::native::run: [C:\Users\darkm\.cargo\registry\src\index.crates.io-6f17d22bba15001f\eframe-0.22.0\src\native\run.rs:221] request_redraw
15:26:05 [INFO] eframe update fn running...
15:26:05 [TRACE] (1) eframe::native::run::glow_integration: [C:\Users\darkm\.cargo\registry\src\index.crates.io-6f17d22bba15001f\eframe-0.22.0\src\native\run.rs:734] request_repaint_callback: RequestRepaintInfo { after: 0ns, current_frame_nr: 105 }
15:26:05 [TRACE] (1) eframe::native::run: [C:\Users\darkm\.cargo\registry\src\index.crates.io-6f17d22bba15001f\eframe-0.22.0\src\native\run.rs:205] Repaint caused by winit::Event: RedrawEventsCleared
15:26:05 [TRACE] (1) eframe::native::run: [C:\Users\darkm\.cargo\registry\src\index.crates.io-6f17d22bba15001f\eframe-0.22.0\src\native\run.rs:221] request_redraw
15:26:05 [TRACE] (1) eframe::native::run: [C:\Users\darkm\.cargo\registry\src\index.crates.io-6f17d22bba15001f\eframe-0.22.0\src\native\run.rs:160] Got outdated UserEvent::RequestRepaint
15:26:05 [TRACE] (1) eframe::native::run: [C:\Users\darkm\.cargo\registry\src\index.crates.io-6f17d22bba15001f\eframe-0.22.0\src\native\run.rs:205] Repaint caused by winit::Event: WindowEvent { window_id: WindowId(WindowId(266618)), event: CursorMoved { device_id: DeviceId(DeviceId(0)), position: PhysicalPosition { x: 211.0, y: 428.0 }, modifiers: (empty) } }
15:26:05 [TRACE] (1) eframe::native::run: [C:\Users\darkm\.cargo\registry\src\index.crates.io-6f17d22bba15001f\eframe-0.22.0\src\native\run.rs:221] request_redraw
15:26:05 [INFO] eframe update fn running...
15:26:05 [TRACE] (1) eframe::native::run::glow_integration: [C:\Users\darkm\.cargo\registry\src\index.crates.io-6f17d22bba15001f\eframe-0.22.0\src\native\run.rs:734] request_repaint_callback: RequestRepaintInfo { after: 0ns, current_frame_nr: 106 }
15:26:05 [TRACE] (1) eframe::native::run: [C:\Users\darkm\.cargo\registry\src\index.crates.io-6f17d22bba15001f\eframe-0.22.0\src\native\run.rs:205] Repaint caused by winit::Event: RedrawEventsCleared
15:26:05 [TRACE] (1) eframe::native::run: [C:\Users\darkm\.cargo\registry\src\index.crates.io-6f17d22bba15001f\eframe-0.22.0\src\native\run.rs:221] request_redraw
15:26:05 [TRACE] (1) eframe::native::run: [C:\Users\darkm\.cargo\registry\src\index.crates.io-6f17d22bba15001f\eframe-0.22.0\src\native\run.rs:160] Got outdated UserEvent::RequestRepaint
15:26:05 [TRACE] (1) eframe::native::run: [C:\Users\darkm\.cargo\registry\src\index.crates.io-6f17d22bba15001f\eframe-0.22.0\src\native\run.rs:205] Repaint caused by winit::Event: WindowEvent { window_id: WindowId(WindowId(266618)), event: CursorMoved { device_id: DeviceId(DeviceId(0)), position: PhysicalPosition { x: 206.0, y: 449.0 }, modifiers: (empty) } }
15:26:05 [TRACE] (1) eframe::native::run: [C:\Users\darkm\.cargo\registry\src\index.crates.io-6f17d22bba15001f\eframe-0.22.0\src\native\run.rs:221] request_redraw
15:26:05 [TRACE] (1) eframe::native::run: [C:\Users\darkm\.cargo\registry\src\index.crates.io-6f17d22bba15001f\eframe-0.22.0\src\native\run.rs:205] Repaint caused by winit::Event: WindowEvent { window_id: WindowId(WindowId(266618)), event: CursorMoved { device_id: DeviceId(DeviceId(0)), position: PhysicalPosition { x: 206.0, y: 450.0 }, modifiers: (empty) } }
15:26:05 [TRACE] (1) eframe::native::run: [C:\Users\darkm\.cargo\registry\src\index.crates.io-6f17d22bba15001f\eframe-0.22.0\src\native\run.rs:221] request_redraw
15:26:05 [INFO] eframe update fn running...
15:26:05 [TRACE] (1) eframe::native::run::glow_integration: [C:\Users\darkm\.cargo\registry\src\index.crates.io-6f17d22bba15001f\eframe-0.22.0\src\native\run.rs:734] request_repaint_callback: RequestRepaintInfo { after: 0ns, current_frame_nr: 107 }
15:26:05 [TRACE] (1) eframe::native::run: [C:\Users\darkm\.cargo\registry\src\index.crates.io-6f17d22bba15001f\eframe-0.22.0\src\native\run.rs:205] Repaint caused by winit::Event: RedrawEventsCleared
15:26:05 [TRACE] (1) eframe::native::run: [C:\Users\darkm\.cargo\registry\src\index.crates.io-6f17d22bba15001f\eframe-0.22.0\src\native\run.rs:221] request_redraw
15:26:05 [TRACE] (1) eframe::native::run: [C:\Users\darkm\.cargo\registry\src\index.crates.io-6f17d22bba15001f\eframe-0.22.0\src\native\run.rs:160] Got outdated UserEvent::RequestRepaint
15:26:05 [TRACE] (1) eframe::native::run: [C:\Users\darkm\.cargo\registry\src\index.crates.io-6f17d22bba15001f\eframe-0.22.0\src\native\run.rs:205] Repaint caused by winit::Event: WindowEvent { window_id: WindowId(WindowId(266618)), event: CursorMoved { device_id: DeviceId(DeviceId(0)), position: PhysicalPosition { x: 200.0, y: 466.0 }, modifiers: (empty) } }
15:26:05 [TRACE] (1) eframe::native::run: [C:\Users\darkm\.cargo\registry\src\index.crates.io-6f17d22bba15001f\eframe-0.22.0\src\native\run.rs:221] request_redraw
15:26:05 [TRACE] (1) eframe::native::run: [C:\Users\darkm\.cargo\registry\src\index.crates.io-6f17d22bba15001f\eframe-0.22.0\src\native\run.rs:205] Repaint caused by winit::Event: WindowEvent { window_id: WindowId(WindowId(266618)), event: CursorMoved { device_id: DeviceId(DeviceId(0)), position: PhysicalPosition { x: 200.0, y: 467.0 }, modifiers: (empty) } }
15:26:05 [TRACE] (1) eframe::native::run: [C:\Users\darkm\.cargo\registry\src\index.crates.io-6f17d22bba15001f\eframe-0.22.0\src\native\run.rs:221] request_redraw
15:26:05 [INFO] eframe update fn running...
15:26:05 [TRACE] (1) eframe::native::run::glow_integration: [C:\Users\darkm\.cargo\registry\src\index.crates.io-6f17d22bba15001f\eframe-0.22.0\src\native\run.rs:734] request_repaint_callback: RequestRepaintInfo { after: 0ns, current_frame_nr: 108 }
15:26:05 [TRACE] (1) eframe::native::run: [C:\Users\darkm\.cargo\registry\src\index.crates.io-6f17d22bba15001f\eframe-0.22.0\src\native\run.rs:205] Repaint caused by winit::Event: RedrawEventsCleared
15:26:05 [TRACE] (1) eframe::native::run: [C:\Users\darkm\.cargo\registry\src\index.crates.io-6f17d22bba15001f\eframe-0.22.0\src\native\run.rs:221] request_redraw
15:26:05 [TRACE] (1) eframe::native::run: [C:\Users\darkm\.cargo\registry\src\index.crates.io-6f17d22bba15001f\eframe-0.22.0\src\native\run.rs:160] Got outdated UserEvent::RequestRepaint
15:26:05 [TRACE] (1) eframe::native::run: [C:\Users\darkm\.cargo\registry\src\index.crates.io-6f17d22bba15001f\eframe-0.22.0\src\native\run.rs:205] Repaint caused by winit::Event: WindowEvent { window_id: WindowId(WindowId(266618)), event: CursorMoved { device_id: DeviceId(DeviceId(0)), position: PhysicalPosition { x: 195.0, y: 480.0 }, modifiers: (empty) } }
15:26:05 [TRACE] (1) eframe::native::run: [C:\Users\darkm\.cargo\registry\src\index.crates.io-6f17d22bba15001f\eframe-0.22.0\src\native\run.rs:221] request_redraw
15:26:05 [TRACE] (1) eframe::native::run: [C:\Users\darkm\.cargo\registry\src\index.crates.io-6f17d22bba15001f\eframe-0.22.0\src\native\run.rs:205] Repaint caused by winit::Event: WindowEvent { window_id: WindowId(WindowId(266618)), event: CursorMoved { device_id: DeviceId(DeviceId(0)), position: PhysicalPosition { x: 194.0, y: 480.0 }, modifiers: (empty) } }
15:26:05 [TRACE] (1) eframe::native::run: [C:\Users\darkm\.cargo\registry\src\index.crates.io-6f17d22bba15001f\eframe-0.22.0\src\native\run.rs:221] request_redraw
15:26:05 [INFO] eframe update fn running...
15:26:05 [TRACE] (1) eframe::native::run::glow_integration: [C:\Users\darkm\.cargo\registry\src\index.crates.io-6f17d22bba15001f\eframe-0.22.0\src\native\run.rs:734] request_repaint_callback: RequestRepaintInfo { after: 0ns, current_frame_nr: 109 }
15:26:05 [TRACE] (1) eframe::native::run: [C:\Users\darkm\.cargo\registry\src\index.crates.io-6f17d22bba15001f\eframe-0.22.0\src\native\run.rs:205] Repaint caused by winit::Event: RedrawEventsCleared
15:26:05 [TRACE] (1) eframe::native::run: [C:\Users\darkm\.cargo\registry\src\index.crates.io-6f17d22bba15001f\eframe-0.22.0\src\native\run.rs:221] request_redraw
15:26:05 [TRACE] (1) eframe::native::run: [C:\Users\darkm\.cargo\registry\src\index.crates.io-6f17d22bba15001f\eframe-0.22.0\src\native\run.rs:160] Got outdated UserEvent::RequestRepaint
15:26:05 [TRACE] (1) eframe::native::run: [C:\Users\darkm\.cargo\registry\src\index.crates.io-6f17d22bba15001f\eframe-0.22.0\src\native\run.rs:205] Repaint caused by winit::Event: WindowEvent { window_id: WindowId(WindowId(266618)), event: CursorMoved { device_id: DeviceId(DeviceId(0)), position: PhysicalPosition { x: 191.0, y: 488.0 }, modifiers: (empty) } }
15:26:05 [TRACE] (1) eframe::native::run: [C:\Users\darkm\.cargo\registry\src\index.crates.io-6f17d22bba15001f\eframe-0.22.0\src\native\run.rs:221] request_redraw
15:26:05 [INFO] eframe update fn running...
15:26:05 [TRACE] (1) eframe::native::run::glow_integration: [C:\Users\darkm\.cargo\registry\src\index.crates.io-6f17d22bba15001f\eframe-0.22.0\src\native\run.rs:734] request_repaint_callback: RequestRepaintInfo { after: 0ns, current_frame_nr: 110 }
15:26:05 [TRACE] (1) eframe::native::run: [C:\Users\darkm\.cargo\registry\src\index.crates.io-6f17d22bba15001f\eframe-0.22.0\src\native\run.rs:205] Repaint caused by winit::Event: RedrawEventsCleared
15:26:05 [TRACE] (1) eframe::native::run: [C:\Users\darkm\.cargo\registry\src\index.crates.io-6f17d22bba15001f\eframe-0.22.0\src\native\run.rs:221] request_redraw
15:26:05 [TRACE] (1) eframe::native::run: [C:\Users\darkm\.cargo\registry\src\index.crates.io-6f17d22bba15001f\eframe-0.22.0\src\native\run.rs:160] Got outdated UserEvent::RequestRepaint
15:26:05 [TRACE] (1) eframe::native::run: [C:\Users\darkm\.cargo\registry\src\index.crates.io-6f17d22bba15001f\eframe-0.22.0\src\native\run.rs:205] Repaint caused by winit::Event: WindowEvent { window_id: WindowId(WindowId(266618)), event: CursorMoved { device_id: DeviceId(DeviceId(0)), position: PhysicalPosition { x: 188.0, y: 491.0 }, modifiers: (empty) } }
15:26:05 [TRACE] (1) eframe::native::run: [C:\Users\darkm\.cargo\registry\src\index.crates.io-6f17d22bba15001f\eframe-0.22.0\src\native\run.rs:221] request_redraw
15:26:05 [INFO] eframe update fn running...
15:26:05 [TRACE] (1) eframe::native::run::glow_integration: [C:\Users\darkm\.cargo\registry\src\index.crates.io-6f17d22bba15001f\eframe-0.22.0\src\native\run.rs:734] request_repaint_callback: RequestRepaintInfo { after: 0ns, current_frame_nr: 111 }
15:26:05 [TRACE] (1) eframe::native::run: [C:\Users\darkm\.cargo\registry\src\index.crates.io-6f17d22bba15001f\eframe-0.22.0\src\native\run.rs:205] Repaint caused by winit::Event: RedrawEventsCleared
15:26:05 [TRACE] (1) eframe::native::run: [C:\Users\darkm\.cargo\registry\src\index.crates.io-6f17d22bba15001f\eframe-0.22.0\src\native\run.rs:221] request_redraw
15:26:05 [TRACE] (1) eframe::native::run: [C:\Users\darkm\.cargo\registry\src\index.crates.io-6f17d22bba15001f\eframe-0.22.0\src\native\run.rs:160] Got outdated UserEvent::RequestRepaint
15:26:05 [INFO] eframe update fn running...
15:26:05 [TRACE] (1) eframe::native::run: [C:\Users\darkm\.cargo\registry\src\index.crates.io-6f17d22bba15001f\eframe-0.22.0\src\native\run.rs:205] Repaint caused by winit::Event: RedrawEventsCleared
15:26:05 [TRACE] (1) eframe::native::run: [C:\Users\darkm\.cargo\registry\src\index.crates.io-6f17d22bba15001f\eframe-0.22.0\src\native\run.rs:221] request_redraw
15:26:05 [INFO] eframe update fn running...
15:26:05 [TRACE] (1) eframe::native::run: [C:\Users\darkm\.cargo\registry\src\index.crates.io-6f17d22bba15001f\eframe-0.22.0\src\native\run.rs:205] Repaint caused by winit::Event: WindowEvent { window_id: WindowId(WindowId(266618)), event: CursorMoved { device_id: DeviceId(DeviceId(0)), position: PhysicalPosition { x: 187.0, y: 491.0 }, modifiers: (empty) } }
15:26:05 [TRACE] (1) eframe::native::run: [C:\Users\darkm\.cargo\registry\src\index.crates.io-6f17d22bba15001f\eframe-0.22.0\src\native\run.rs:221] request_redraw
15:26:05 [INFO] eframe update fn running...
15:26:05 [TRACE] (1) eframe::native::run::glow_integration: [C:\Users\darkm\.cargo\registry\src\index.crates.io-6f17d22bba15001f\eframe-0.22.0\src\native\run.rs:734] request_repaint_callback: RequestRepaintInfo { after: 0ns, current_frame_nr: 114 }
15:26:05 [TRACE] (1) eframe::native::run: [C:\Users\darkm\.cargo\registry\src\index.crates.io-6f17d22bba15001f\eframe-0.22.0\src\native\run.rs:205] Repaint caused by winit::Event: RedrawEventsCleared
15:26:05 [TRACE] (1) eframe::native::run: [C:\Users\darkm\.cargo\registry\src\index.crates.io-6f17d22bba15001f\eframe-0.22.0\src\native\run.rs:221] request_redraw
15:26:05 [TRACE] (1) eframe::native::run: [C:\Users\darkm\.cargo\registry\src\index.crates.io-6f17d22bba15001f\eframe-0.22.0\src\native\run.rs:160] Got outdated UserEvent::RequestRepaint
15:26:05 [INFO] eframe update fn running...
15:26:05 [TRACE] (1) eframe::native::run: [C:\Users\darkm\.cargo\registry\src\index.crates.io-6f17d22bba15001f\eframe-0.22.0\src\native\run.rs:205] Repaint caused by winit::Event: RedrawEventsCleared
15:26:05 [TRACE] (1) eframe::native::run: [C:\Users\darkm\.cargo\registry\src\index.crates.io-6f17d22bba15001f\eframe-0.22.0\src\native\run.rs:221] request_redraw
15:26:05 [INFO] eframe update fn running...
15:26:05 [INFO] eframe update fn running...
15:26:05 [TRACE] (1) eframe::native::run: [C:\Users\darkm\.cargo\registry\src\index.crates.io-6f17d22bba15001f\eframe-0.22.0\src\native\run.rs:205] Repaint caused by winit::Event: WindowEvent { window_id: WindowId(WindowId(266618)), event: CursorMoved { device_id: DeviceId(DeviceId(0)), position: PhysicalPosition { x: 179.0, y: 485.0 }, modifiers: (empty) } }
15:26:05 [TRACE] (1) eframe::native::run: [C:\Users\darkm\.cargo\registry\src\index.crates.io-6f17d22bba15001f\eframe-0.22.0\src\native\run.rs:221] request_redraw
15:26:05 [TRACE] (1) eframe::native::run: [C:\Users\darkm\.cargo\registry\src\index.crates.io-6f17d22bba15001f\eframe-0.22.0\src\native\run.rs:205] Repaint caused by winit::Event: WindowEvent { window_id: WindowId(WindowId(266618)), event: CursorMoved { device_id: DeviceId(DeviceId(0)), position: PhysicalPosition { x: 178.0, y: 483.0 }, modifiers: (empty) } }
15:26:05 [TRACE] (1) eframe::native::run: [C:\Users\darkm\.cargo\registry\src\index.crates.io-6f17d22bba15001f\eframe-0.22.0\src\native\run.rs:221] request_redraw
15:26:05 [TRACE] (1) eframe::native::run: [C:\Users\darkm\.cargo\registry\src\index.crates.io-6f17d22bba15001f\eframe-0.22.0\src\native\run.rs:205] Repaint caused by winit::Event: WindowEvent { window_id: WindowId(WindowId(266618)), event: CursorMoved { device_id: DeviceId(DeviceId(0)), position: PhysicalPosition { x: 177.0, y: 483.0 }, modifiers: (empty) } }
15:26:05 [TRACE] (1) eframe::native::run: [C:\Users\darkm\.cargo\registry\src\index.crates.io-6f17d22bba15001f\eframe-0.22.0\src\native\run.rs:221] request_redraw
15:26:05 [TRACE] (1) eframe::native::run: [C:\Users\darkm\.cargo\registry\src\index.crates.io-6f17d22bba15001f\eframe-0.22.0\src\native\run.rs:205] Repaint caused by winit::Event: WindowEvent { window_id: WindowId(WindowId(266618)), event: CursorMoved { device_id: DeviceId(DeviceId(0)), position: PhysicalPosition { x: 176.0, y: 481.0 }, modifiers: (empty) } }
15:26:05 [TRACE] (1) eframe::native::run: [C:\Users\darkm\.cargo\registry\src\index.crates.io-6f17d22bba15001f\eframe-0.22.0\src\native\run.rs:221] request_redraw
15:26:05 [INFO] eframe update fn running...
15:26:05 [TRACE] (1) eframe::native::run::glow_integration: [C:\Users\darkm\.cargo\registry\src\index.crates.io-6f17d22bba15001f\eframe-0.22.0\src\native\run.rs:734] request_repaint_callback: RequestRepaintInfo { after: 0ns, current_frame_nr: 118 }
15:26:05 [TRACE] (1) eframe::native::run: [C:\Users\darkm\.cargo\registry\src\index.crates.io-6f17d22bba15001f\eframe-0.22.0\src\native\run.rs:205] Repaint caused by winit::Event: RedrawEventsCleared
15:26:05 [TRACE] (1) eframe::native::run: [C:\Users\darkm\.cargo\registry\src\index.crates.io-6f17d22bba15001f\eframe-0.22.0\src\native\run.rs:221] request_redraw
15:26:05 [TRACE] (1) eframe::native::run: [C:\Users\darkm\.cargo\registry\src\index.crates.io-6f17d22bba15001f\eframe-0.22.0\src\native\run.rs:160] Got outdated UserEvent::RequestRepaint
15:26:06 [TRACE] (1) eframe::native::run: [C:\Users\darkm\.cargo\registry\src\index.crates.io-6f17d22bba15001f\eframe-0.22.0\src\native\run.rs:205] Repaint caused by winit::Event: WindowEvent { window_id: WindowId(WindowId(266618)), event: CursorMoved { device_id: DeviceId(DeviceId(0)), position: PhysicalPosition { x: 157.0, y: 446.0 }, modifiers: (empty) } }
15:26:06 [TRACE] (1) eframe::native::run: [C:\Users\darkm\.cargo\registry\src\index.crates.io-6f17d22bba15001f\eframe-0.22.0\src\native\run.rs:221] request_redraw
15:26:06 [TRACE] (1) eframe::native::run: [C:\Users\darkm\.cargo\registry\src\index.crates.io-6f17d22bba15001f\eframe-0.22.0\src\native\run.rs:205] Repaint caused by winit::Event: WindowEvent { window_id: WindowId(WindowId(266618)), event: CursorMoved { device_id: DeviceId(DeviceId(0)), position: PhysicalPosition { x: 156.0, y: 443.0 }, modifiers: (empty) } }
15:26:06 [TRACE] (1) eframe::native::run: [C:\Users\darkm\.cargo\registry\src\index.crates.io-6f17d22bba15001f\eframe-0.22.0\src\native\run.rs:221] request_redraw
15:26:06 [INFO] eframe update fn running...
15:26:06 [TRACE] (1) eframe::native::run::glow_integration: [C:\Users\darkm\.cargo\registry\src\index.crates.io-6f17d22bba15001f\eframe-0.22.0\src\native\run.rs:734] request_repaint_callback: RequestRepaintInfo { after: 0ns, current_frame_nr: 119 }
15:26:06 [TRACE] (1) eframe::native::run: [C:\Users\darkm\.cargo\registry\src\index.crates.io-6f17d22bba15001f\eframe-0.22.0\src\native\run.rs:205] Repaint caused by winit::Event: RedrawEventsCleared
15:26:06 [TRACE] (1) eframe::native::run: [C:\Users\darkm\.cargo\registry\src\index.crates.io-6f17d22bba15001f\eframe-0.22.0\src\native\run.rs:221] request_redraw
15:26:06 [TRACE] (1) eframe::native::run: [C:\Users\darkm\.cargo\registry\src\index.crates.io-6f17d22bba15001f\eframe-0.22.0\src\native\run.rs:160] Got outdated UserEvent::RequestRepaint
15:26:06 [TRACE] (1) eframe::native::run: [C:\Users\darkm\.cargo\registry\src\index.crates.io-6f17d22bba15001f\eframe-0.22.0\src\native\run.rs:205] Repaint caused by winit::Event: WindowEvent { window_id: WindowId(WindowId(266618)), event: CursorMoved { device_id: DeviceId(DeviceId(0)), position: PhysicalPosition { x: 130.0, y: 381.0 }, modifiers: (empty) } }
15:26:06 [TRACE] (1) eframe::native::run: [C:\Users\darkm\.cargo\registry\src\index.crates.io-6f17d22bba15001f\eframe-0.22.0\src\native\run.rs:221] request_redraw
15:26:06 [TRACE] (1) eframe::native::run: [C:\Users\darkm\.cargo\registry\src\index.crates.io-6f17d22bba15001f\eframe-0.22.0\src\native\run.rs:205] Repaint caused by winit::Event: WindowEvent { window_id: WindowId(WindowId(266618)), event: CursorMoved { device_id: DeviceId(DeviceId(0)), position: PhysicalPosition { x: 129.0, y: 379.0 }, modifiers: (empty) } }
15:26:06 [TRACE] (1) eframe::native::run: [C:\Users\darkm\.cargo\registry\src\index.crates.io-6f17d22bba15001f\eframe-0.22.0\src\native\run.rs:221] request_redraw
15:26:06 [TRACE] (1) eframe::native::run: [C:\Users\darkm\.cargo\registry\src\index.crates.io-6f17d22bba15001f\eframe-0.22.0\src\native\run.rs:205] Repaint caused by winit::Event: WindowEvent { window_id: WindowId(WindowId(266618)), event: CursorMoved { device_id: DeviceId(DeviceId(0)), position: PhysicalPosition { x: 128.0, y: 378.0 }, modifiers: (empty) } }
15:26:06 [TRACE] (1) eframe::native::run: [C:\Users\darkm\.cargo\registry\src\index.crates.io-6f17d22bba15001f\eframe-0.22.0\src\native\run.rs:221] request_redraw
15:26:06 [INFO] eframe update fn running...
15:26:06 [TRACE] (1) eframe::native::run::glow_integration: [C:\Users\darkm\.cargo\registry\src\index.crates.io-6f17d22bba15001f\eframe-0.22.0\src\native\run.rs:734] request_repaint_callback: RequestRepaintInfo { after: 0ns, current_frame_nr: 120 }
15:26:06 [TRACE] (1) eframe::native::run: [C:\Users\darkm\.cargo\registry\src\index.crates.io-6f17d22bba15001f\eframe-0.22.0\src\native\run.rs:205] Repaint caused by winit::Event: RedrawEventsCleared
15:26:06 [TRACE] (1) eframe::native::run: [C:\Users\darkm\.cargo\registry\src\index.crates.io-6f17d22bba15001f\eframe-0.22.0\src\native\run.rs:221] request_redraw
15:26:06 [TRACE] (1) eframe::native::run: [C:\Users\darkm\.cargo\registry\src\index.crates.io-6f17d22bba15001f\eframe-0.22.0\src\native\run.rs:160] Got outdated UserEvent::RequestRepaint
15:26:06 [TRACE] (1) eframe::native::run: [C:\Users\darkm\.cargo\registry\src\index.crates.io-6f17d22bba15001f\eframe-0.22.0\src\native\run.rs:205] Repaint caused by winit::Event: WindowEvent { window_id: WindowId(WindowId(266618)), event: CursorMoved { device_id: DeviceId(DeviceId(0)), position: PhysicalPosition { x: 97.0, y: 317.0 }, modifiers: (empty) } }
15:26:06 [TRACE] (1) eframe::native::run: [C:\Users\darkm\.cargo\registry\src\index.crates.io-6f17d22bba15001f\eframe-0.22.0\src\native\run.rs:221] request_redraw
15:26:06 [INFO] eframe update fn running...
15:26:06 [TRACE] (1) eframe::native::run::glow_integration: [C:\Users\darkm\.cargo\registry\src\index.crates.io-6f17d22bba15001f\eframe-0.22.0\src\native\run.rs:734] request_repaint_callback: RequestRepaintInfo { after: 0ns, current_frame_nr: 121 }
15:26:06 [TRACE] (1) eframe::native::run: [C:\Users\darkm\.cargo\registry\src\index.crates.io-6f17d22bba15001f\eframe-0.22.0\src\native\run.rs:205] Repaint caused by winit::Event: RedrawEventsCleared
15:26:06 [TRACE] (1) eframe::native::run: [C:\Users\darkm\.cargo\registry\src\index.crates.io-6f17d22bba15001f\eframe-0.22.0\src\native\run.rs:221] request_redraw
15:26:06 [TRACE] (1) eframe::native::run: [C:\Users\darkm\.cargo\registry\src\index.crates.io-6f17d22bba15001f\eframe-0.22.0\src\native\run.rs:160] Got outdated UserEvent::RequestRepaint
15:26:06 [TRACE] (1) eframe::native::run: [C:\Users\darkm\.cargo\registry\src\index.crates.io-6f17d22bba15001f\eframe-0.22.0\src\native\run.rs:205] Repaint caused by winit::Event: WindowEvent { window_id: WindowId(WindowId(266618)), event: CursorMoved { device_id: DeviceId(DeviceId(0)), position: PhysicalPosition { x: 80.0, y: 283.0 }, modifiers: (empty) } }
15:26:06 [TRACE] (1) eframe::native::run: [C:\Users\darkm\.cargo\registry\src\index.crates.io-6f17d22bba15001f\eframe-0.22.0\src\native\run.rs:221] request_redraw
15:26:06 [TRACE] (1) eframe::native::run: [C:\Users\darkm\.cargo\registry\src\index.crates.io-6f17d22bba15001f\eframe-0.22.0\src\native\run.rs:205] Repaint caused by winit::Event: WindowEvent { window_id: WindowId(WindowId(266618)), event: CursorMoved { device_id: DeviceId(DeviceId(0)), position: PhysicalPosition { x: 79.0, y: 283.0 }, modifiers: (empty) } }
15:26:06 [TRACE] (1) eframe::native::run: [C:\Users\darkm\.cargo\registry\src\index.crates.io-6f17d22bba15001f\eframe-0.22.0\src\native\run.rs:221] request_redraw
15:26:06 [TRACE] (1) eframe::native::run: [C:\Users\darkm\.cargo\registry\src\index.crates.io-6f17d22bba15001f\eframe-0.22.0\src\native\run.rs:205] Repaint caused by winit::Event: WindowEvent { window_id: WindowId(WindowId(266618)), event: CursorMoved { device_id: DeviceId(DeviceId(0)), position: PhysicalPosition { x: 79.0, y: 281.0 }, modifiers: (empty) } }
15:26:06 [TRACE] (1) eframe::native::run: [C:\Users\darkm\.cargo\registry\src\index.crates.io-6f17d22bba15001f\eframe-0.22.0\src\native\run.rs:221] request_redraw
15:26:06 [INFO] eframe update fn running...
15:26:06 [TRACE] (1) eframe::native::run::glow_integration: [C:\Users\darkm\.cargo\registry\src\index.crates.io-6f17d22bba15001f\eframe-0.22.0\src\native\run.rs:734] request_repaint_callback: RequestRepaintInfo { after: 0ns, current_frame_nr: 122 }
15:26:06 [TRACE] (1) eframe::native::run: [C:\Users\darkm\.cargo\registry\src\index.crates.io-6f17d22bba15001f\eframe-0.22.0\src\native\run.rs:205] Repaint caused by winit::Event: RedrawEventsCleared
15:26:06 [TRACE] (1) eframe::native::run: [C:\Users\darkm\.cargo\registry\src\index.crates.io-6f17d22bba15001f\eframe-0.22.0\src\native\run.rs:221] request_redraw
15:26:06 [TRACE] (1) eframe::native::run: [C:\Users\darkm\.cargo\registry\src\index.crates.io-6f17d22bba15001f\eframe-0.22.0\src\native\run.rs:160] Got outdated UserEvent::RequestRepaint
15:26:06 [TRACE] (1) eframe::native::run: [C:\Users\darkm\.cargo\registry\src\index.crates.io-6f17d22bba15001f\eframe-0.22.0\src\native\run.rs:205] Repaint caused by winit::Event: WindowEvent { window_id: WindowId(WindowId(266618)), event: CursorMoved { device_id: DeviceId(DeviceId(0)), position: PhysicalPosition { x: 74.0, y: 265.0 }, modifiers: (empty) } }
15:26:06 [TRACE] (1) eframe::native::run: [C:\Users\darkm\.cargo\registry\src\index.crates.io-6f17d22bba15001f\eframe-0.22.0\src\native\run.rs:221] request_redraw
15:26:06 [INFO] eframe update fn running...
15:26:06 [TRACE] (1) eframe::native::run::glow_integration: [C:\Users\darkm\.cargo\registry\src\index.crates.io-6f17d22bba15001f\eframe-0.22.0\src\native\run.rs:734] request_repaint_callback: RequestRepaintInfo { after: 0ns, current_frame_nr: 123 }
15:26:06 [TRACE] (1) eframe::native::run: [C:\Users\darkm\.cargo\registry\src\index.crates.io-6f17d22bba15001f\eframe-0.22.0\src\native\run.rs:205] Repaint caused by winit::Event: RedrawEventsCleared
15:26:06 [TRACE] (1) eframe::native::run: [C:\Users\darkm\.cargo\registry\src\index.crates.io-6f17d22bba15001f\eframe-0.22.0\src\native\run.rs:221] request_redraw
15:26:06 [TRACE] (1) eframe::native::run: [C:\Users\darkm\.cargo\registry\src\index.crates.io-6f17d22bba15001f\eframe-0.22.0\src\native\run.rs:160] Got outdated UserEvent::RequestRepaint
15:26:06 [TRACE] (1) eframe::native::run: [C:\Users\darkm\.cargo\registry\src\index.crates.io-6f17d22bba15001f\eframe-0.22.0\src\native\run.rs:205] Repaint caused by winit::Event: WindowEvent { window_id: WindowId(WindowId(266618)), event: CursorMoved { device_id: DeviceId(DeviceId(0)), position: PhysicalPosition { x: 71.0, y: 254.0 }, modifiers: (empty) } }
15:26:06 [TRACE] (1) eframe::native::run: [C:\Users\darkm\.cargo\registry\src\index.crates.io-6f17d22bba15001f\eframe-0.22.0\src\native\run.rs:221] request_redraw
15:26:06 [INFO] eframe update fn running...
15:26:06 [TRACE] (1) eframe::native::run::glow_integration: [C:\Users\darkm\.cargo\registry\src\index.crates.io-6f17d22bba15001f\eframe-0.22.0\src\native\run.rs:734] request_repaint_callback: RequestRepaintInfo { after: 0ns, current_frame_nr: 124 }
15:26:06 [TRACE] (1) eframe::native::run: [C:\Users\darkm\.cargo\registry\src\index.crates.io-6f17d22bba15001f\eframe-0.22.0\src\native\run.rs:205] Repaint caused by winit::Event: RedrawEventsCleared
15:26:06 [TRACE] (1) eframe::native::run: [C:\Users\darkm\.cargo\registry\src\index.crates.io-6f17d22bba15001f\eframe-0.22.0\src\native\run.rs:221] request_redraw
15:26:06 [TRACE] (1) eframe::native::run: [C:\Users\darkm\.cargo\registry\src\index.crates.io-6f17d22bba15001f\eframe-0.22.0\src\native\run.rs:160] Got outdated UserEvent::RequestRepaint
15:26:06 [TRACE] (1) eframe::native::run: [C:\Users\darkm\.cargo\registry\src\index.crates.io-6f17d22bba15001f\eframe-0.22.0\src\native\run.rs:205] Repaint caused by winit::Event: WindowEvent { window_id: WindowId(WindowId(266618)), event: CursorMoved { device_id: DeviceId(DeviceId(0)), position: PhysicalPosition { x: 67.0, y: 242.0 }, modifiers: (empty) } }
15:26:06 [TRACE] (1) eframe::native::run: [C:\Users\darkm\.cargo\registry\src\index.crates.io-6f17d22bba15001f\eframe-0.22.0\src\native\run.rs:221] request_redraw
15:26:06 [INFO] eframe update fn running...
15:26:06 [TRACE] (1) eframe::native::run::glow_integration: [C:\Users\darkm\.cargo\registry\src\index.crates.io-6f17d22bba15001f\eframe-0.22.0\src\native\run.rs:734] request_repaint_callback: RequestRepaintInfo { after: 0ns, current_frame_nr: 125 }
15:26:06 [TRACE] (1) eframe::native::run: [C:\Users\darkm\.cargo\registry\src\index.crates.io-6f17d22bba15001f\eframe-0.22.0\src\native\run.rs:205] Repaint caused by winit::Event: RedrawEventsCleared
15:26:06 [TRACE] (1) eframe::native::run: [C:\Users\darkm\.cargo\registry\src\index.crates.io-6f17d22bba15001f\eframe-0.22.0\src\native\run.rs:221] request_redraw
15:26:06 [TRACE] (1) eframe::native::run: [C:\Users\darkm\.cargo\registry\src\index.crates.io-6f17d22bba15001f\eframe-0.22.0\src\native\run.rs:160] Got outdated UserEvent::RequestRepaint
15:26:06 [TRACE] (1) eframe::native::run: [C:\Users\darkm\.cargo\registry\src\index.crates.io-6f17d22bba15001f\eframe-0.22.0\src\native\run.rs:205] Repaint caused by winit::Event: WindowEvent { window_id: WindowId(WindowId(266618)), event: CursorMoved { device_id: DeviceId(DeviceId(0)), position: PhysicalPosition { x: 62.0, y: 232.0 }, modifiers: (empty) } }
15:26:06 [TRACE] (1) eframe::native::run: [C:\Users\darkm\.cargo\registry\src\index.crates.io-6f17d22bba15001f\eframe-0.22.0\src\native\run.rs:221] request_redraw
15:26:06 [INFO] eframe update fn running...
15:26:06 [TRACE] (1) eframe::native::run::glow_integration: [C:\Users\darkm\.cargo\registry\src\index.crates.io-6f17d22bba15001f\eframe-0.22.0\src\native\run.rs:734] request_repaint_callback: RequestRepaintInfo { after: 0ns, current_frame_nr: 126 }
15:26:06 [TRACE] (1) eframe::native::run: [C:\Users\darkm\.cargo\registry\src\index.crates.io-6f17d22bba15001f\eframe-0.22.0\src\native\run.rs:205] Repaint caused by winit::Event: RedrawEventsCleared
15:26:06 [TRACE] (1) eframe::native::run: [C:\Users\darkm\.cargo\registry\src\index.crates.io-6f17d22bba15001f\eframe-0.22.0\src\native\run.rs:221] request_redraw
15:26:06 [TRACE] (1) eframe::native::run: [C:\Users\darkm\.cargo\registry\src\index.crates.io-6f17d22bba15001f\eframe-0.22.0\src\native\run.rs:160] Got outdated UserEvent::RequestRepaint
15:26:06 [INFO] eframe update fn running...
15:26:06 [TRACE] (1) eframe::native::run: [C:\Users\darkm\.cargo\registry\src\index.crates.io-6f17d22bba15001f\eframe-0.22.0\src\native\run.rs:205] Repaint caused by winit::Event: RedrawEventsCleared
15:26:06 [TRACE] (1) eframe::native::run: [C:\Users\darkm\.cargo\registry\src\index.crates.io-6f17d22bba15001f\eframe-0.22.0\src\native\run.rs:221] request_redraw
15:26:06 [TRACE] (1) eframe::native::run: [C:\Users\darkm\.cargo\registry\src\index.crates.io-6f17d22bba15001f\eframe-0.22.0\src\native\run.rs:205] Repaint caused by winit::Event: WindowEvent { window_id: WindowId(WindowId(266618)), event: CursorMoved { device_id: DeviceId(DeviceId(0)), position: PhysicalPosition { x: 55.0, y: 249.0 }, modifiers: (empty) } }
15:26:06 [TRACE] (1) eframe::native::run: [C:\Users\darkm\.cargo\registry\src\index.crates.io-6f17d22bba15001f\eframe-0.22.0\src\native\run.rs:221] request_redraw
15:26:06 [TRACE] (1) eframe::native::run: [C:\Users\darkm\.cargo\registry\src\index.crates.io-6f17d22bba15001f\eframe-0.22.0\src\native\run.rs:205] Repaint caused by winit::Event: WindowEvent { window_id: WindowId(WindowId(266618)), event: CursorMoved { device_id: DeviceId(DeviceId(0)), position: PhysicalPosition { x: 55.0, y: 252.0 }, modifiers: (empty) } }
15:26:06 [TRACE] (1) eframe::native::run: [C:\Users\darkm\.cargo\registry\src\index.crates.io-6f17d22bba15001f\eframe-0.22.0\src\native\run.rs:221] request_redraw
15:26:06 [INFO] eframe update fn running...
15:26:06 [TRACE] (1) eframe::native::run::glow_integration: [C:\Users\darkm\.cargo\registry\src\index.crates.io-6f17d22bba15001f\eframe-0.22.0\src\native\run.rs:734] request_repaint_callback: RequestRepaintInfo { after: 0ns, current_frame_nr: 128 }
15:26:06 [TRACE] (1) eframe::native::run: [C:\Users\darkm\.cargo\registry\src\index.crates.io-6f17d22bba15001f\eframe-0.22.0\src\native\run.rs:205] Repaint caused by winit::Event: RedrawEventsCleared
15:26:06 [TRACE] (1) eframe::native::run: [C:\Users\darkm\.cargo\registry\src\index.crates.io-6f17d22bba15001f\eframe-0.22.0\src\native\run.rs:221] request_redraw
15:26:06 [TRACE] (1) eframe::native::run: [C:\Users\darkm\.cargo\registry\src\index.crates.io-6f17d22bba15001f\eframe-0.22.0\src\native\run.rs:160] Got outdated UserEvent::RequestRepaint
15:26:06 [TRACE] (1) eframe::native::run: [C:\Users\darkm\.cargo\registry\src\index.crates.io-6f17d22bba15001f\eframe-0.22.0\src\native\run.rs:205] Repaint caused by winit::Event: WindowEvent { window_id: WindowId(WindowId(266618)), event: CursorMoved { device_id: DeviceId(DeviceId(0)), position: PhysicalPosition { x: 47.0, y: 328.0 }, modifiers: (empty) } }
15:26:06 [TRACE] (1) eframe::native::run: [C:\Users\darkm\.cargo\registry\src\index.crates.io-6f17d22bba15001f\eframe-0.22.0\src\native\run.rs:221] request_redraw
15:26:06 [TRACE] (1) eframe::native::run: [C:\Users\darkm\.cargo\registry\src\index.crates.io-6f17d22bba15001f\eframe-0.22.0\src\native\run.rs:205] Repaint caused by winit::Event: WindowEvent { window_id: WindowId(WindowId(266618)), event: CursorMoved { device_id: DeviceId(DeviceId(0)), position: PhysicalPosition { x: 46.0, y: 331.0 }, modifiers: (empty) } }
15:26:06 [TRACE] (1) eframe::native::run: [C:\Users\darkm\.cargo\registry\src\index.crates.io-6f17d22bba15001f\eframe-0.22.0\src\native\run.rs:221] request_redraw
15:26:06 [INFO] eframe update fn running...
15:26:06 [TRACE] (1) eframe::native::run::glow_integration: [C:\Users\darkm\.cargo\registry\src\index.crates.io-6f17d22bba15001f\eframe-0.22.0\src\native\run.rs:734] request_repaint_callback: RequestRepaintInfo { after: 0ns, current_frame_nr: 129 }
15:26:06 [TRACE] (1) eframe::native::run: [C:\Users\darkm\.cargo\registry\src\index.crates.io-6f17d22bba15001f\eframe-0.22.0\src\native\run.rs:205] Repaint caused by winit::Event: RedrawEventsCleared
15:26:06 [TRACE] (1) eframe::native::run: [C:\Users\darkm\.cargo\registry\src\index.crates.io-6f17d22bba15001f\eframe-0.22.0\src\native\run.rs:221] request_redraw
15:26:06 [TRACE] (1) eframe::native::run: [C:\Users\darkm\.cargo\registry\src\index.crates.io-6f17d22bba15001f\eframe-0.22.0\src\native\run.rs:160] Got outdated UserEvent::RequestRepaint
15:26:06 [TRACE] (1) eframe::native::run: [C:\Users\darkm\.cargo\registry\src\index.crates.io-6f17d22bba15001f\eframe-0.22.0\src\native\run.rs:205] Repaint caused by winit::Event: WindowEvent { window_id: WindowId(WindowId(266618)), event: CursorMoved { device_id: DeviceId(DeviceId(0)), position: PhysicalPosition { x: 42.0, y: 376.0 }, modifiers: (empty) } }
15:26:06 [TRACE] (1) eframe::native::run: [C:\Users\darkm\.cargo\registry\src\index.crates.io-6f17d22bba15001f\eframe-0.22.0\src\native\run.rs:221] request_redraw
15:26:06 [TRACE] (1) eframe::native::run: [C:\Users\darkm\.cargo\registry\src\index.crates.io-6f17d22bba15001f\eframe-0.22.0\src\native\run.rs:205] Repaint caused by winit::Event: WindowEvent { window_id: WindowId(WindowId(266618)), event: CursorMoved { device_id: DeviceId(DeviceId(0)), position: PhysicalPosition { x: 42.0, y: 377.0 }, modifiers: (empty) } }
15:26:06 [TRACE] (1) eframe::native::run: [C:\Users\darkm\.cargo\registry\src\index.crates.io-6f17d22bba15001f\eframe-0.22.0\src\native\run.rs:221] request_redraw
15:26:06 [INFO] eframe update fn running...
15:26:06 [TRACE] (1) eframe::native::run::glow_integration: [C:\Users\darkm\.cargo\registry\src\index.crates.io-6f17d22bba15001f\eframe-0.22.0\src\native\run.rs:734] request_repaint_callback: RequestRepaintInfo { after: 0ns, current_frame_nr: 130 }
15:26:06 [TRACE] (1) eframe::native::run: [C:\Users\darkm\.cargo\registry\src\index.crates.io-6f17d22bba15001f\eframe-0.22.0\src\native\run.rs:205] Repaint caused by winit::Event: RedrawEventsCleared
15:26:06 [TRACE] (1) eframe::native::run: [C:\Users\darkm\.cargo\registry\src\index.crates.io-6f17d22bba15001f\eframe-0.22.0\src\native\run.rs:221] request_redraw
15:26:06 [TRACE] (1) eframe::native::run: [C:\Users\darkm\.cargo\registry\src\index.crates.io-6f17d22bba15001f\eframe-0.22.0\src\native\run.rs:160] Got outdated UserEvent::RequestRepaint
15:26:06 [TRACE] (1) eframe::native::run: [C:\Users\darkm\.cargo\registry\src\index.crates.io-6f17d22bba15001f\eframe-0.22.0\src\native\run.rs:205] Repaint caused by winit::Event: WindowEvent { window_id: WindowId(WindowId(266618)), event: CursorMoved { device_id: DeviceId(DeviceId(0)), position: PhysicalPosition { x: 42.0, y: 403.0 }, modifiers: (empty) } }
15:26:06 [TRACE] (1) eframe::native::run: [C:\Users\darkm\.cargo\registry\src\index.crates.io-6f17d22bba15001f\eframe-0.22.0\src\native\run.rs:221] request_redraw
15:26:06 [INFO] eframe update fn running...
15:26:06 [TRACE] (1) eframe::native::run::glow_integration: [C:\Users\darkm\.cargo\registry\src\index.crates.io-6f17d22bba15001f\eframe-0.22.0\src\native\run.rs:734] request_repaint_callback: RequestRepaintInfo { after: 0ns, current_frame_nr: 131 }
15:26:06 [TRACE] (1) eframe::native::run: [C:\Users\darkm\.cargo\registry\src\index.crates.io-6f17d22bba15001f\eframe-0.22.0\src\native\run.rs:205] Repaint caused by winit::Event: RedrawEventsCleared
15:26:06 [TRACE] (1) eframe::native::run: [C:\Users\darkm\.cargo\registry\src\index.crates.io-6f17d22bba15001f\eframe-0.22.0\src\native\run.rs:221] request_redraw
15:26:06 [TRACE] (1) eframe::native::run: [C:\Users\darkm\.cargo\registry\src\index.crates.io-6f17d22bba15001f\eframe-0.22.0\src\native\run.rs:160] Got outdated UserEvent::RequestRepaint
15:26:06 [TRACE] (1) eframe::native::run: [C:\Users\darkm\.cargo\registry\src\index.crates.io-6f17d22bba15001f\eframe-0.22.0\src\native\run.rs:205] Repaint caused by winit::Event: WindowEvent { window_id: WindowId(WindowId(266618)), event: CursorMoved { device_id: DeviceId(DeviceId(0)), position: PhysicalPosition { x: 42.0, y: 420.0 }, modifiers: (empty) } }
15:26:06 [TRACE] (1) eframe::native::run: [C:\Users\darkm\.cargo\registry\src\index.crates.io-6f17d22bba15001f\eframe-0.22.0\src\native\run.rs:221] request_redraw
15:26:06 [INFO] eframe update fn running...
15:26:06 [TRACE] (1) eframe::native::run::glow_integration: [C:\Users\darkm\.cargo\registry\src\index.crates.io-6f17d22bba15001f\eframe-0.22.0\src\native\run.rs:734] request_repaint_callback: RequestRepaintInfo { after: 0ns, current_frame_nr: 132 }
15:26:06 [TRACE] (1) eframe::native::run: [C:\Users\darkm\.cargo\registry\src\index.crates.io-6f17d22bba15001f\eframe-0.22.0\src\native\run.rs:205] Repaint caused by winit::Event: RedrawEventsCleared
15:26:06 [TRACE] (1) eframe::native::run: [C:\Users\darkm\.cargo\registry\src\index.crates.io-6f17d22bba15001f\eframe-0.22.0\src\native\run.rs:221] request_redraw
15:26:06 [TRACE] (1) eframe::native::run: [C:\Users\darkm\.cargo\registry\src\index.crates.io-6f17d22bba15001f\eframe-0.22.0\src\native\run.rs:160] Got outdated UserEvent::RequestRepaint
15:26:06 [TRACE] (1) eframe::native::run: [C:\Users\darkm\.cargo\registry\src\index.crates.io-6f17d22bba15001f\eframe-0.22.0\src\native\run.rs:205] Repaint caused by winit::Event: WindowEvent { window_id: WindowId(WindowId(266618)), event: CursorMoved { device_id: DeviceId(DeviceId(0)), position: PhysicalPosition { x: 43.0, y: 423.0 }, modifiers: (empty) } }
15:26:06 [TRACE] (1) eframe::native::run: [C:\Users\darkm\.cargo\registry\src\index.crates.io-6f17d22bba15001f\eframe-0.22.0\src\native\run.rs:221] request_redraw
15:26:06 [INFO] eframe update fn running...
15:26:06 [TRACE] (1) eframe::native::run::glow_integration: [C:\Users\darkm\.cargo\registry\src\index.crates.io-6f17d22bba15001f\eframe-0.22.0\src\native\run.rs:734] request_repaint_callback: RequestRepaintInfo { after: 0ns, current_frame_nr: 133 }
15:26:06 [TRACE] (1) eframe::native::run: [C:\Users\darkm\.cargo\registry\src\index.crates.io-6f17d22bba15001f\eframe-0.22.0\src\native\run.rs:205] Repaint caused by winit::Event: RedrawEventsCleared
15:26:06 [TRACE] (1) eframe::native::run: [C:\Users\darkm\.cargo\registry\src\index.crates.io-6f17d22bba15001f\eframe-0.22.0\src\native\run.rs:221] request_redraw
15:26:06 [TRACE] (1) eframe::native::run: [C:\Users\darkm\.cargo\registry\src\index.crates.io-6f17d22bba15001f\eframe-0.22.0\src\native\run.rs:160] Got outdated UserEvent::RequestRepaint
15:26:06 [TRACE] (1) eframe::native::run: [C:\Users\darkm\.cargo\registry\src\index.crates.io-6f17d22bba15001f\eframe-0.22.0\src\native\run.rs:205] Repaint caused by winit::Event: WindowEvent { window_id: WindowId(WindowId(266618)), event: CursorMoved { device_id: DeviceId(DeviceId(0)), position: PhysicalPosition { x: 46.0, y: 419.0 }, modifiers: (empty) } }
15:26:06 [TRACE] (1) eframe::native::run: [C:\Users\darkm\.cargo\registry\src\index.crates.io-6f17d22bba15001f\eframe-0.22.0\src\native\run.rs:221] request_redraw
15:26:06 [TRACE] (1) eframe::native::run: [C:\Users\darkm\.cargo\registry\src\index.crates.io-6f17d22bba15001f\eframe-0.22.0\src\native\run.rs:205] Repaint caused by winit::Event: WindowEvent { window_id: WindowId(WindowId(266618)), event: CursorMoved { device_id: DeviceId(DeviceId(0)), position: PhysicalPosition { x: 46.0, y: 418.0 }, modifiers: (empty) } }
15:26:06 [TRACE] (1) eframe::native::run: [C:\Users\darkm\.cargo\registry\src\index.crates.io-6f17d22bba15001f\eframe-0.22.0\src\native\run.rs:221] request_redraw
15:26:06 [INFO] eframe update fn running...
15:26:06 [TRACE] (1) eframe::native::run::glow_integration: [C:\Users\darkm\.cargo\registry\src\index.crates.io-6f17d22bba15001f\eframe-0.22.0\src\native\run.rs:734] request_repaint_callback: RequestRepaintInfo { after: 0ns, current_frame_nr: 134 }
15:26:06 [TRACE] (1) eframe::native::run: [C:\Users\darkm\.cargo\registry\src\index.crates.io-6f17d22bba15001f\eframe-0.22.0\src\native\run.rs:205] Repaint caused by winit::Event: RedrawEventsCleared
15:26:06 [TRACE] (1) eframe::native::run: [C:\Users\darkm\.cargo\registry\src\index.crates.io-6f17d22bba15001f\eframe-0.22.0\src\native\run.rs:221] request_redraw
15:26:06 [TRACE] (1) eframe::native::run: [C:\Users\darkm\.cargo\registry\src\index.crates.io-6f17d22bba15001f\eframe-0.22.0\src\native\run.rs:160] Got outdated UserEvent::RequestRepaint
15:26:06 [TRACE] (1) eframe::native::run: [C:\Users\darkm\.cargo\registry\src\index.crates.io-6f17d22bba15001f\eframe-0.22.0\src\native\run.rs:205] Repaint caused by winit::Event: WindowEvent { window_id: WindowId(WindowId(266618)), event: CursorMoved { device_id: DeviceId(DeviceId(0)), position: PhysicalPosition { x: 58.0, y: 374.0 }, modifiers: (empty) } }
15:26:06 [TRACE] (1) eframe::native::run: [C:\Users\darkm\.cargo\registry\src\index.crates.io-6f17d22bba15001f\eframe-0.22.0\src\native\run.rs:221] request_redraw
15:26:06 [TRACE] (1) eframe::native::run: [C:\Users\darkm\.cargo\registry\src\index.crates.io-6f17d22bba15001f\eframe-0.22.0\src\native\run.rs:205] Repaint caused by winit::Event: WindowEvent { window_id: WindowId(WindowId(266618)), event: CursorMoved { device_id: DeviceId(DeviceId(0)), position: PhysicalPosition { x: 58.0, y: 372.0 }, modifiers: (empty) } }
15:26:06 [TRACE] (1) eframe::native::run: [C:\Users\darkm\.cargo\registry\src\index.crates.io-6f17d22bba15001f\eframe-0.22.0\src\native\run.rs:221] request_redraw
15:26:06 [INFO] eframe update fn running...
15:26:06 [TRACE] (1) eframe::native::run::glow_integration: [C:\Users\darkm\.cargo\registry\src\index.crates.io-6f17d22bba15001f\eframe-0.22.0\src\native\run.rs:734] request_repaint_callback: RequestRepaintInfo { after: 0ns, current_frame_nr: 135 }
15:26:06 [TRACE] (1) eframe::native::run: [C:\Users\darkm\.cargo\registry\src\index.crates.io-6f17d22bba15001f\eframe-0.22.0\src\native\run.rs:205] Repaint caused by winit::Event: RedrawEventsCleared
15:26:06 [TRACE] (1) eframe::native::run: [C:\Users\darkm\.cargo\registry\src\index.crates.io-6f17d22bba15001f\eframe-0.22.0\src\native\run.rs:221] request_redraw
15:26:06 [TRACE] (1) eframe::native::run: [C:\Users\darkm\.cargo\registry\src\index.crates.io-6f17d22bba15001f\eframe-0.22.0\src\native\run.rs:160] Got outdated UserEvent::RequestRepaint
15:26:06 [TRACE] (1) eframe::native::run: [C:\Users\darkm\.cargo\registry\src\index.crates.io-6f17d22bba15001f\eframe-0.22.0\src\native\run.rs:205] Repaint caused by winit::Event: WindowEvent { window_id: WindowId(WindowId(266618)), event: CursorMoved { device_id: DeviceId(DeviceId(0)), position: PhysicalPosition { x: 65.0, y: 295.0 }, modifiers: (empty) } }
15:26:06 [TRACE] (1) eframe::native::run: [C:\Users\darkm\.cargo\registry\src\index.crates.io-6f17d22bba15001f\eframe-0.22.0\src\native\run.rs:221] request_redraw
15:26:06 [TRACE] (1) eframe::native::run: [C:\Users\darkm\.cargo\registry\src\index.crates.io-6f17d22bba15001f\eframe-0.22.0\src\native\run.rs:205] Repaint caused by winit::Event: WindowEvent { window_id: WindowId(WindowId(266618)), event: CursorMoved { device_id: DeviceId(DeviceId(0)), position: PhysicalPosition { x: 65.0, y: 292.0 }, modifiers: (empty) } }
15:26:06 [TRACE] (1) eframe::native::run: [C:\Users\darkm\.cargo\registry\src\index.crates.io-6f17d22bba15001f\eframe-0.22.0\src\native\run.rs:221] request_redraw
15:26:06 [TRACE] (1) eframe::native::run: [C:\Users\darkm\.cargo\registry\src\index.crates.io-6f17d22bba15001f\eframe-0.22.0\src\native\run.rs:205] Repaint caused by winit::Event: WindowEvent { window_id: WindowId(WindowId(266618)), event: CursorMoved { device_id: DeviceId(DeviceId(0)), position: PhysicalPosition { x: 65.0, y: 290.0 }, modifiers: (empty) } }
15:26:06 [TRACE] (1) eframe::native::run: [C:\Users\darkm\.cargo\registry\src\index.crates.io-6f17d22bba15001f\eframe-0.22.0\src\native\run.rs:221] request_redraw
15:26:06 [INFO] eframe update fn running...
15:26:06 [TRACE] (1) eframe::native::run::glow_integration: [C:\Users\darkm\.cargo\registry\src\index.crates.io-6f17d22bba15001f\eframe-0.22.0\src\native\run.rs:734] request_repaint_callback: RequestRepaintInfo { after: 0ns, current_frame_nr: 136 }
15:26:06 [TRACE] (1) eframe::native::run: [C:\Users\darkm\.cargo\registry\src\index.crates.io-6f17d22bba15001f\eframe-0.22.0\src\native\run.rs:205] Repaint caused by winit::Event: RedrawEventsCleared
15:26:06 [TRACE] (1) eframe::native::run: [C:\Users\darkm\.cargo\registry\src\index.crates.io-6f17d22bba15001f\eframe-0.22.0\src\native\run.rs:221] request_redraw
15:26:06 [TRACE] (1) eframe::native::run: [C:\Users\darkm\.cargo\registry\src\index.crates.io-6f17d22bba15001f\eframe-0.22.0\src\native\run.rs:160] Got outdated UserEvent::RequestRepaint
15:26:06 [TRACE] (1) eframe::native::run: [C:\Users\darkm\.cargo\registry\src\index.crates.io-6f17d22bba15001f\eframe-0.22.0\src\native\run.rs:205] Repaint caused by winit::Event: WindowEvent { window_id: WindowId(WindowId(266618)), event: CursorMoved { device_id: DeviceId(DeviceId(0)), position: PhysicalPosition { x: 62.0, y: 223.0 }, modifiers: (empty) } }
15:26:06 [TRACE] (1) eframe::native::run: [C:\Users\darkm\.cargo\registry\src\index.crates.io-6f17d22bba15001f\eframe-0.22.0\src\native\run.rs:221] request_redraw
15:26:06 [TRACE] (1) eframe::native::run: [C:\Users\darkm\.cargo\registry\src\index.crates.io-6f17d22bba15001f\eframe-0.22.0\src\native\run.rs:205] Repaint caused by winit::Event: WindowEvent { window_id: WindowId(WindowId(266618)), event: CursorMoved { device_id: DeviceId(DeviceId(0)), position: PhysicalPosition { x: 62.0, y: 222.0 }, modifiers: (empty) } }
15:26:06 [TRACE] (1) eframe::native::run: [C:\Users\darkm\.cargo\registry\src\index.crates.io-6f17d22bba15001f\eframe-0.22.0\src\native\run.rs:221] request_redraw
15:26:06 [TRACE] (1) eframe::native::run: [C:\Users\darkm\.cargo\registry\src\index.crates.io-6f17d22bba15001f\eframe-0.22.0\src\native\run.rs:205] Repaint caused by winit::Event: WindowEvent { window_id: WindowId(WindowId(266618)), event: CursorMoved { device_id: DeviceId(DeviceId(0)), position: PhysicalPosition { x: 62.0, y: 220.0 }, modifiers: (empty) } }
15:26:06 [TRACE] (1) eframe::native::run: [C:\Users\darkm\.cargo\registry\src\index.crates.io-6f17d22bba15001f\eframe-0.22.0\src\native\run.rs:221] request_redraw
15:26:06 [INFO] eframe update fn running...
15:26:06 [TRACE] (1) eframe::native::run::glow_integration: [C:\Users\darkm\.cargo\registry\src\index.crates.io-6f17d22bba15001f\eframe-0.22.0\src\native\run.rs:734] request_repaint_callback: RequestRepaintInfo { after: 0ns, current_frame_nr: 137 }
15:26:06 [TRACE] (1) eframe::native::run: [C:\Users\darkm\.cargo\registry\src\index.crates.io-6f17d22bba15001f\eframe-0.22.0\src\native\run.rs:205] Repaint caused by winit::Event: RedrawEventsCleared
15:26:06 [TRACE] (1) eframe::native::run: [C:\Users\darkm\.cargo\registry\src\index.crates.io-6f17d22bba15001f\eframe-0.22.0\src\native\run.rs:221] request_redraw
15:26:06 [TRACE] (1) eframe::native::run: [C:\Users\darkm\.cargo\registry\src\index.crates.io-6f17d22bba15001f\eframe-0.22.0\src\native\run.rs:160] Got outdated UserEvent::RequestRepaint
15:26:06 [TRACE] (1) eframe::native::run: [C:\Users\darkm\.cargo\registry\src\index.crates.io-6f17d22bba15001f\eframe-0.22.0\src\native\run.rs:205] Repaint caused by winit::Event: WindowEvent { window_id: WindowId(WindowId(266618)), event: CursorMoved { device_id: DeviceId(DeviceId(0)), position: PhysicalPosition { x: 61.0, y: 201.0 }, modifiers: (empty) } }
15:26:06 [TRACE] (1) eframe::native::run: [C:\Users\darkm\.cargo\registry\src\index.crates.io-6f17d22bba15001f\eframe-0.22.0\src\native\run.rs:221] request_redraw
15:26:06 [TRACE] (1) eframe::native::run: [C:\Users\darkm\.cargo\registry\src\index.crates.io-6f17d22bba15001f\eframe-0.22.0\src\native\run.rs:205] Repaint caused by winit::Event: WindowEvent { window_id: WindowId(WindowId(266618)), event: CursorMoved { device_id: DeviceId(DeviceId(0)), position: PhysicalPosition { x: 61.0, y: 200.0 }, modifiers: (empty) } }
15:26:06 [TRACE] (1) eframe::native::run: [C:\Users\darkm\.cargo\registry\src\index.crates.io-6f17d22bba15001f\eframe-0.22.0\src\native\run.rs:221] request_redraw
15:26:06 [INFO] eframe update fn running...
15:26:06 [TRACE] (1) eframe::native::run::glow_integration: [C:\Users\darkm\.cargo\registry\src\index.crates.io-6f17d22bba15001f\eframe-0.22.0\src\native\run.rs:734] request_repaint_callback: RequestRepaintInfo { after: 0ns, current_frame_nr: 138 }
15:26:06 [TRACE] (1) eframe::native::run: [C:\Users\darkm\.cargo\registry\src\index.crates.io-6f17d22bba15001f\eframe-0.22.0\src\native\run.rs:205] Repaint caused by winit::Event: RedrawEventsCleared
15:26:06 [TRACE] (1) eframe::native::run: [C:\Users\darkm\.cargo\registry\src\index.crates.io-6f17d22bba15001f\eframe-0.22.0\src\native\run.rs:221] request_redraw
15:26:06 [TRACE] (1) eframe::native::run: [C:\Users\darkm\.cargo\registry\src\index.crates.io-6f17d22bba15001f\eframe-0.22.0\src\native\run.rs:160] Got outdated UserEvent::RequestRepaint
15:26:06 [INFO] eframe update fn running...
15:26:06 [TRACE] (1) eframe::native::run: [C:\Users\darkm\.cargo\registry\src\index.crates.io-6f17d22bba15001f\eframe-0.22.0\src\native\run.rs:205] Repaint caused by winit::Event: RedrawEventsCleared
15:26:06 [TRACE] (1) eframe::native::run: [C:\Users\darkm\.cargo\registry\src\index.crates.io-6f17d22bba15001f\eframe-0.22.0\src\native\run.rs:221] request_redraw
15:26:06 [TRACE] (1) eframe::native::run: [C:\Users\darkm\.cargo\registry\src\index.crates.io-6f17d22bba15001f\eframe-0.22.0\src\native\run.rs:205] Repaint caused by winit::Event: WindowEvent { window_id: WindowId(WindowId(266618)), event: CursorMoved { device_id: DeviceId(DeviceId(0)), position: PhysicalPosition { x: 72.0, y: 241.0 }, modifiers: (empty) } }
15:26:06 [TRACE] (1) eframe::native::run: [C:\Users\darkm\.cargo\registry\src\index.crates.io-6f17d22bba15001f\eframe-0.22.0\src\native\run.rs:221] request_redraw
15:26:06 [TRACE] (1) eframe::native::run: [C:\Users\darkm\.cargo\registry\src\index.crates.io-6f17d22bba15001f\eframe-0.22.0\src\native\run.rs:205] Repaint caused by winit::Event: WindowEvent { window_id: WindowId(WindowId(266618)), event: CursorMoved { device_id: DeviceId(DeviceId(0)), position: PhysicalPosition { x: 72.0, y: 242.0 }, modifiers: (empty) } }
15:26:06 [TRACE] (1) eframe::native::run: [C:\Users\darkm\.cargo\registry\src\index.crates.io-6f17d22bba15001f\eframe-0.22.0\src\native\run.rs:221] request_redraw
15:26:06 [TRACE] (1) eframe::native::run: [C:\Users\darkm\.cargo\registry\src\index.crates.io-6f17d22bba15001f\eframe-0.22.0\src\native\run.rs:205] Repaint caused by winit::Event: WindowEvent { window_id: WindowId(WindowId(266618)), event: CursorMoved { device_id: DeviceId(DeviceId(0)), position: PhysicalPosition { x: 72.0, y: 245.0 }, modifiers: (empty) } }
15:26:06 [TRACE] (1) eframe::native::run: [C:\Users\darkm\.cargo\registry\src\index.crates.io-6f17d22bba15001f\eframe-0.22.0\src\native\run.rs:221] request_redraw
15:26:06 [INFO] eframe update fn running...
15:26:06 [TRACE] (1) eframe::native::run::glow_integration: [C:\Users\darkm\.cargo\registry\src\index.crates.io-6f17d22bba15001f\eframe-0.22.0\src\native\run.rs:734] request_repaint_callback: RequestRepaintInfo { after: 0ns, current_frame_nr: 140 }
15:26:06 [TRACE] (1) eframe::native::run: [C:\Users\darkm\.cargo\registry\src\index.crates.io-6f17d22bba15001f\eframe-0.22.0\src\native\run.rs:205] Repaint caused by winit::Event: RedrawEventsCleared
15:26:06 [TRACE] (1) eframe::native::run: [C:\Users\darkm\.cargo\registry\src\index.crates.io-6f17d22bba15001f\eframe-0.22.0\src\native\run.rs:221] request_redraw
15:26:06 [TRACE] (1) eframe::native::run: [C:\Users\darkm\.cargo\registry\src\index.crates.io-6f17d22bba15001f\eframe-0.22.0\src\native\run.rs:160] Got outdated UserEvent::RequestRepaint
15:26:06 [TRACE] (1) eframe::native::run: [C:\Users\darkm\.cargo\registry\src\index.crates.io-6f17d22bba15001f\eframe-0.22.0\src\native\run.rs:205] Repaint caused by winit::Event: WindowEvent { window_id: WindowId(WindowId(266618)), event: CursorMoved { device_id: DeviceId(DeviceId(0)), position: PhysicalPosition { x: 70.0, y: 294.0 }, modifiers: (empty) } }
15:26:06 [TRACE] (1) eframe::native::run: [C:\Users\darkm\.cargo\registry\src\index.crates.io-6f17d22bba15001f\eframe-0.22.0\src\native\run.rs:221] request_redraw
15:26:06 [INFO] eframe update fn running...
15:26:06 [TRACE] (1) eframe::native::run::glow_integration: [C:\Users\darkm\.cargo\registry\src\index.crates.io-6f17d22bba15001f\eframe-0.22.0\src\native\run.rs:734] request_repaint_callback: RequestRepaintInfo { after: 0ns, current_frame_nr: 141 }
15:26:06 [TRACE] (1) eframe::native::run: [C:\Users\darkm\.cargo\registry\src\index.crates.io-6f17d22bba15001f\eframe-0.22.0\src\native\run.rs:205] Repaint caused by winit::Event: RedrawEventsCleared
15:26:06 [TRACE] (1) eframe::native::run: [C:\Users\darkm\.cargo\registry\src\index.crates.io-6f17d22bba15001f\eframe-0.22.0\src\native\run.rs:221] request_redraw
15:26:06 [TRACE] (1) eframe::native::run: [C:\Users\darkm\.cargo\registry\src\index.crates.io-6f17d22bba15001f\eframe-0.22.0\src\native\run.rs:160] Got outdated UserEvent::RequestRepaint
15:26:06 [TRACE] (1) eframe::native::run: [C:\Users\darkm\.cargo\registry\src\index.crates.io-6f17d22bba15001f\eframe-0.22.0\src\native\run.rs:205] Repaint caused by winit::Event: WindowEvent { window_id: WindowId(WindowId(266618)), event: CursorMoved { device_id: DeviceId(DeviceId(0)), position: PhysicalPosition { x: 68.0, y: 305.0 }, modifiers: (empty) } }
15:26:06 [TRACE] (1) eframe::native::run: [C:\Users\darkm\.cargo\registry\src\index.crates.io-6f17d22bba15001f\eframe-0.22.0\src\native\run.rs:221] request_redraw
15:26:06 [INFO] eframe update fn running...
15:26:06 [TRACE] (1) eframe::native::run::glow_integration: [C:\Users\darkm\.cargo\registry\src\index.crates.io-6f17d22bba15001f\eframe-0.22.0\src\native\run.rs:734] request_repaint_callback: RequestRepaintInfo { after: 0ns, current_frame_nr: 142 }
15:26:06 [TRACE] (1) eframe::native::run: [C:\Users\darkm\.cargo\registry\src\index.crates.io-6f17d22bba15001f\eframe-0.22.0\src\native\run.rs:205] Repaint caused by winit::Event: RedrawEventsCleared
15:26:06 [TRACE] (1) eframe::native::run: [C:\Users\darkm\.cargo\registry\src\index.crates.io-6f17d22bba15001f\eframe-0.22.0\src\native\run.rs:221] request_redraw
15:26:06 [TRACE] (1) eframe::native::run: [C:\Users\darkm\.cargo\registry\src\index.crates.io-6f17d22bba15001f\eframe-0.22.0\src\native\run.rs:160] Got outdated UserEvent::RequestRepaint
15:26:06 [INFO] eframe update fn running...
15:26:06 [TRACE] (1) eframe::native::run: [C:\Users\darkm\.cargo\registry\src\index.crates.io-6f17d22bba15001f\eframe-0.22.0\src\native\run.rs:205] Repaint caused by winit::Event: RedrawEventsCleared
15:26:06 [TRACE] (1) eframe::native::run: [C:\Users\darkm\.cargo\registry\src\index.crates.io-6f17d22bba15001f\eframe-0.22.0\src\native\run.rs:221] request_redraw
15:26:06 [TRACE] (1) eframe::native::run: [C:\Users\darkm\.cargo\registry\src\index.crates.io-6f17d22bba15001f\eframe-0.22.0\src\native\run.rs:205] Repaint caused by winit::Event: WindowEvent { window_id: WindowId(WindowId(266618)), event: CursorMoved { device_id: DeviceId(DeviceId(0)), position: PhysicalPosition { x: 68.0, y: 282.0 }, modifiers: (empty) } }
15:26:06 [TRACE] (1) eframe::native::run: [C:\Users\darkm\.cargo\registry\src\index.crates.io-6f17d22bba15001f\eframe-0.22.0\src\native\run.rs:221] request_redraw
15:26:06 [TRACE] (1) eframe::native::run: [C:\Users\darkm\.cargo\registry\src\index.crates.io-6f17d22bba15001f\eframe-0.22.0\src\native\run.rs:205] Repaint caused by winit::Event: WindowEvent { window_id: WindowId(WindowId(266618)), event: CursorMoved { device_id: DeviceId(DeviceId(0)), position: PhysicalPosition { x: 67.0, y: 279.0 }, modifiers: (empty) } }
15:26:06 [TRACE] (1) eframe::native::run: [C:\Users\darkm\.cargo\registry\src\index.crates.io-6f17d22bba15001f\eframe-0.22.0\src\native\run.rs:221] request_redraw
15:26:06 [TRACE] (1) eframe::native::run: [C:\Users\darkm\.cargo\registry\src\index.crates.io-6f17d22bba15001f\eframe-0.22.0\src\native\run.rs:205] Repaint caused by winit::Event: WindowEvent { window_id: WindowId(WindowId(266618)), event: CursorMoved { device_id: DeviceId(DeviceId(0)), position: PhysicalPosition { x: 67.0, y: 277.0 }, modifiers: (empty) } }
15:26:06 [TRACE] (1) eframe::native::run: [C:\Users\darkm\.cargo\registry\src\index.crates.io-6f17d22bba15001f\eframe-0.22.0\src\native\run.rs:221] request_redraw
15:26:06 [TRACE] (1) eframe::native::run: [C:\Users\darkm\.cargo\registry\src\index.crates.io-6f17d22bba15001f\eframe-0.22.0\src\native\run.rs:205] Repaint caused by winit::Event: WindowEvent { window_id: WindowId(WindowId(266618)), event: CursorMoved { device_id: DeviceId(DeviceId(0)), position: PhysicalPosition { x: 67.0, y: 276.0 }, modifiers: (empty) } }
15:26:06 [TRACE] (1) eframe::native::run: [C:\Users\darkm\.cargo\registry\src\index.crates.io-6f17d22bba15001f\eframe-0.22.0\src\native\run.rs:221] request_redraw
15:26:06 [TRACE] (1) eframe::native::run: [C:\Users\darkm\.cargo\registry\src\index.crates.io-6f17d22bba15001f\eframe-0.22.0\src\native\run.rs:205] Repaint caused by winit::Event: WindowEvent { window_id: WindowId(WindowId(266618)), event: CursorMoved { device_id: DeviceId(DeviceId(0)), position: PhysicalPosition { x: 67.0, y: 273.0 }, modifiers: (empty) } }
15:26:06 [TRACE] (1) eframe::native::run: [C:\Users\darkm\.cargo\registry\src\index.crates.io-6f17d22bba15001f\eframe-0.22.0\src\native\run.rs:221] request_redraw
15:26:06 [INFO] eframe update fn running...
15:26:06 [TRACE] (1) eframe::native::run::glow_integration: [C:\Users\darkm\.cargo\registry\src\index.crates.io-6f17d22bba15001f\eframe-0.22.0\src\native\run.rs:734] request_repaint_callback: RequestRepaintInfo { after: 0ns, current_frame_nr: 144 }
15:26:06 [TRACE] (1) eframe::native::run: [C:\Users\darkm\.cargo\registry\src\index.crates.io-6f17d22bba15001f\eframe-0.22.0\src\native\run.rs:205] Repaint caused by winit::Event: RedrawEventsCleared
15:26:06 [TRACE] (1) eframe::native::run: [C:\Users\darkm\.cargo\registry\src\index.crates.io-6f17d22bba15001f\eframe-0.22.0\src\native\run.rs:221] request_redraw
15:26:06 [TRACE] (1) eframe::native::run: [C:\Users\darkm\.cargo\registry\src\index.crates.io-6f17d22bba15001f\eframe-0.22.0\src\native\run.rs:160] Got outdated UserEvent::RequestRepaint
15:26:06 [TRACE] (1) eframe::native::run: [C:\Users\darkm\.cargo\registry\src\index.crates.io-6f17d22bba15001f\eframe-0.22.0\src\native\run.rs:205] Repaint caused by winit::Event: WindowEvent { window_id: WindowId(WindowId(266618)), event: CursorMoved { device_id: DeviceId(DeviceId(0)), position: PhysicalPosition { x: 59.0, y: 199.0 }, modifiers: (empty) } }
15:26:06 [TRACE] (1) eframe::native::run: [C:\Users\darkm\.cargo\registry\src\index.crates.io-6f17d22bba15001f\eframe-0.22.0\src\native\run.rs:221] request_redraw
15:26:06 [INFO] eframe update fn running...
15:26:06 [TRACE] (1) eframe::native::run::glow_integration: [C:\Users\darkm\.cargo\registry\src\index.crates.io-6f17d22bba15001f\eframe-0.22.0\src\native\run.rs:734] request_repaint_callback: RequestRepaintInfo { after: 0ns, current_frame_nr: 145 }
15:26:06 [TRACE] (1) eframe::native::run: [C:\Users\darkm\.cargo\registry\src\index.crates.io-6f17d22bba15001f\eframe-0.22.0\src\native\run.rs:205] Repaint caused by winit::Event: RedrawEventsCleared
15:26:06 [TRACE] (1) eframe::native::run: [C:\Users\darkm\.cargo\registry\src\index.crates.io-6f17d22bba15001f\eframe-0.22.0\src\native\run.rs:221] request_redraw
15:26:06 [TRACE] (1) eframe::native::run: [C:\Users\darkm\.cargo\registry\src\index.crates.io-6f17d22bba15001f\eframe-0.22.0\src\native\run.rs:160] Got outdated UserEvent::RequestRepaint
15:26:06 [TRACE] (1) eframe::native::run: [C:\Users\darkm\.cargo\registry\src\index.crates.io-6f17d22bba15001f\eframe-0.22.0\src\native\run.rs:205] Repaint caused by winit::Event: WindowEvent { window_id: WindowId(WindowId(266618)), event: CursorMoved { device_id: DeviceId(DeviceId(0)), position: PhysicalPosition { x: 49.0, y: 145.0 }, modifiers: (empty) } }
15:26:06 [TRACE] (1) eframe::native::run: [C:\Users\darkm\.cargo\registry\src\index.crates.io-6f17d22bba15001f\eframe-0.22.0\src\native\run.rs:221] request_redraw
15:26:06 [INFO] eframe update fn running...
15:26:06 [TRACE] (1) eframe::native::run::glow_integration: [C:\Users\darkm\.cargo\registry\src\index.crates.io-6f17d22bba15001f\eframe-0.22.0\src\native\run.rs:734] request_repaint_callback: RequestRepaintInfo { after: 0ns, current_frame_nr: 146 }
15:26:06 [TRACE] (1) eframe::native::run: [C:\Users\darkm\.cargo\registry\src\index.crates.io-6f17d22bba15001f\eframe-0.22.0\src\native\run.rs:205] Repaint caused by winit::Event: RedrawEventsCleared
15:26:06 [TRACE] (1) eframe::native::run: [C:\Users\darkm\.cargo\registry\src\index.crates.io-6f17d22bba15001f\eframe-0.22.0\src\native\run.rs:221] request_redraw
15:26:06 [TRACE] (1) eframe::native::run: [C:\Users\darkm\.cargo\registry\src\index.crates.io-6f17d22bba15001f\eframe-0.22.0\src\native\run.rs:160] Got outdated UserEvent::RequestRepaint
15:26:06 [TRACE] (1) eframe::native::run: [C:\Users\darkm\.cargo\registry\src\index.crates.io-6f17d22bba15001f\eframe-0.22.0\src\native\run.rs:205] Repaint caused by winit::Event: WindowEvent { window_id: WindowId(WindowId(266618)), event: CursorMoved { device_id: DeviceId(DeviceId(0)), position: PhysicalPosition { x: 49.0, y: 139.0 }, modifiers: (empty) } }
15:26:06 [TRACE] (1) eframe::native::run: [C:\Users\darkm\.cargo\registry\src\index.crates.io-6f17d22bba15001f\eframe-0.22.0\src\native\run.rs:221] request_redraw
15:26:06 [INFO] eframe update fn running...
15:26:06 [TRACE] (1) eframe::native::run::glow_integration: [C:\Users\darkm\.cargo\registry\src\index.crates.io-6f17d22bba15001f\eframe-0.22.0\src\native\run.rs:734] request_repaint_callback: RequestRepaintInfo { after: 0ns, current_frame_nr: 147 }
15:26:06 [TRACE] (1) eframe::native::run: [C:\Users\darkm\.cargo\registry\src\index.crates.io-6f17d22bba15001f\eframe-0.22.0\src\native\run.rs:205] Repaint caused by winit::Event: RedrawEventsCleared
15:26:06 [TRACE] (1) eframe::native::run: [C:\Users\darkm\.cargo\registry\src\index.crates.io-6f17d22bba15001f\eframe-0.22.0\src\native\run.rs:221] request_redraw
15:26:06 [TRACE] (1) eframe::native::run: [C:\Users\darkm\.cargo\registry\src\index.crates.io-6f17d22bba15001f\eframe-0.22.0\src\native\run.rs:160] Got outdated UserEvent::RequestRepaint
15:26:06 [TRACE] (1) eframe::native::run: [C:\Users\darkm\.cargo\registry\src\index.crates.io-6f17d22bba15001f\eframe-0.22.0\src\native\run.rs:205] Repaint caused by winit::Event: WindowEvent { window_id: WindowId(WindowId(266618)), event: CursorMoved { device_id: DeviceId(DeviceId(0)), position: PhysicalPosition { x: 51.0, y: 142.0 }, modifiers: (empty) } }
15:26:06 [TRACE] (1) eframe::native::run: [C:\Users\darkm\.cargo\registry\src\index.crates.io-6f17d22bba15001f\eframe-0.22.0\src\native\run.rs:221] request_redraw
15:26:06 [INFO] eframe update fn running...
15:26:06 [TRACE] (1) eframe::native::run::glow_integration: [C:\Users\darkm\.cargo\registry\src\index.crates.io-6f17d22bba15001f\eframe-0.22.0\src\native\run.rs:734] request_repaint_callback: RequestRepaintInfo { after: 0ns, current_frame_nr: 148 }
15:26:06 [TRACE] (1) eframe::native::run: [C:\Users\darkm\.cargo\registry\src\index.crates.io-6f17d22bba15001f\eframe-0.22.0\src\native\run.rs:205] Repaint caused by winit::Event: RedrawEventsCleared
15:26:06 [TRACE] (1) eframe::native::run: [C:\Users\darkm\.cargo\registry\src\index.crates.io-6f17d22bba15001f\eframe-0.22.0\src\native\run.rs:221] request_redraw
15:26:06 [TRACE] (1) eframe::native::run: [C:\Users\darkm\.cargo\registry\src\index.crates.io-6f17d22bba15001f\eframe-0.22.0\src\native\run.rs:160] Got outdated UserEvent::RequestRepaint
15:26:06 [TRACE] (1) eframe::native::run: [C:\Users\darkm\.cargo\registry\src\index.crates.io-6f17d22bba15001f\eframe-0.22.0\src\native\run.rs:205] Repaint caused by winit::Event: WindowEvent { window_id: WindowId(WindowId(266618)), event: CursorMoved { device_id: DeviceId(DeviceId(0)), position: PhysicalPosition { x: 64.0, y: 163.0 }, modifiers: (empty) } }
15:26:06 [TRACE] (1) eframe::native::run: [C:\Users\darkm\.cargo\registry\src\index.crates.io-6f17d22bba15001f\eframe-0.22.0\src\native\run.rs:221] request_redraw
15:26:06 [INFO] eframe update fn running...
15:26:07 [TRACE] (1) eframe::native::run::glow_integration: [C:\Users\darkm\.cargo\registry\src\index.crates.io-6f17d22bba15001f\eframe-0.22.0\src\native\run.rs:734] request_repaint_callback: RequestRepaintInfo { after: 0ns, current_frame_nr: 149 }
15:26:07 [TRACE] (1) eframe::native::run: [C:\Users\darkm\.cargo\registry\src\index.crates.io-6f17d22bba15001f\eframe-0.22.0\src\native\run.rs:205] Repaint caused by winit::Event: RedrawEventsCleared
15:26:07 [TRACE] (1) eframe::native::run: [C:\Users\darkm\.cargo\registry\src\index.crates.io-6f17d22bba15001f\eframe-0.22.0\src\native\run.rs:221] request_redraw
15:26:07 [TRACE] (1) eframe::native::run: [C:\Users\darkm\.cargo\registry\src\index.crates.io-6f17d22bba15001f\eframe-0.22.0\src\native\run.rs:160] Got outdated UserEvent::RequestRepaint
15:26:07 [TRACE] (1) eframe::native::run: [C:\Users\darkm\.cargo\registry\src\index.crates.io-6f17d22bba15001f\eframe-0.22.0\src\native\run.rs:205] Repaint caused by winit::Event: WindowEvent { window_id: WindowId(WindowId(266618)), event: CursorMoved { device_id: DeviceId(DeviceId(0)), position: PhysicalPosition { x: 67.0, y: 167.0 }, modifiers: (empty) } }
15:26:07 [TRACE] (1) eframe::native::run: [C:\Users\darkm\.cargo\registry\src\index.crates.io-6f17d22bba15001f\eframe-0.22.0\src\native\run.rs:221] request_redraw
15:26:07 [INFO] eframe update fn running...
15:26:07 [TRACE] (1) eframe::native::run::glow_integration: [C:\Users\darkm\.cargo\registry\src\index.crates.io-6f17d22bba15001f\eframe-0.22.0\src\native\run.rs:734] request_repaint_callback: RequestRepaintInfo { after: 0ns, current_frame_nr: 150 }
15:26:07 [TRACE] (1) eframe::native::run: [C:\Users\darkm\.cargo\registry\src\index.crates.io-6f17d22bba15001f\eframe-0.22.0\src\native\run.rs:205] Repaint caused by winit::Event: RedrawEventsCleared
15:26:07 [TRACE] (1) eframe::native::run: [C:\Users\darkm\.cargo\registry\src\index.crates.io-6f17d22bba15001f\eframe-0.22.0\src\native\run.rs:221] request_redraw
15:26:07 [TRACE] (1) eframe::native::run: [C:\Users\darkm\.cargo\registry\src\index.crates.io-6f17d22bba15001f\eframe-0.22.0\src\native\run.rs:160] Got outdated UserEvent::RequestRepaint
15:26:07 [INFO] eframe update fn running...
15:26:07 [TRACE] (1) eframe::native::run: [C:\Users\darkm\.cargo\registry\src\index.crates.io-6f17d22bba15001f\eframe-0.22.0\src\native\run.rs:205] Repaint caused by winit::Event: RedrawEventsCleared
15:26:07 [TRACE] (1) eframe::native::run: [C:\Users\darkm\.cargo\registry\src\index.crates.io-6f17d22bba15001f\eframe-0.22.0\src\native\run.rs:221] request_redraw
15:26:07 [TRACE] (1) eframe::native::run: [C:\Users\darkm\.cargo\registry\src\index.crates.io-6f17d22bba15001f\eframe-0.22.0\src\native\run.rs:205] Repaint caused by winit::Event: WindowEvent { window_id: WindowId(WindowId(266618)), event: CursorMoved { device_id: DeviceId(DeviceId(0)), position: PhysicalPosition { x: 67.0, y: 164.0 }, modifiers: (empty) } }
15:26:07 [TRACE] (1) eframe::native::run: [C:\Users\darkm\.cargo\registry\src\index.crates.io-6f17d22bba15001f\eframe-0.22.0\src\native\run.rs:221] request_redraw
15:26:07 [TRACE] (1) eframe::native::run: [C:\Users\darkm\.cargo\registry\src\index.crates.io-6f17d22bba15001f\eframe-0.22.0\src\native\run.rs:205] Repaint caused by winit::Event: WindowEvent { window_id: WindowId(WindowId(266618)), event: CursorMoved { device_id: DeviceId(DeviceId(0)), position: PhysicalPosition { x: 67.0, y: 163.0 }, modifiers: (empty) } }
15:26:07 [TRACE] (1) eframe::native::run: [C:\Users\darkm\.cargo\registry\src\index.crates.io-6f17d22bba15001f\eframe-0.22.0\src\native\run.rs:221] request_redraw
15:26:07 [INFO] eframe update fn running...
15:26:07 [TRACE] (1) eframe::native::run::glow_integration: [C:\Users\darkm\.cargo\registry\src\index.crates.io-6f17d22bba15001f\eframe-0.22.0\src\native\run.rs:734] request_repaint_callback: RequestRepaintInfo { after: 0ns, current_frame_nr: 152 }
15:26:07 [TRACE] (1) eframe::native::run: [C:\Users\darkm\.cargo\registry\src\index.crates.io-6f17d22bba15001f\eframe-0.22.0\src\native\run.rs:205] Repaint caused by winit::Event: RedrawEventsCleared
15:26:07 [TRACE] (1) eframe::native::run: [C:\Users\darkm\.cargo\registry\src\index.crates.io-6f17d22bba15001f\eframe-0.22.0\src\native\run.rs:221] request_redraw
15:26:07 [TRACE] (1) eframe::native::run: [C:\Users\darkm\.cargo\registry\src\index.crates.io-6f17d22bba15001f\eframe-0.22.0\src\native\run.rs:160] Got outdated UserEvent::RequestRepaint
15:26:07 [TRACE] (1) eframe::native::run: [C:\Users\darkm\.cargo\registry\src\index.crates.io-6f17d22bba15001f\eframe-0.22.0\src\native\run.rs:205] Repaint caused by winit::Event: WindowEvent { window_id: WindowId(WindowId(266618)), event: CursorMoved { device_id: DeviceId(DeviceId(0)), position: PhysicalPosition { x: 59.0, y: 134.0 }, modifiers: (empty) } }
15:26:07 [TRACE] (1) eframe::native::run: [C:\Users\darkm\.cargo\registry\src\index.crates.io-6f17d22bba15001f\eframe-0.22.0\src\native\run.rs:221] request_redraw
15:26:07 [TRACE] (1) eframe::native::run: [C:\Users\darkm\.cargo\registry\src\index.crates.io-6f17d22bba15001f\eframe-0.22.0\src\native\run.rs:205] Repaint caused by winit::Event: WindowEvent { window_id: WindowId(WindowId(266618)), event: CursorMoved { device_id: DeviceId(DeviceId(0)), position: PhysicalPosition { x: 59.0, y: 133.0 }, modifiers: (empty) } }
15:26:07 [TRACE] (1) eframe::native::run: [C:\Users\darkm\.cargo\registry\src\index.crates.io-6f17d22bba15001f\eframe-0.22.0\src\native\run.rs:221] request_redraw
15:26:07 [INFO] eframe update fn running...
15:26:07 [TRACE] (1) eframe::native::run::glow_integration: [C:\Users\darkm\.cargo\registry\src\index.crates.io-6f17d22bba15001f\eframe-0.22.0\src\native\run.rs:734] request_repaint_callback: RequestRepaintInfo { after: 0ns, current_frame_nr: 153 }
15:26:07 [TRACE] (1) eframe::native::run: [C:\Users\darkm\.cargo\registry\src\index.crates.io-6f17d22bba15001f\eframe-0.22.0\src\native\run.rs:205] Repaint caused by winit::Event: RedrawEventsCleared
15:26:07 [TRACE] (1) eframe::native::run: [C:\Users\darkm\.cargo\registry\src\index.crates.io-6f17d22bba15001f\eframe-0.22.0\src\native\run.rs:221] request_redraw
15:26:07 [TRACE] (1) eframe::native::run: [C:\Users\darkm\.cargo\registry\src\index.crates.io-6f17d22bba15001f\eframe-0.22.0\src\native\run.rs:160] Got outdated UserEvent::RequestRepaint
15:26:07 [TRACE] (1) eframe::native::run: [C:\Users\darkm\.cargo\registry\src\index.crates.io-6f17d22bba15001f\eframe-0.22.0\src\native\run.rs:205] Repaint caused by winit::Event: WindowEvent { window_id: WindowId(WindowId(266618)), event: CursorMoved { device_id: DeviceId(DeviceId(0)), position: PhysicalPosition { x: 55.0, y: 110.0 }, modifiers: (empty) } }
15:26:07 [TRACE] (1) eframe::native::run: [C:\Users\darkm\.cargo\registry\src\index.crates.io-6f17d22bba15001f\eframe-0.22.0\src\native\run.rs:221] request_redraw
15:26:07 [INFO] eframe update fn running...
15:26:07 [TRACE] (1) eframe::native::run::glow_integration: [C:\Users\darkm\.cargo\registry\src\index.crates.io-6f17d22bba15001f\eframe-0.22.0\src\native\run.rs:734] request_repaint_callback: RequestRepaintInfo { after: 0ns, current_frame_nr: 154 }
15:26:07 [TRACE] (1) eframe::native::run: [C:\Users\darkm\.cargo\registry\src\index.crates.io-6f17d22bba15001f\eframe-0.22.0\src\native\run.rs:205] Repaint caused by winit::Event: RedrawEventsCleared
15:26:07 [TRACE] (1) eframe::native::run: [C:\Users\darkm\.cargo\registry\src\index.crates.io-6f17d22bba15001f\eframe-0.22.0\src\native\run.rs:221] request_redraw
15:26:07 [TRACE] (1) eframe::native::run: [C:\Users\darkm\.cargo\registry\src\index.crates.io-6f17d22bba15001f\eframe-0.22.0\src\native\run.rs:160] Got outdated UserEvent::RequestRepaint
15:26:07 [TRACE] (1) eframe::native::run: [C:\Users\darkm\.cargo\registry\src\index.crates.io-6f17d22bba15001f\eframe-0.22.0\src\native\run.rs:205] Repaint caused by winit::Event: WindowEvent { window_id: WindowId(WindowId(266618)), event: CursorMoved { device_id: DeviceId(DeviceId(0)), position: PhysicalPosition { x: 51.0, y: 96.0 }, modifiers: (empty) } }
15:26:07 [TRACE] (1) eframe::native::run: [C:\Users\darkm\.cargo\registry\src\index.crates.io-6f17d22bba15001f\eframe-0.22.0\src\native\run.rs:221] request_redraw
15:26:07 [TRACE] (1) eframe::native::run: [C:\Users\darkm\.cargo\registry\src\index.crates.io-6f17d22bba15001f\eframe-0.22.0\src\native\run.rs:205] Repaint caused by winit::Event: WindowEvent { window_id: WindowId(WindowId(266618)), event: CursorMoved { device_id: DeviceId(DeviceId(0)), position: PhysicalPosition { x: 51.0, y: 95.0 }, modifiers: (empty) } }
15:26:07 [TRACE] (1) eframe::native::run: [C:\Users\darkm\.cargo\registry\src\index.crates.io-6f17d22bba15001f\eframe-0.22.0\src\native\run.rs:221] request_redraw
15:26:07 [INFO] eframe update fn running...
15:26:07 [TRACE] (1) eframe::native::run::glow_integration: [C:\Users\darkm\.cargo\registry\src\index.crates.io-6f17d22bba15001f\eframe-0.22.0\src\native\run.rs:734] request_repaint_callback: RequestRepaintInfo { after: 0ns, current_frame_nr: 155 }
15:26:07 [TRACE] (1) eframe::native::run: [C:\Users\darkm\.cargo\registry\src\index.crates.io-6f17d22bba15001f\eframe-0.22.0\src\native\run.rs:205] Repaint caused by winit::Event: RedrawEventsCleared
15:26:07 [TRACE] (1) eframe::native::run: [C:\Users\darkm\.cargo\registry\src\index.crates.io-6f17d22bba15001f\eframe-0.22.0\src\native\run.rs:221] request_redraw
15:26:07 [TRACE] (1) eframe::native::run: [C:\Users\darkm\.cargo\registry\src\index.crates.io-6f17d22bba15001f\eframe-0.22.0\src\native\run.rs:160] Got outdated UserEvent::RequestRepaint
15:26:07 [TRACE] (1) eframe::native::run: [C:\Users\darkm\.cargo\registry\src\index.crates.io-6f17d22bba15001f\eframe-0.22.0\src\native\run.rs:205] Repaint caused by winit::Event: WindowEvent { window_id: WindowId(WindowId(266618)), event: CursorMoved { device_id: DeviceId(DeviceId(0)), position: PhysicalPosition { x: 45.0, y: 83.0 }, modifiers: (empty) } }
15:26:07 [TRACE] (1) eframe::native::run: [C:\Users\darkm\.cargo\registry\src\index.crates.io-6f17d22bba15001f\eframe-0.22.0\src\native\run.rs:221] request_redraw
15:26:07 [TRACE] (1) eframe::native::run: [C:\Users\darkm\.cargo\registry\src\index.crates.io-6f17d22bba15001f\eframe-0.22.0\src\native\run.rs:205] Repaint caused by winit::Event: WindowEvent { window_id: WindowId(WindowId(266618)), event: CursorMoved { device_id: DeviceId(DeviceId(0)), position: PhysicalPosition { x: 45.0, y: 82.0 }, modifiers: (empty) } }
15:26:07 [TRACE] (1) eframe::native::run: [C:\Users\darkm\.cargo\registry\src\index.crates.io-6f17d22bba15001f\eframe-0.22.0\src\native\run.rs:221] request_redraw
15:26:07 [INFO] eframe update fn running...
15:26:07 [TRACE] (1) eframe::native::run::glow_integration: [C:\Users\darkm\.cargo\registry\src\index.crates.io-6f17d22bba15001f\eframe-0.22.0\src\native\run.rs:734] request_repaint_callback: RequestRepaintInfo { after: 0ns, current_frame_nr: 156 }
15:26:07 [TRACE] (1) eframe::native::run: [C:\Users\darkm\.cargo\registry\src\index.crates.io-6f17d22bba15001f\eframe-0.22.0\src\native\run.rs:205] Repaint caused by winit::Event: RedrawEventsCleared
15:26:07 [TRACE] (1) eframe::native::run: [C:\Users\darkm\.cargo\registry\src\index.crates.io-6f17d22bba15001f\eframe-0.22.0\src\native\run.rs:221] request_redraw
15:26:07 [TRACE] (1) eframe::native::run: [C:\Users\darkm\.cargo\registry\src\index.crates.io-6f17d22bba15001f\eframe-0.22.0\src\native\run.rs:160] Got outdated UserEvent::RequestRepaint
15:26:07 [TRACE] (1) eframe::native::run: [C:\Users\darkm\.cargo\registry\src\index.crates.io-6f17d22bba15001f\eframe-0.22.0\src\native\run.rs:205] Repaint caused by winit::Event: WindowEvent { window_id: WindowId(WindowId(266618)), event: CursorMoved { device_id: DeviceId(DeviceId(0)), position: PhysicalPosition { x: 41.0, y: 73.0 }, modifiers: (empty) } }
15:26:07 [TRACE] (1) eframe::native::run: [C:\Users\darkm\.cargo\registry\src\index.crates.io-6f17d22bba15001f\eframe-0.22.0\src\native\run.rs:221] request_redraw
15:26:07 [INFO] eframe update fn running...
15:26:07 [TRACE] (1) eframe::native::run::glow_integration: [C:\Users\darkm\.cargo\registry\src\index.crates.io-6f17d22bba15001f\eframe-0.22.0\src\native\run.rs:734] request_repaint_callback: RequestRepaintInfo { after: 0ns, current_frame_nr: 157 }
15:26:07 [TRACE] (1) eframe::native::run: [C:\Users\darkm\.cargo\registry\src\index.crates.io-6f17d22bba15001f\eframe-0.22.0\src\native\run.rs:205] Repaint caused by winit::Event: RedrawEventsCleared
15:26:07 [TRACE] (1) eframe::native::run: [C:\Users\darkm\.cargo\registry\src\index.crates.io-6f17d22bba15001f\eframe-0.22.0\src\native\run.rs:221] request_redraw
15:26:07 [TRACE] (1) eframe::native::run: [C:\Users\darkm\.cargo\registry\src\index.crates.io-6f17d22bba15001f\eframe-0.22.0\src\native\run.rs:160] Got outdated UserEvent::RequestRepaint
15:26:07 [TRACE] (1) eframe::native::run: [C:\Users\darkm\.cargo\registry\src\index.crates.io-6f17d22bba15001f\eframe-0.22.0\src\native\run.rs:205] Repaint caused by winit::Event: WindowEvent { window_id: WindowId(WindowId(266618)), event: CursorMoved { device_id: DeviceId(DeviceId(0)), position: PhysicalPosition { x: 39.0, y: 69.0 }, modifiers: (empty) } }
15:26:07 [TRACE] (1) eframe::native::run: [C:\Users\darkm\.cargo\registry\src\index.crates.io-6f17d22bba15001f\eframe-0.22.0\src\native\run.rs:221] request_redraw
15:26:07 [INFO] eframe update fn running...
15:26:07 [TRACE] (1) eframe::native::run::glow_integration: [C:\Users\darkm\.cargo\registry\src\index.crates.io-6f17d22bba15001f\eframe-0.22.0\src\native\run.rs:734] request_repaint_callback: RequestRepaintInfo { after: 0ns, current_frame_nr: 158 }
15:26:07 [TRACE] (1) eframe::native::run: [C:\Users\darkm\.cargo\registry\src\index.crates.io-6f17d22bba15001f\eframe-0.22.0\src\native\run.rs:205] Repaint caused by winit::Event: RedrawEventsCleared
15:26:07 [TRACE] (1) eframe::native::run: [C:\Users\darkm\.cargo\registry\src\index.crates.io-6f17d22bba15001f\eframe-0.22.0\src\native\run.rs:221] request_redraw
15:26:07 [TRACE] (1) eframe::native::run: [C:\Users\darkm\.cargo\registry\src\index.crates.io-6f17d22bba15001f\eframe-0.22.0\src\native\run.rs:160] Got outdated UserEvent::RequestRepaint
15:26:07 [TRACE] (1) eframe::native::run: [C:\Users\darkm\.cargo\registry\src\index.crates.io-6f17d22bba15001f\eframe-0.22.0\src\native\run.rs:205] Repaint caused by winit::Event: WindowEvent { window_id: WindowId(WindowId(266618)), event: CursorMoved { device_id: DeviceId(DeviceId(0)), position: PhysicalPosition { x: 35.0, y: 66.0 }, modifiers: (empty) } }
15:26:07 [TRACE] (1) eframe::native::run: [C:\Users\darkm\.cargo\registry\src\index.crates.io-6f17d22bba15001f\eframe-0.22.0\src\native\run.rs:221] request_redraw
15:26:07 [INFO] eframe update fn running...
15:26:07 [TRACE] (1) eframe::native::run::glow_integration: [C:\Users\darkm\.cargo\registry\src\index.crates.io-6f17d22bba15001f\eframe-0.22.0\src\native\run.rs:734] request_repaint_callback: RequestRepaintInfo { after: 0ns, current_frame_nr: 159 }
15:26:07 [TRACE] (1) eframe::native::run: [C:\Users\darkm\.cargo\registry\src\index.crates.io-6f17d22bba15001f\eframe-0.22.0\src\native\run.rs:205] Repaint caused by winit::Event: RedrawEventsCleared
15:26:07 [TRACE] (1) eframe::native::run: [C:\Users\darkm\.cargo\registry\src\index.crates.io-6f17d22bba15001f\eframe-0.22.0\src\native\run.rs:221] request_redraw
15:26:07 [TRACE] (1) eframe::native::run: [C:\Users\darkm\.cargo\registry\src\index.crates.io-6f17d22bba15001f\eframe-0.22.0\src\native\run.rs:160] Got outdated UserEvent::RequestRepaint
15:26:07 [TRACE] (1) eframe::native::run: [C:\Users\darkm\.cargo\registry\src\index.crates.io-6f17d22bba15001f\eframe-0.22.0\src\native\run.rs:205] Repaint caused by winit::Event: WindowEvent { window_id: WindowId(WindowId(266618)), event: CursorMoved { device_id: DeviceId(DeviceId(0)), position: PhysicalPosition { x: 31.0, y: 63.0 }, modifiers: (empty) } }
15:26:07 [TRACE] (1) eframe::native::run: [C:\Users\darkm\.cargo\registry\src\index.crates.io-6f17d22bba15001f\eframe-0.22.0\src\native\run.rs:221] request_redraw
15:26:07 [TRACE] (1) eframe::native::run: [C:\Users\darkm\.cargo\registry\src\index.crates.io-6f17d22bba15001f\eframe-0.22.0\src\native\run.rs:205] Repaint caused by winit::Event: WindowEvent { window_id: WindowId(WindowId(266618)), event: CursorMoved { device_id: DeviceId(DeviceId(0)), position: PhysicalPosition { x: 31.0, y: 62.0 }, modifiers: (empty) } }
15:26:07 [TRACE] (1) eframe::native::run: [C:\Users\darkm\.cargo\registry\src\index.crates.io-6f17d22bba15001f\eframe-0.22.0\src\native\run.rs:221] request_redraw
15:26:07 [INFO] eframe update fn running...
15:26:07 [TRACE] (1) eframe::native::run::glow_integration: [C:\Users\darkm\.cargo\registry\src\index.crates.io-6f17d22bba15001f\eframe-0.22.0\src\native\run.rs:734] request_repaint_callback: RequestRepaintInfo { after: 0ns, current_frame_nr: 160 }
15:26:07 [TRACE] (1) eframe::native::run: [C:\Users\darkm\.cargo\registry\src\index.crates.io-6f17d22bba15001f\eframe-0.22.0\src\native\run.rs:205] Repaint caused by winit::Event: RedrawEventsCleared
15:26:07 [TRACE] (1) eframe::native::run: [C:\Users\darkm\.cargo\registry\src\index.crates.io-6f17d22bba15001f\eframe-0.22.0\src\native\run.rs:221] request_redraw
15:26:07 [TRACE] (1) eframe::native::run: [C:\Users\darkm\.cargo\registry\src\index.crates.io-6f17d22bba15001f\eframe-0.22.0\src\native\run.rs:160] Got outdated UserEvent::RequestRepaint
15:26:07 [TRACE] (1) eframe::native::run: [C:\Users\darkm\.cargo\registry\src\index.crates.io-6f17d22bba15001f\eframe-0.22.0\src\native\run.rs:205] Repaint caused by winit::Event: WindowEvent { window_id: WindowId(WindowId(266618)), event: CursorMoved { device_id: DeviceId(DeviceId(0)), position: PhysicalPosition { x: 29.0, y: 61.0 }, modifiers: (empty) } }
15:26:07 [TRACE] (1) eframe::native::run: [C:\Users\darkm\.cargo\registry\src\index.crates.io-6f17d22bba15001f\eframe-0.22.0\src\native\run.rs:221] request_redraw
15:26:07 [INFO] eframe update fn running...
15:26:07 [TRACE] (1) eframe::native::run::glow_integration: [C:\Users\darkm\.cargo\registry\src\index.crates.io-6f17d22bba15001f\eframe-0.22.0\src\native\run.rs:734] request_repaint_callback: RequestRepaintInfo { after: 0ns, current_frame_nr: 161 }
15:26:07 [TRACE] (1) eframe::native::run: [C:\Users\darkm\.cargo\registry\src\index.crates.io-6f17d22bba15001f\eframe-0.22.0\src\native\run.rs:205] Repaint caused by winit::Event: RedrawEventsCleared
15:26:07 [TRACE] (1) eframe::native::run: [C:\Users\darkm\.cargo\registry\src\index.crates.io-6f17d22bba15001f\eframe-0.22.0\src\native\run.rs:221] request_redraw
15:26:07 [TRACE] (1) eframe::native::run: [C:\Users\darkm\.cargo\registry\src\index.crates.io-6f17d22bba15001f\eframe-0.22.0\src\native\run.rs:160] Got outdated UserEvent::RequestRepaint
15:26:07 [TRACE] (1) eframe::native::run: [C:\Users\darkm\.cargo\registry\src\index.crates.io-6f17d22bba15001f\eframe-0.22.0\src\native\run.rs:205] Repaint caused by winit::Event: WindowEvent { window_id: WindowId(WindowId(266618)), event: CursorMoved { device_id: DeviceId(DeviceId(0)), position: PhysicalPosition { x: 28.0, y: 60.0 }, modifiers: (empty) } }
15:26:07 [TRACE] (1) eframe::native::run: [C:\Users\darkm\.cargo\registry\src\index.crates.io-6f17d22bba15001f\eframe-0.22.0\src\native\run.rs:221] request_redraw
15:26:07 [INFO] eframe update fn running...
15:26:07 [TRACE] (1) eframe::native::run::glow_integration: [C:\Users\darkm\.cargo\registry\src\index.crates.io-6f17d22bba15001f\eframe-0.22.0\src\native\run.rs:734] request_repaint_callback: RequestRepaintInfo { after: 0ns, current_frame_nr: 162 }
15:26:07 [TRACE] (1) eframe::native::run: [C:\Users\darkm\.cargo\registry\src\index.crates.io-6f17d22bba15001f\eframe-0.22.0\src\native\run.rs:205] Repaint caused by winit::Event: RedrawEventsCleared
15:26:07 [TRACE] (1) eframe::native::run: [C:\Users\darkm\.cargo\registry\src\index.crates.io-6f17d22bba15001f\eframe-0.22.0\src\native\run.rs:221] request_redraw
15:26:07 [TRACE] (1) eframe::native::run: [C:\Users\darkm\.cargo\registry\src\index.crates.io-6f17d22bba15001f\eframe-0.22.0\src\native\run.rs:160] Got outdated UserEvent::RequestRepaint
15:26:07 [TRACE] (1) eframe::native::run: [C:\Users\darkm\.cargo\registry\src\index.crates.io-6f17d22bba15001f\eframe-0.22.0\src\native\run.rs:205] Repaint caused by winit::Event: WindowEvent { window_id: WindowId(WindowId(266618)), event: CursorMoved { device_id: DeviceId(DeviceId(0)), position: PhysicalPosition { x: 27.0, y: 59.0 }, modifiers: (empty) } }
15:26:07 [TRACE] (1) eframe::native::run: [C:\Users\darkm\.cargo\registry\src\index.crates.io-6f17d22bba15001f\eframe-0.22.0\src\native\run.rs:221] request_redraw
15:26:07 [INFO] eframe update fn running...
15:26:07 [TRACE] (1) eframe::native::run::glow_integration: [C:\Users\darkm\.cargo\registry\src\index.crates.io-6f17d22bba15001f\eframe-0.22.0\src\native\run.rs:734] request_repaint_callback: RequestRepaintInfo { after: 0ns, current_frame_nr: 163 }
15:26:07 [TRACE] (1) eframe::native::run: [C:\Users\darkm\.cargo\registry\src\index.crates.io-6f17d22bba15001f\eframe-0.22.0\src\native\run.rs:205] Repaint caused by winit::Event: RedrawEventsCleared
15:26:07 [TRACE] (1) eframe::native::run: [C:\Users\darkm\.cargo\registry\src\index.crates.io-6f17d22bba15001f\eframe-0.22.0\src\native\run.rs:221] request_redraw
15:26:07 [TRACE] (1) eframe::native::run: [C:\Users\darkm\.cargo\registry\src\index.crates.io-6f17d22bba15001f\eframe-0.22.0\src\native\run.rs:160] Got outdated UserEvent::RequestRepaint
15:26:07 [INFO] eframe update fn running...
15:26:07 [TRACE] (1) eframe::native::run::glow_integration: [C:\Users\darkm\.cargo\registry\src\index.crates.io-6f17d22bba15001f\eframe-0.22.0\src\native\run.rs:734] request_repaint_callback: RequestRepaintInfo { after: 0ns, current_frame_nr: 164 }
15:26:07 [TRACE] (1) eframe::native::run: [C:\Users\darkm\.cargo\registry\src\index.crates.io-6f17d22bba15001f\eframe-0.22.0\src\native\run.rs:205] Repaint caused by winit::Event: RedrawEventsCleared
15:26:07 [TRACE] (1) eframe::native::run: [C:\Users\darkm\.cargo\registry\src\index.crates.io-6f17d22bba15001f\eframe-0.22.0\src\native\run.rs:221] request_redraw
15:26:07 [TRACE] (1) eframe::native::run: [C:\Users\darkm\.cargo\registry\src\index.crates.io-6f17d22bba15001f\eframe-0.22.0\src\native\run.rs:160] Got outdated UserEvent::RequestRepaint
15:26:07 [INFO] eframe update fn running...
15:26:07 [TRACE] (1) eframe::native::run::glow_integration: [C:\Users\darkm\.cargo\registry\src\index.crates.io-6f17d22bba15001f\eframe-0.22.0\src\native\run.rs:734] request_repaint_callback: RequestRepaintInfo { after: 0ns, current_frame_nr: 165 }
15:26:07 [TRACE] (1) eframe::native::run: [C:\Users\darkm\.cargo\registry\src\index.crates.io-6f17d22bba15001f\eframe-0.22.0\src\native\run.rs:205] Repaint caused by winit::Event: RedrawEventsCleared
15:26:07 [TRACE] (1) eframe::native::run: [C:\Users\darkm\.cargo\registry\src\index.crates.io-6f17d22bba15001f\eframe-0.22.0\src\native\run.rs:221] request_redraw
15:26:07 [TRACE] (1) eframe::native::run: [C:\Users\darkm\.cargo\registry\src\index.crates.io-6f17d22bba15001f\eframe-0.22.0\src\native\run.rs:160] Got outdated UserEvent::RequestRepaint
15:26:07 [INFO] eframe update fn running...
15:26:07 [TRACE] (1) eframe::native::run::glow_integration: [C:\Users\darkm\.cargo\registry\src\index.crates.io-6f17d22bba15001f\eframe-0.22.0\src\native\run.rs:734] request_repaint_callback: RequestRepaintInfo { after: 0ns, current_frame_nr: 166 }
15:26:07 [TRACE] (1) eframe::native::run: [C:\Users\darkm\.cargo\registry\src\index.crates.io-6f17d22bba15001f\eframe-0.22.0\src\native\run.rs:205] Repaint caused by winit::Event: RedrawEventsCleared
15:26:07 [TRACE] (1) eframe::native::run: [C:\Users\darkm\.cargo\registry\src\index.crates.io-6f17d22bba15001f\eframe-0.22.0\src\native\run.rs:221] request_redraw
15:26:07 [TRACE] (1) eframe::native::run: [C:\Users\darkm\.cargo\registry\src\index.crates.io-6f17d22bba15001f\eframe-0.22.0\src\native\run.rs:160] Got outdated UserEvent::RequestRepaint
15:26:07 [INFO] eframe update fn running...
15:26:07 [TRACE] (1) eframe::native::run: [C:\Users\darkm\.cargo\registry\src\index.crates.io-6f17d22bba15001f\eframe-0.22.0\src\native\run.rs:205] Repaint caused by winit::Event: RedrawEventsCleared
15:26:07 [TRACE] (1) eframe::native::run: [C:\Users\darkm\.cargo\registry\src\index.crates.io-6f17d22bba15001f\eframe-0.22.0\src\native\run.rs:221] request_redraw
15:26:07 [INFO] eframe update fn running...
15:26:07 [TRACE] (1) eframe::native::run: [C:\Users\darkm\.cargo\registry\src\index.crates.io-6f17d22bba15001f\eframe-0.22.0\src\native\run.rs:205] Repaint caused by winit::Event: WindowEvent { window_id: WindowId(WindowId(266618)), event: MouseInput { device_id: DeviceId(DeviceId(0)), state: Pressed, button: Left, modifiers: (empty) } }
15:26:07 [TRACE] (1) eframe::native::run: [C:\Users\darkm\.cargo\registry\src\index.crates.io-6f17d22bba15001f\eframe-0.22.0\src\native\run.rs:221] request_redraw
15:26:07 [INFO] eframe update fn running...
15:26:07 [TRACE] (1) eframe::native::run::glow_integration: [C:\Users\darkm\.cargo\registry\src\index.crates.io-6f17d22bba15001f\eframe-0.22.0\src\native\run.rs:734] request_repaint_callback: RequestRepaintInfo { after: 0ns, current_frame_nr: 169 }
15:26:07 [TRACE] (1) eframe::native::run: [C:\Users\darkm\.cargo\registry\src\index.crates.io-6f17d22bba15001f\eframe-0.22.0\src\native\run.rs:205] Repaint caused by winit::Event: RedrawEventsCleared
15:26:07 [TRACE] (1) eframe::native::run: [C:\Users\darkm\.cargo\registry\src\index.crates.io-6f17d22bba15001f\eframe-0.22.0\src\native\run.rs:221] request_redraw
15:26:07 [TRACE] (1) eframe::native::run: [C:\Users\darkm\.cargo\registry\src\index.crates.io-6f17d22bba15001f\eframe-0.22.0\src\native\run.rs:160] Got outdated UserEvent::RequestRepaint
15:26:07 [INFO] eframe update fn running...
15:26:07 [TRACE] (1) eframe::native::run: [C:\Users\darkm\.cargo\registry\src\index.crates.io-6f17d22bba15001f\eframe-0.22.0\src\native\run.rs:205] Repaint caused by winit::Event: RedrawEventsCleared
15:26:07 [TRACE] (1) eframe::native::run: [C:\Users\darkm\.cargo\registry\src\index.crates.io-6f17d22bba15001f\eframe-0.22.0\src\native\run.rs:221] request_redraw
15:26:07 [TRACE] (1) eframe::native::run: [C:\Users\darkm\.cargo\registry\src\index.crates.io-6f17d22bba15001f\eframe-0.22.0\src\native\run.rs:205] Repaint caused by winit::Event: WindowEvent { window_id: WindowId(WindowId(266618)), event: MouseInput { device_id: DeviceId(DeviceId(0)), state: Released, button: Left, modifiers: (empty) } }
15:26:07 [TRACE] (1) eframe::native::run: [C:\Users\darkm\.cargo\registry\src\index.crates.io-6f17d22bba15001f\eframe-0.22.0\src\native\run.rs:221] request_redraw
15:26:07 [INFO] eframe update fn running...
15:26:14 [TRACE] (1) eframe::native::run::glow_integration: [C:\Users\darkm\.cargo\registry\src\index.crates.io-6f17d22bba15001f\eframe-0.22.0\src\native\run.rs:734] request_repaint_callback: RequestRepaintInfo { after: 0ns, current_frame_nr: 171 }
15:26:14 [TRACE] (1) eframe::native::run: [C:\Users\darkm\.cargo\registry\src\index.crates.io-6f17d22bba15001f\eframe-0.22.0\src\native\run.rs:205] Repaint caused by winit::Event: RedrawEventsCleared
15:26:14 [TRACE] (1) eframe::native::run: [C:\Users\darkm\.cargo\registry\src\index.crates.io-6f17d22bba15001f\eframe-0.22.0\src\native\run.rs:221] request_redraw
15:26:14 [TRACE] (1) eframe::native::run: [C:\Users\darkm\.cargo\registry\src\index.crates.io-6f17d22bba15001f\eframe-0.22.0\src\native\run.rs:160] Got outdated UserEvent::RequestRepaint
15:26:14 [TRACE] (1) eframe::native::run: [C:\Users\darkm\.cargo\registry\src\index.crates.io-6f17d22bba15001f\eframe-0.22.0\src\native\run.rs:205] Repaint caused by winit::Event: WindowEvent { window_id: WindowId(WindowId(266618)), event: ModifiersChanged((empty)) }
15:26:14 [TRACE] (1) eframe::native::run: [C:\Users\darkm\.cargo\registry\src\index.crates.io-6f17d22bba15001f\eframe-0.22.0\src\native\run.rs:221] request_redraw
15:26:14 [TRACE] (1) eframe::native::run: [C:\Users\darkm\.cargo\registry\src\index.crates.io-6f17d22bba15001f\eframe-0.22.0\src\native\run.rs:205] Repaint caused by winit::Event: WindowEvent { window_id: WindowId(WindowId(266618)), event: Focused(false) }
15:26:14 [TRACE] (1) eframe::native::run: [C:\Users\darkm\.cargo\registry\src\index.crates.io-6f17d22bba15001f\eframe-0.22.0\src\native\run.rs:221] request_redraw
15:26:14 [INFO] eframe update fn running...
15:26:14 [TRACE] (1) eframe::native::run::glow_integration: [C:\Users\darkm\.cargo\registry\src\index.crates.io-6f17d22bba15001f\eframe-0.22.0\src\native\run.rs:734] request_repaint_callback: RequestRepaintInfo { after: 0ns, current_frame_nr: 172 }
15:26:14 [TRACE] (1) eframe::native::run: [C:\Users\darkm\.cargo\registry\src\index.crates.io-6f17d22bba15001f\eframe-0.22.0\src\native\run.rs:205] Repaint caused by winit::Event: RedrawEventsCleared
15:26:14 [TRACE] (1) eframe::native::run: [C:\Users\darkm\.cargo\registry\src\index.crates.io-6f17d22bba15001f\eframe-0.22.0\src\native\run.rs:221] request_redraw
15:26:14 [TRACE] (1) eframe::native::run: [C:\Users\darkm\.cargo\registry\src\index.crates.io-6f17d22bba15001f\eframe-0.22.0\src\native\run.rs:205] Repaint caused by winit::Event: WindowEvent { window_id: WindowId(WindowId(266618)), event: CursorLeft { device_id: DeviceId(DeviceId(0)) } }
15:26:14 [TRACE] (1) eframe::native::run: [C:\Users\darkm\.cargo\registry\src\index.crates.io-6f17d22bba15001f\eframe-0.22.0\src\native\run.rs:221] request_redraw
15:26:14 [TRACE] (1) eframe::native::run: [C:\Users\darkm\.cargo\registry\src\index.crates.io-6f17d22bba15001f\eframe-0.22.0\src\native\run.rs:160] Got outdated UserEvent::RequestRepaint
15:26:14 [INFO] eframe update fn running...
15:26:14 [TRACE] (1) eframe::native::run::glow_integration: [C:\Users\darkm\.cargo\registry\src\index.crates.io-6f17d22bba15001f\eframe-0.22.0\src\native\run.rs:734] request_repaint_callback: RequestRepaintInfo { after: 0ns, current_frame_nr: 173 }
15:26:14 [TRACE] (1) eframe::native::run: [C:\Users\darkm\.cargo\registry\src\index.crates.io-6f17d22bba15001f\eframe-0.22.0\src\native\run.rs:205] Repaint caused by winit::Event: RedrawEventsCleared
15:26:14 [TRACE] (1) eframe::native::run: [C:\Users\darkm\.cargo\registry\src\index.crates.io-6f17d22bba15001f\eframe-0.22.0\src\native\run.rs:221] request_redraw
15:26:14 [TRACE] (1) eframe::native::run: [C:\Users\darkm\.cargo\registry\src\index.crates.io-6f17d22bba15001f\eframe-0.22.0\src\native\run.rs:160] Got outdated UserEvent::RequestRepaint
15:26:14 [INFO] eframe update fn running...
15:26:14 [TRACE] (1) eframe::native::run: [C:\Users\darkm\.cargo\registry\src\index.crates.io-6f17d22bba15001f\eframe-0.22.0\src\native\run.rs:205] Repaint caused by winit::Event: RedrawEventsCleared
15:26:14 [TRACE] (1) eframe::native::run: [C:\Users\darkm\.cargo\registry\src\index.crates.io-6f17d22bba15001f\eframe-0.22.0\src\native\run.rs:221] request_redraw
15:26:14 [INFO] eframe update fn running...
15:26:15 [TRACE] (1) eframe::native::run: [C:\Users\darkm\.cargo\registry\src\index.crates.io-6f17d22bba15001f\eframe-0.22.0\src\native\run.rs:205] Repaint caused by winit::Event: WindowEvent { window_id: WindowId(WindowId(266618)), event: CursorEntered { device_id: DeviceId(DeviceId(0)) } }
15:26:15 [TRACE] (1) eframe::native::run: [C:\Users\darkm\.cargo\registry\src\index.crates.io-6f17d22bba15001f\eframe-0.22.0\src\native\run.rs:221] request_redraw
15:26:15 [TRACE] (1) eframe::native::run: [C:\Users\darkm\.cargo\registry\src\index.crates.io-6f17d22bba15001f\eframe-0.22.0\src\native\run.rs:205] Repaint caused by winit::Event: WindowEvent { window_id: WindowId(WindowId(266618)), event: CursorMoved { device_id: DeviceId(DeviceId(0)), position: PhysicalPosition { x: 924.0, y: 219.0 }, modifiers: (empty) } }
15:26:15 [TRACE] (1) eframe::native::run: [C:\Users\darkm\.cargo\registry\src\index.crates.io-6f17d22bba15001f\eframe-0.22.0\src\native\run.rs:221] request_redraw
15:26:15 [TRACE] (1) eframe::native::run: [C:\Users\darkm\.cargo\registry\src\index.crates.io-6f17d22bba15001f\eframe-0.22.0\src\native\run.rs:205] Repaint caused by winit::Event: WindowEvent { window_id: WindowId(WindowId(266618)), event: CursorMoved { device_id: DeviceId(DeviceId(0)), position: PhysicalPosition { x: 912.0, y: 220.0 }, modifiers: (empty) } }
15:26:15 [TRACE] (1) eframe::native::run: [C:\Users\darkm\.cargo\registry\src\index.crates.io-6f17d22bba15001f\eframe-0.22.0\src\native\run.rs:221] request_redraw
15:26:15 [TRACE] (1) eframe::native::run: [C:\Users\darkm\.cargo\registry\src\index.crates.io-6f17d22bba15001f\eframe-0.22.0\src\native\run.rs:205] Repaint caused by winit::Event: WindowEvent { window_id: WindowId(WindowId(266618)), event: CursorMoved { device_id: DeviceId(DeviceId(0)), position: PhysicalPosition { x: 903.0, y: 221.0 }, modifiers: (empty) } }
15:26:15 [TRACE] (1) eframe::native::run: [C:\Users\darkm\.cargo\registry\src\index.crates.io-6f17d22bba15001f\eframe-0.22.0\src\native\run.rs:221] request_redraw
15:26:15 [INFO] eframe update fn running...
15:26:15 [TRACE] (1) eframe::native::run::glow_integration: [C:\Users\darkm\.cargo\registry\src\index.crates.io-6f17d22bba15001f\eframe-0.22.0\src\native\run.rs:734] request_repaint_callback: RequestRepaintInfo { after: 0ns, current_frame_nr: 176 }
15:26:15 [TRACE] (1) eframe::native::run: [C:\Users\darkm\.cargo\registry\src\index.crates.io-6f17d22bba15001f\eframe-0.22.0\src\native\run.rs:205] Repaint caused by winit::Event: RedrawEventsCleared
15:26:15 [TRACE] (1) eframe::native::run: [C:\Users\darkm\.cargo\registry\src\index.crates.io-6f17d22bba15001f\eframe-0.22.0\src\native\run.rs:221] request_redraw
15:26:15 [TRACE] (1) eframe::native::run: [C:\Users\darkm\.cargo\registry\src\index.crates.io-6f17d22bba15001f\eframe-0.22.0\src\native\run.rs:160] Got outdated UserEvent::RequestRepaint
15:26:15 [TRACE] (1) eframe::native::run: [C:\Users\darkm\.cargo\registry\src\index.crates.io-6f17d22bba15001f\eframe-0.22.0\src\native\run.rs:205] Repaint caused by winit::Event: WindowEvent { window_id: WindowId(WindowId(266618)), event: CursorMoved { device_id: DeviceId(DeviceId(0)), position: PhysicalPosition { x: 775.0, y: 240.0 }, modifiers: (empty) } }
15:26:15 [TRACE] (1) eframe::native::run: [C:\Users\darkm\.cargo\registry\src\index.crates.io-6f17d22bba15001f\eframe-0.22.0\src\native\run.rs:221] request_redraw
15:26:15 [TRACE] (1) eframe::native::run: [C:\Users\darkm\.cargo\registry\src\index.crates.io-6f17d22bba15001f\eframe-0.22.0\src\native\run.rs:205] Repaint caused by winit::Event: WindowEvent { window_id: WindowId(WindowId(266618)), event: CursorMoved { device_id: DeviceId(DeviceId(0)), position: PhysicalPosition { x: 773.0, y: 240.0 }, modifiers: (empty) } }
15:26:15 [TRACE] (1) eframe::native::run: [C:\Users\darkm\.cargo\registry\src\index.crates.io-6f17d22bba15001f\eframe-0.22.0\src\native\run.rs:221] request_redraw
15:26:15 [TRACE] (1) eframe::native::run: [C:\Users\darkm\.cargo\registry\src\index.crates.io-6f17d22bba15001f\eframe-0.22.0\src\native\run.rs:205] Repaint caused by winit::Event: WindowEvent { window_id: WindowId(WindowId(266618)), event: CursorMoved { device_id: DeviceId(DeviceId(0)), position: PhysicalPosition { x: 769.0, y: 240.0 }, modifiers: (empty) } }
15:26:15 [TRACE] (1) eframe::native::run: [C:\Users\darkm\.cargo\registry\src\index.crates.io-6f17d22bba15001f\eframe-0.22.0\src\native\run.rs:221] request_redraw
15:26:15 [INFO] eframe update fn running...
15:26:15 [TRACE] (1) eframe::native::run::glow_integration: [C:\Users\darkm\.cargo\registry\src\index.crates.io-6f17d22bba15001f\eframe-0.22.0\src\native\run.rs:734] request_repaint_callback: RequestRepaintInfo { after: 0ns, current_frame_nr: 177 }
15:26:15 [TRACE] (1) eframe::native::run: [C:\Users\darkm\.cargo\registry\src\index.crates.io-6f17d22bba15001f\eframe-0.22.0\src\native\run.rs:205] Repaint caused by winit::Event: RedrawEventsCleared
15:26:15 [TRACE] (1) eframe::native::run: [C:\Users\darkm\.cargo\registry\src\index.crates.io-6f17d22bba15001f\eframe-0.22.0\src\native\run.rs:221] request_redraw
15:26:15 [TRACE] (1) eframe::native::run: [C:\Users\darkm\.cargo\registry\src\index.crates.io-6f17d22bba15001f\eframe-0.22.0\src\native\run.rs:160] Got outdated UserEvent::RequestRepaint
15:26:15 [TRACE] (1) eframe::native::run: [C:\Users\darkm\.cargo\registry\src\index.crates.io-6f17d22bba15001f\eframe-0.22.0\src\native\run.rs:205] Repaint caused by winit::Event: WindowEvent { window_id: WindowId(WindowId(266618)), event: CursorMoved { device_id: DeviceId(DeviceId(0)), position: PhysicalPosition { x: 634.0, y: 264.0 }, modifiers: (empty) } }
15:26:15 [TRACE] (1) eframe::native::run: [C:\Users\darkm\.cargo\registry\src\index.crates.io-6f17d22bba15001f\eframe-0.22.0\src\native\run.rs:221] request_redraw
15:26:15 [TRACE] (1) eframe::native::run: [C:\Users\darkm\.cargo\registry\src\index.crates.io-6f17d22bba15001f\eframe-0.22.0\src\native\run.rs:205] Repaint caused by winit::Event: WindowEvent { window_id: WindowId(WindowId(266618)), event: CursorMoved { device_id: DeviceId(DeviceId(0)), position: PhysicalPosition { x: 629.0, y: 266.0 }, modifiers: (empty) } }
15:26:15 [TRACE] (1) eframe::native::run: [C:\Users\darkm\.cargo\registry\src\index.crates.io-6f17d22bba15001f\eframe-0.22.0\src\native\run.rs:221] request_redraw
15:26:15 [INFO] eframe update fn running...
15:26:15 [TRACE] (1) eframe::native::run::glow_integration: [C:\Users\darkm\.cargo\registry\src\index.crates.io-6f17d22bba15001f\eframe-0.22.0\src\native\run.rs:734] request_repaint_callback: RequestRepaintInfo { after: 0ns, current_frame_nr: 178 }
15:26:15 [TRACE] (1) eframe::native::run: [C:\Users\darkm\.cargo\registry\src\index.crates.io-6f17d22bba15001f\eframe-0.22.0\src\native\run.rs:205] Repaint caused by winit::Event: RedrawEventsCleared
15:26:15 [TRACE] (1) eframe::native::run: [C:\Users\darkm\.cargo\registry\src\index.crates.io-6f17d22bba15001f\eframe-0.22.0\src\native\run.rs:221] request_redraw
15:26:15 [TRACE] (1) eframe::native::run: [C:\Users\darkm\.cargo\registry\src\index.crates.io-6f17d22bba15001f\eframe-0.22.0\src\native\run.rs:160] Got outdated UserEvent::RequestRepaint
15:26:15 [TRACE] (1) eframe::native::run: [C:\Users\darkm\.cargo\registry\src\index.crates.io-6f17d22bba15001f\eframe-0.22.0\src\native\run.rs:205] Repaint caused by winit::Event: WindowEvent { window_id: WindowId(WindowId(266618)), event: CursorMoved { device_id: DeviceId(DeviceId(0)), position: PhysicalPosition { x: 504.0, y: 283.0 }, modifiers: (empty) } }
15:26:15 [TRACE] (1) eframe::native::run: [C:\Users\darkm\.cargo\registry\src\index.crates.io-6f17d22bba15001f\eframe-0.22.0\src\native\run.rs:221] request_redraw
15:26:15 [INFO] eframe update fn running...
15:26:15 [TRACE] (1) eframe::native::run::glow_integration: [C:\Users\darkm\.cargo\registry\src\index.crates.io-6f17d22bba15001f\eframe-0.22.0\src\native\run.rs:734] request_repaint_callback: RequestRepaintInfo { after: 0ns, current_frame_nr: 179 }
15:26:15 [TRACE] (1) eframe::native::run: [C:\Users\darkm\.cargo\registry\src\index.crates.io-6f17d22bba15001f\eframe-0.22.0\src\native\run.rs:205] Repaint caused by winit::Event: RedrawEventsCleared
15:26:15 [TRACE] (1) eframe::native::run: [C:\Users\darkm\.cargo\registry\src\index.crates.io-6f17d22bba15001f\eframe-0.22.0\src\native\run.rs:221] request_redraw
15:26:15 [TRACE] (1) eframe::native::run: [C:\Users\darkm\.cargo\registry\src\index.crates.io-6f17d22bba15001f\eframe-0.22.0\src\native\run.rs:160] Got outdated UserEvent::RequestRepaint
15:26:15 [TRACE] (1) eframe::native::run: [C:\Users\darkm\.cargo\registry\src\index.crates.io-6f17d22bba15001f\eframe-0.22.0\src\native\run.rs:205] Repaint caused by winit::Event: WindowEvent { window_id: WindowId(WindowId(266618)), event: CursorMoved { device_id: DeviceId(DeviceId(0)), position: PhysicalPosition { x: 427.0, y: 284.0 }, modifiers: (empty) } }
15:26:15 [TRACE] (1) eframe::native::run: [C:\Users\darkm\.cargo\registry\src\index.crates.io-6f17d22bba15001f\eframe-0.22.0\src\native\run.rs:221] request_redraw
15:26:15 [INFO] eframe update fn running...
15:26:15 [TRACE] (1) eframe::native::run::glow_integration: [C:\Users\darkm\.cargo\registry\src\index.crates.io-6f17d22bba15001f\eframe-0.22.0\src\native\run.rs:734] request_repaint_callback: RequestRepaintInfo { after: 0ns, current_frame_nr: 180 }
15:26:15 [TRACE] (1) eframe::native::run: [C:\Users\darkm\.cargo\registry\src\index.crates.io-6f17d22bba15001f\eframe-0.22.0\src\native\run.rs:205] Repaint caused by winit::Event: RedrawEventsCleared
15:26:15 [TRACE] (1) eframe::native::run: [C:\Users\darkm\.cargo\registry\src\index.crates.io-6f17d22bba15001f\eframe-0.22.0\src\native\run.rs:221] request_redraw
15:26:15 [TRACE] (1) eframe::native::run: [C:\Users\darkm\.cargo\registry\src\index.crates.io-6f17d22bba15001f\eframe-0.22.0\src\native\run.rs:160] Got outdated UserEvent::RequestRepaint
15:26:15 [TRACE] (1) eframe::native::run: [C:\Users\darkm\.cargo\registry\src\index.crates.io-6f17d22bba15001f\eframe-0.22.0\src\native\run.rs:205] Repaint caused by winit::Event: WindowEvent { window_id: WindowId(WindowId(266618)), event: CursorMoved { device_id: DeviceId(DeviceId(0)), position: PhysicalPosition { x: 396.0, y: 282.0 }, modifiers: (empty) } }
15:26:15 [TRACE] (1) eframe::native::run: [C:\Users\darkm\.cargo\registry\src\index.crates.io-6f17d22bba15001f\eframe-0.22.0\src\native\run.rs:221] request_redraw
15:26:15 [INFO] eframe update fn running...
15:26:15 [TRACE] (1) eframe::native::run::glow_integration: [C:\Users\darkm\.cargo\registry\src\index.crates.io-6f17d22bba15001f\eframe-0.22.0\src\native\run.rs:734] request_repaint_callback: RequestRepaintInfo { after: 0ns, current_frame_nr: 181 }
15:26:15 [TRACE] (1) eframe::native::run: [C:\Users\darkm\.cargo\registry\src\index.crates.io-6f17d22bba15001f\eframe-0.22.0\src\native\run.rs:205] Repaint caused by winit::Event: RedrawEventsCleared
15:26:15 [TRACE] (1) eframe::native::run: [C:\Users\darkm\.cargo\registry\src\index.crates.io-6f17d22bba15001f\eframe-0.22.0\src\native\run.rs:221] request_redraw
15:26:15 [TRACE] (1) eframe::native::run: [C:\Users\darkm\.cargo\registry\src\index.crates.io-6f17d22bba15001f\eframe-0.22.0\src\native\run.rs:160] Got outdated UserEvent::RequestRepaint
15:26:15 [TRACE] (1) eframe::native::run: [C:\Users\darkm\.cargo\registry\src\index.crates.io-6f17d22bba15001f\eframe-0.22.0\src\native\run.rs:205] Repaint caused by winit::Event: WindowEvent { window_id: WindowId(WindowId(266618)), event: CursorMoved { device_id: DeviceId(DeviceId(0)), position: PhysicalPosition { x: 389.0, y: 280.0 }, modifiers: (empty) } }
15:26:15 [TRACE] (1) eframe::native::run: [C:\Users\darkm\.cargo\registry\src\index.crates.io-6f17d22bba15001f\eframe-0.22.0\src\native\run.rs:221] request_redraw
15:26:15 [INFO] eframe update fn running...
15:26:15 [TRACE] (1) eframe::native::run::glow_integration: [C:\Users\darkm\.cargo\registry\src\index.crates.io-6f17d22bba15001f\eframe-0.22.0\src\native\run.rs:734] request_repaint_callback: RequestRepaintInfo { after: 0ns, current_frame_nr: 182 }
15:26:15 [TRACE] (1) eframe::native::run: [C:\Users\darkm\.cargo\registry\src\index.crates.io-6f17d22bba15001f\eframe-0.22.0\src\native\run.rs:205] Repaint caused by winit::Event: RedrawEventsCleared
15:26:15 [TRACE] (1) eframe::native::run: [C:\Users\darkm\.cargo\registry\src\index.crates.io-6f17d22bba15001f\eframe-0.22.0\src\native\run.rs:221] request_redraw
15:26:15 [TRACE] (1) eframe::native::run: [C:\Users\darkm\.cargo\registry\src\index.crates.io-6f17d22bba15001f\eframe-0.22.0\src\native\run.rs:160] Got outdated UserEvent::RequestRepaint
15:26:15 [INFO] eframe update fn running...
15:26:15 [TRACE] (1) eframe::native::run: [C:\Users\darkm\.cargo\registry\src\index.crates.io-6f17d22bba15001f\eframe-0.22.0\src\native\run.rs:205] Repaint caused by winit::Event: RedrawEventsCleared
15:26:15 [TRACE] (1) eframe::native::run: [C:\Users\darkm\.cargo\registry\src\index.crates.io-6f17d22bba15001f\eframe-0.22.0\src\native\run.rs:221] request_redraw
15:26:15 [INFO] eframe update fn running...
15:26:15 [TRACE] (1) eframe::native::run: [C:\Users\darkm\.cargo\registry\src\index.crates.io-6f17d22bba15001f\eframe-0.22.0\src\native\run.rs:205] Repaint caused by winit::Event: WindowEvent { window_id: WindowId(WindowId(266618)), event: CursorMoved { device_id: DeviceId(DeviceId(0)), position: PhysicalPosition { x: 389.0, y: 279.0 }, modifiers: (empty) } }
15:26:15 [TRACE] (1) eframe::native::run: [C:\Users\darkm\.cargo\registry\src\index.crates.io-6f17d22bba15001f\eframe-0.22.0\src\native\run.rs:221] request_redraw
15:26:15 [INFO] eframe update fn running...
15:26:15 [TRACE] (1) eframe::native::run::glow_integration: [C:\Users\darkm\.cargo\registry\src\index.crates.io-6f17d22bba15001f\eframe-0.22.0\src\native\run.rs:734] request_repaint_callback: RequestRepaintInfo { after: 0ns, current_frame_nr: 185 }
15:26:15 [TRACE] (1) eframe::native::run: [C:\Users\darkm\.cargo\registry\src\index.crates.io-6f17d22bba15001f\eframe-0.22.0\src\native\run.rs:205] Repaint caused by winit::Event: RedrawEventsCleared
15:26:15 [TRACE] (1) eframe::native::run: [C:\Users\darkm\.cargo\registry\src\index.crates.io-6f17d22bba15001f\eframe-0.22.0\src\native\run.rs:221] request_redraw
15:26:15 [TRACE] (1) eframe::native::run: [C:\Users\darkm\.cargo\registry\src\index.crates.io-6f17d22bba15001f\eframe-0.22.0\src\native\run.rs:160] Got outdated UserEvent::RequestRepaint
15:26:15 [INFO] eframe update fn running...
15:26:15 [TRACE] (1) eframe::native::run: [C:\Users\darkm\.cargo\registry\src\index.crates.io-6f17d22bba15001f\eframe-0.22.0\src\native\run.rs:205] Repaint caused by winit::Event: RedrawEventsCleared
15:26:15 [TRACE] (1) eframe::native::run: [C:\Users\darkm\.cargo\registry\src\index.crates.io-6f17d22bba15001f\eframe-0.22.0\src\native\run.rs:221] request_redraw
15:26:15 [INFO] eframe update fn running...
15:26:15 [TRACE] (1) eframe::native::run: [C:\Users\darkm\.cargo\registry\src\index.crates.io-6f17d22bba15001f\eframe-0.22.0\src\native\run.rs:205] Repaint caused by winit::Event: WindowEvent { window_id: WindowId(WindowId(266618)), event: CursorMoved { device_id: DeviceId(DeviceId(0)), position: PhysicalPosition { x: 389.0, y: 278.0 }, modifiers: (empty) } }
15:26:15 [TRACE] (1) eframe::native::run: [C:\Users\darkm\.cargo\registry\src\index.crates.io-6f17d22bba15001f\eframe-0.22.0\src\native\run.rs:221] request_redraw
15:26:15 [INFO] eframe update fn running...
15:26:15 [TRACE] (1) eframe::native::run::glow_integration: [C:\Users\darkm\.cargo\registry\src\index.crates.io-6f17d22bba15001f\eframe-0.22.0\src\native\run.rs:734] request_repaint_callback: RequestRepaintInfo { after: 0ns, current_frame_nr: 188 }
15:26:15 [TRACE] (1) eframe::native::run: [C:\Users\darkm\.cargo\registry\src\index.crates.io-6f17d22bba15001f\eframe-0.22.0\src\native\run.rs:205] Repaint caused by winit::Event: RedrawEventsCleared
15:26:15 [TRACE] (1) eframe::native::run: [C:\Users\darkm\.cargo\registry\src\index.crates.io-6f17d22bba15001f\eframe-0.22.0\src\native\run.rs:221] request_redraw
15:26:15 [TRACE] (1) eframe::native::run: [C:\Users\darkm\.cargo\registry\src\index.crates.io-6f17d22bba15001f\eframe-0.22.0\src\native\run.rs:160] Got outdated UserEvent::RequestRepaint
15:26:15 [TRACE] (1) eframe::native::run: [C:\Users\darkm\.cargo\registry\src\index.crates.io-6f17d22bba15001f\eframe-0.22.0\src\native\run.rs:205] Repaint caused by winit::Event: WindowEvent { window_id: WindowId(WindowId(266618)), event: CursorMoved { device_id: DeviceId(DeviceId(0)), position: PhysicalPosition { x: 390.0, y: 276.0 }, modifiers: (empty) } }
15:26:15 [TRACE] (1) eframe::native::run: [C:\Users\darkm\.cargo\registry\src\index.crates.io-6f17d22bba15001f\eframe-0.22.0\src\native\run.rs:221] request_redraw
15:26:15 [INFO] eframe update fn running...
15:26:15 [TRACE] (1) eframe::native::run::glow_integration: [C:\Users\darkm\.cargo\registry\src\index.crates.io-6f17d22bba15001f\eframe-0.22.0\src\native\run.rs:734] request_repaint_callback: RequestRepaintInfo { after: 0ns, current_frame_nr: 189 }
15:26:15 [TRACE] (1) eframe::native::run: [C:\Users\darkm\.cargo\registry\src\index.crates.io-6f17d22bba15001f\eframe-0.22.0\src\native\run.rs:205] Repaint caused by winit::Event: RedrawEventsCleared
15:26:15 [TRACE] (1) eframe::native::run: [C:\Users\darkm\.cargo\registry\src\index.crates.io-6f17d22bba15001f\eframe-0.22.0\src\native\run.rs:221] request_redraw
15:26:15 [TRACE] (1) eframe::native::run: [C:\Users\darkm\.cargo\registry\src\index.crates.io-6f17d22bba15001f\eframe-0.22.0\src\native\run.rs:160] Got outdated UserEvent::RequestRepaint
15:26:15 [TRACE] (1) eframe::native::run: [C:\Users\darkm\.cargo\registry\src\index.crates.io-6f17d22bba15001f\eframe-0.22.0\src\native\run.rs:205] Repaint caused by winit::Event: WindowEvent { window_id: WindowId(WindowId(266618)), event: CursorMoved { device_id: DeviceId(DeviceId(0)), position: PhysicalPosition { x: 392.0, y: 273.0 }, modifiers: (empty) } }
15:26:15 [TRACE] (1) eframe::native::run: [C:\Users\darkm\.cargo\registry\src\index.crates.io-6f17d22bba15001f\eframe-0.22.0\src\native\run.rs:221] request_redraw
15:26:15 [INFO] eframe update fn running...
15:26:15 [TRACE] (1) eframe::native::run::glow_integration: [C:\Users\darkm\.cargo\registry\src\index.crates.io-6f17d22bba15001f\eframe-0.22.0\src\native\run.rs:734] request_repaint_callback: RequestRepaintInfo { after: 0ns, current_frame_nr: 190 }
15:26:15 [TRACE] (1) eframe::native::run: [C:\Users\darkm\.cargo\registry\src\index.crates.io-6f17d22bba15001f\eframe-0.22.0\src\native\run.rs:205] Repaint caused by winit::Event: RedrawEventsCleared
15:26:15 [TRACE] (1) eframe::native::run: [C:\Users\darkm\.cargo\registry\src\index.crates.io-6f17d22bba15001f\eframe-0.22.0\src\native\run.rs:221] request_redraw
15:26:15 [TRACE] (1) eframe::native::run: [C:\Users\darkm\.cargo\registry\src\index.crates.io-6f17d22bba15001f\eframe-0.22.0\src\native\run.rs:160] Got outdated UserEvent::RequestRepaint
15:26:15 [TRACE] (1) eframe::native::run: [C:\Users\darkm\.cargo\registry\src\index.crates.io-6f17d22bba15001f\eframe-0.22.0\src\native\run.rs:205] Repaint caused by winit::Event: WindowEvent { window_id: WindowId(WindowId(266618)), event: CursorMoved { device_id: DeviceId(DeviceId(0)), position: PhysicalPosition { x: 395.0, y: 270.0 }, modifiers: (empty) } }
15:26:15 [TRACE] (1) eframe::native::run: [C:\Users\darkm\.cargo\registry\src\index.crates.io-6f17d22bba15001f\eframe-0.22.0\src\native\run.rs:221] request_redraw
15:26:15 [INFO] eframe update fn running...
15:26:15 [TRACE] (1) eframe::native::run::glow_integration: [C:\Users\darkm\.cargo\registry\src\index.crates.io-6f17d22bba15001f\eframe-0.22.0\src\native\run.rs:734] request_repaint_callback: RequestRepaintInfo { after: 0ns, current_frame_nr: 191 }
15:26:15 [TRACE] (1) eframe::native::run: [C:\Users\darkm\.cargo\registry\src\index.crates.io-6f17d22bba15001f\eframe-0.22.0\src\native\run.rs:205] Repaint caused by winit::Event: RedrawEventsCleared
15:26:15 [TRACE] (1) eframe::native::run: [C:\Users\darkm\.cargo\registry\src\index.crates.io-6f17d22bba15001f\eframe-0.22.0\src\native\run.rs:221] request_redraw
15:26:15 [TRACE] (1) eframe::native::run: [C:\Users\darkm\.cargo\registry\src\index.crates.io-6f17d22bba15001f\eframe-0.22.0\src\native\run.rs:160] Got outdated UserEvent::RequestRepaint
15:26:15 [TRACE] (1) eframe::native::run: [C:\Users\darkm\.cargo\registry\src\index.crates.io-6f17d22bba15001f\eframe-0.22.0\src\native\run.rs:205] Repaint caused by winit::Event: WindowEvent { window_id: WindowId(WindowId(266618)), event: CursorMoved { device_id: DeviceId(DeviceId(0)), position: PhysicalPosition { x: 396.0, y: 268.0 }, modifiers: (empty) } }
15:26:15 [TRACE] (1) eframe::native::run: [C:\Users\darkm\.cargo\registry\src\index.crates.io-6f17d22bba15001f\eframe-0.22.0\src\native\run.rs:221] request_redraw
15:26:15 [INFO] eframe update fn running...
15:26:15 [TRACE] (1) eframe::native::run::glow_integration: [C:\Users\darkm\.cargo\registry\src\index.crates.io-6f17d22bba15001f\eframe-0.22.0\src\native\run.rs:734] request_repaint_callback: RequestRepaintInfo { after: 0ns, current_frame_nr: 192 }
15:26:15 [TRACE] (1) eframe::native::run: [C:\Users\darkm\.cargo\registry\src\index.crates.io-6f17d22bba15001f\eframe-0.22.0\src\native\run.rs:205] Repaint caused by winit::Event: RedrawEventsCleared
15:26:15 [TRACE] (1) eframe::native::run: [C:\Users\darkm\.cargo\registry\src\index.crates.io-6f17d22bba15001f\eframe-0.22.0\src\native\run.rs:221] request_redraw
15:26:15 [TRACE] (1) eframe::native::run: [C:\Users\darkm\.cargo\registry\src\index.crates.io-6f17d22bba15001f\eframe-0.22.0\src\native\run.rs:160] Got outdated UserEvent::RequestRepaint
15:26:15 [TRACE] (1) eframe::native::run: [C:\Users\darkm\.cargo\registry\src\index.crates.io-6f17d22bba15001f\eframe-0.22.0\src\native\run.rs:205] Repaint caused by winit::Event: WindowEvent { window_id: WindowId(WindowId(266618)), event: CursorMoved { device_id: DeviceId(DeviceId(0)), position: PhysicalPosition { x: 397.0, y: 266.0 }, modifiers: (empty) } }
15:26:15 [TRACE] (1) eframe::native::run: [C:\Users\darkm\.cargo\registry\src\index.crates.io-6f17d22bba15001f\eframe-0.22.0\src\native\run.rs:221] request_redraw
15:26:15 [INFO] eframe update fn running...
15:26:15 [TRACE] (1) eframe::native::run::glow_integration: [C:\Users\darkm\.cargo\registry\src\index.crates.io-6f17d22bba15001f\eframe-0.22.0\src\native\run.rs:734] request_repaint_callback: RequestRepaintInfo { after: 0ns, current_frame_nr: 193 }
15:26:15 [TRACE] (1) eframe::native::run: [C:\Users\darkm\.cargo\registry\src\index.crates.io-6f17d22bba15001f\eframe-0.22.0\src\native\run.rs:205] Repaint caused by winit::Event: RedrawEventsCleared
15:26:15 [TRACE] (1) eframe::native::run: [C:\Users\darkm\.cargo\registry\src\index.crates.io-6f17d22bba15001f\eframe-0.22.0\src\native\run.rs:221] request_redraw
15:26:15 [TRACE] (1) eframe::native::run: [C:\Users\darkm\.cargo\registry\src\index.crates.io-6f17d22bba15001f\eframe-0.22.0\src\native\run.rs:160] Got outdated UserEvent::RequestRepaint
15:26:15 [TRACE] (1) eframe::native::run: [C:\Users\darkm\.cargo\registry\src\index.crates.io-6f17d22bba15001f\eframe-0.22.0\src\native\run.rs:205] Repaint caused by winit::Event: WindowEvent { window_id: WindowId(WindowId(266618)), event: CursorMoved { device_id: DeviceId(DeviceId(0)), position: PhysicalPosition { x: 399.0, y: 265.0 }, modifiers: (empty) } }
15:26:15 [TRACE] (1) eframe::native::run: [C:\Users\darkm\.cargo\registry\src\index.crates.io-6f17d22bba15001f\eframe-0.22.0\src\native\run.rs:221] request_redraw
15:26:15 [INFO] eframe update fn running...
15:26:15 [TRACE] (1) eframe::native::run::glow_integration: [C:\Users\darkm\.cargo\registry\src\index.crates.io-6f17d22bba15001f\eframe-0.22.0\src\native\run.rs:734] request_repaint_callback: RequestRepaintInfo { after: 0ns, current_frame_nr: 194 }
15:26:15 [TRACE] (1) eframe::native::run: [C:\Users\darkm\.cargo\registry\src\index.crates.io-6f17d22bba15001f\eframe-0.22.0\src\native\run.rs:205] Repaint caused by winit::Event: RedrawEventsCleared
15:26:15 [TRACE] (1) eframe::native::run: [C:\Users\darkm\.cargo\registry\src\index.crates.io-6f17d22bba15001f\eframe-0.22.0\src\native\run.rs:221] request_redraw
15:26:15 [TRACE] (1) eframe::native::run: [C:\Users\darkm\.cargo\registry\src\index.crates.io-6f17d22bba15001f\eframe-0.22.0\src\native\run.rs:160] Got outdated UserEvent::RequestRepaint
15:26:15 [TRACE] (1) eframe::native::run: [C:\Users\darkm\.cargo\registry\src\index.crates.io-6f17d22bba15001f\eframe-0.22.0\src\native\run.rs:205] Repaint caused by winit::Event: WindowEvent { window_id: WindowId(WindowId(266618)), event: CursorMoved { device_id: DeviceId(DeviceId(0)), position: PhysicalPosition { x: 399.0, y: 264.0 }, modifiers: (empty) } }
15:26:15 [TRACE] (1) eframe::native::run: [C:\Users\darkm\.cargo\registry\src\index.crates.io-6f17d22bba15001f\eframe-0.22.0\src\native\run.rs:221] request_redraw
15:26:15 [INFO] eframe update fn running...
15:26:15 [TRACE] (1) eframe::native::run::glow_integration: [C:\Users\darkm\.cargo\registry\src\index.crates.io-6f17d22bba15001f\eframe-0.22.0\src\native\run.rs:734] request_repaint_callback: RequestRepaintInfo { after: 0ns, current_frame_nr: 195 }
15:26:15 [TRACE] (1) eframe::native::run: [C:\Users\darkm\.cargo\registry\src\index.crates.io-6f17d22bba15001f\eframe-0.22.0\src\native\run.rs:205] Repaint caused by winit::Event: RedrawEventsCleared
15:26:15 [TRACE] (1) eframe::native::run: [C:\Users\darkm\.cargo\registry\src\index.crates.io-6f17d22bba15001f\eframe-0.22.0\src\native\run.rs:221] request_redraw
15:26:15 [TRACE] (1) eframe::native::run: [C:\Users\darkm\.cargo\registry\src\index.crates.io-6f17d22bba15001f\eframe-0.22.0\src\native\run.rs:160] Got outdated UserEvent::RequestRepaint
15:26:15 [INFO] eframe update fn running...
15:26:15 [TRACE] (1) eframe::native::run: [C:\Users\darkm\.cargo\registry\src\index.crates.io-6f17d22bba15001f\eframe-0.22.0\src\native\run.rs:205] Repaint caused by winit::Event: RedrawEventsCleared
15:26:15 [TRACE] (1) eframe::native::run: [C:\Users\darkm\.cargo\registry\src\index.crates.io-6f17d22bba15001f\eframe-0.22.0\src\native\run.rs:221] request_redraw
15:26:15 [INFO] eframe update fn running...
15:26:15 [TRACE] (1) eframe::native::run: [C:\Users\darkm\.cargo\registry\src\index.crates.io-6f17d22bba15001f\eframe-0.22.0\src\native\run.rs:205] Repaint caused by winit::Event: WindowEvent { window_id: WindowId(WindowId(266618)), event: CursorMoved { device_id: DeviceId(DeviceId(0)), position: PhysicalPosition { x: 399.0, y: 263.0 }, modifiers: (empty) } }
15:26:15 [TRACE] (1) eframe::native::run: [C:\Users\darkm\.cargo\registry\src\index.crates.io-6f17d22bba15001f\eframe-0.22.0\src\native\run.rs:221] request_redraw
15:26:15 [INFO] eframe update fn running...
15:26:15 [TRACE] (1) eframe::native::run::glow_integration: [C:\Users\darkm\.cargo\registry\src\index.crates.io-6f17d22bba15001f\eframe-0.22.0\src\native\run.rs:734] request_repaint_callback: RequestRepaintInfo { after: 0ns, current_frame_nr: 198 }
15:26:15 [TRACE] (1) eframe::native::run: [C:\Users\darkm\.cargo\registry\src\index.crates.io-6f17d22bba15001f\eframe-0.22.0\src\native\run.rs:205] Repaint caused by winit::Event: RedrawEventsCleared
15:26:15 [TRACE] (1) eframe::native::run: [C:\Users\darkm\.cargo\registry\src\index.crates.io-6f17d22bba15001f\eframe-0.22.0\src\native\run.rs:221] request_redraw
15:26:15 [TRACE] (1) eframe::native::run: [C:\Users\darkm\.cargo\registry\src\index.crates.io-6f17d22bba15001f\eframe-0.22.0\src\native\run.rs:160] Got outdated UserEvent::RequestRepaint
15:26:15 [TRACE] (1) eframe::native::run: [C:\Users\darkm\.cargo\registry\src\index.crates.io-6f17d22bba15001f\eframe-0.22.0\src\native\run.rs:205] Repaint caused by winit::Event: WindowEvent { window_id: WindowId(WindowId(266618)), event: CursorMoved { device_id: DeviceId(DeviceId(0)), position: PhysicalPosition { x: 399.0, y: 258.0 }, modifiers: (empty) } }
15:26:15 [TRACE] (1) eframe::native::run: [C:\Users\darkm\.cargo\registry\src\index.crates.io-6f17d22bba15001f\eframe-0.22.0\src\native\run.rs:221] request_redraw
15:26:15 [TRACE] (1) eframe::native::run: [C:\Users\darkm\.cargo\registry\src\index.crates.io-6f17d22bba15001f\eframe-0.22.0\src\native\run.rs:205] Repaint caused by winit::Event: WindowEvent { window_id: WindowId(WindowId(266618)), event: CursorMoved { device_id: DeviceId(DeviceId(0)), position: PhysicalPosition { x: 398.0, y: 258.0 }, modifiers: (empty) } }
15:26:15 [TRACE] (1) eframe::native::run: [C:\Users\darkm\.cargo\registry\src\index.crates.io-6f17d22bba15001f\eframe-0.22.0\src\native\run.rs:221] request_redraw
15:26:15 [INFO] eframe update fn running...
15:26:15 [TRACE] (1) eframe::native::run::glow_integration: [C:\Users\darkm\.cargo\registry\src\index.crates.io-6f17d22bba15001f\eframe-0.22.0\src\native\run.rs:734] request_repaint_callback: RequestRepaintInfo { after: 0ns, current_frame_nr: 199 }
15:26:15 [TRACE] (1) eframe::native::run: [C:\Users\darkm\.cargo\registry\src\index.crates.io-6f17d22bba15001f\eframe-0.22.0\src\native\run.rs:205] Repaint caused by winit::Event: RedrawEventsCleared
15:26:15 [TRACE] (1) eframe::native::run: [C:\Users\darkm\.cargo\registry\src\index.crates.io-6f17d22bba15001f\eframe-0.22.0\src\native\run.rs:221] request_redraw
15:26:15 [TRACE] (1) eframe::native::run: [C:\Users\darkm\.cargo\registry\src\index.crates.io-6f17d22bba15001f\eframe-0.22.0\src\native\run.rs:160] Got outdated UserEvent::RequestRepaint
15:26:15 [TRACE] (1) eframe::native::run: [C:\Users\darkm\.cargo\registry\src\index.crates.io-6f17d22bba15001f\eframe-0.22.0\src\native\run.rs:205] Repaint caused by winit::Event: WindowEvent { window_id: WindowId(WindowId(266618)), event: CursorMoved { device_id: DeviceId(DeviceId(0)), position: PhysicalPosition { x: 384.0, y: 238.0 }, modifiers: (empty) } }
15:26:15 [TRACE] (1) eframe::native::run: [C:\Users\darkm\.cargo\registry\src\index.crates.io-6f17d22bba15001f\eframe-0.22.0\src\native\run.rs:221] request_redraw
15:26:15 [TRACE] (1) eframe::native::run: [C:\Users\darkm\.cargo\registry\src\index.crates.io-6f17d22bba15001f\eframe-0.22.0\src\native\run.rs:205] Repaint caused by winit::Event: WindowEvent { window_id: WindowId(WindowId(266618)), event: CursorMoved { device_id: DeviceId(DeviceId(0)), position: PhysicalPosition { x: 383.0, y: 237.0 }, modifiers: (empty) } }
15:26:15 [TRACE] (1) eframe::native::run: [C:\Users\darkm\.cargo\registry\src\index.crates.io-6f17d22bba15001f\eframe-0.22.0\src\native\run.rs:221] request_redraw
15:26:15 [INFO] eframe update fn running...
15:26:15 [TRACE] (1) eframe::native::run::glow_integration: [C:\Users\darkm\.cargo\registry\src\index.crates.io-6f17d22bba15001f\eframe-0.22.0\src\native\run.rs:734] request_repaint_callback: RequestRepaintInfo { after: 0ns, current_frame_nr: 200 }
15:26:15 [TRACE] (1) eframe::native::run: [C:\Users\darkm\.cargo\registry\src\index.crates.io-6f17d22bba15001f\eframe-0.22.0\src\native\run.rs:205] Repaint caused by winit::Event: RedrawEventsCleared
15:26:15 [TRACE] (1) eframe::native::run: [C:\Users\darkm\.cargo\registry\src\index.crates.io-6f17d22bba15001f\eframe-0.22.0\src\native\run.rs:221] request_redraw
15:26:15 [TRACE] (1) eframe::native::run: [C:\Users\darkm\.cargo\registry\src\index.crates.io-6f17d22bba15001f\eframe-0.22.0\src\native\run.rs:160] Got outdated UserEvent::RequestRepaint
15:26:15 [TRACE] (1) eframe::native::run: [C:\Users\darkm\.cargo\registry\src\index.crates.io-6f17d22bba15001f\eframe-0.22.0\src\native\run.rs:205] Repaint caused by winit::Event: WindowEvent { window_id: WindowId(WindowId(266618)), event: CursorMoved { device_id: DeviceId(DeviceId(0)), position: PhysicalPosition { x: 362.0, y: 215.0 }, modifiers: (empty) } }
15:26:15 [TRACE] (1) eframe::native::run: [C:\Users\darkm\.cargo\registry\src\index.crates.io-6f17d22bba15001f\eframe-0.22.0\src\native\run.rs:221] request_redraw
15:26:15 [TRACE] (1) eframe::native::run: [C:\Users\darkm\.cargo\registry\src\index.crates.io-6f17d22bba15001f\eframe-0.22.0\src\native\run.rs:205] Repaint caused by winit::Event: WindowEvent { window_id: WindowId(WindowId(266618)), event: CursorMoved { device_id: DeviceId(DeviceId(0)), position: PhysicalPosition { x: 361.0, y: 215.0 }, modifiers: (empty) } }
15:26:15 [TRACE] (1) eframe::native::run: [C:\Users\darkm\.cargo\registry\src\index.crates.io-6f17d22bba15001f\eframe-0.22.0\src\native\run.rs:221] request_redraw
15:26:15 [INFO] eframe update fn running...
15:26:15 [TRACE] (1) eframe::native::run::glow_integration: [C:\Users\darkm\.cargo\registry\src\index.crates.io-6f17d22bba15001f\eframe-0.22.0\src\native\run.rs:734] request_repaint_callback: RequestRepaintInfo { after: 0ns, current_frame_nr: 201 }
15:26:15 [TRACE] (1) eframe::native::run: [C:\Users\darkm\.cargo\registry\src\index.crates.io-6f17d22bba15001f\eframe-0.22.0\src\native\run.rs:205] Repaint caused by winit::Event: RedrawEventsCleared
15:26:15 [TRACE] (1) eframe::native::run: [C:\Users\darkm\.cargo\registry\src\index.crates.io-6f17d22bba15001f\eframe-0.22.0\src\native\run.rs:221] request_redraw
15:26:15 [TRACE] (1) eframe::native::run: [C:\Users\darkm\.cargo\registry\src\index.crates.io-6f17d22bba15001f\eframe-0.22.0\src\native\run.rs:160] Got outdated UserEvent::RequestRepaint
15:26:15 [TRACE] (1) eframe::native::run: [C:\Users\darkm\.cargo\registry\src\index.crates.io-6f17d22bba15001f\eframe-0.22.0\src\native\run.rs:205] Repaint caused by winit::Event: WindowEvent { window_id: WindowId(WindowId(266618)), event: CursorMoved { device_id: DeviceId(DeviceId(0)), position: PhysicalPosition { x: 337.0, y: 192.0 }, modifiers: (empty) } }
15:26:15 [TRACE] (1) eframe::native::run: [C:\Users\darkm\.cargo\registry\src\index.crates.io-6f17d22bba15001f\eframe-0.22.0\src\native\run.rs:221] request_redraw
15:26:15 [TRACE] (1) eframe::native::run: [C:\Users\darkm\.cargo\registry\src\index.crates.io-6f17d22bba15001f\eframe-0.22.0\src\native\run.rs:205] Repaint caused by winit::Event: WindowEvent { window_id: WindowId(WindowId(266618)), event: CursorMoved { device_id: DeviceId(DeviceId(0)), position: PhysicalPosition { x: 336.0, y: 192.0 }, modifiers: (empty) } }
15:26:15 [TRACE] (1) eframe::native::run: [C:\Users\darkm\.cargo\registry\src\index.crates.io-6f17d22bba15001f\eframe-0.22.0\src\native\run.rs:221] request_redraw
15:26:15 [INFO] eframe update fn running...
15:26:16 [TRACE] (1) eframe::native::run::glow_integration: [C:\Users\darkm\.cargo\registry\src\index.crates.io-6f17d22bba15001f\eframe-0.22.0\src\native\run.rs:734] request_repaint_callback: RequestRepaintInfo { after: 0ns, current_frame_nr: 202 }
15:26:16 [TRACE] (1) eframe::native::run: [C:\Users\darkm\.cargo\registry\src\index.crates.io-6f17d22bba15001f\eframe-0.22.0\src\native\run.rs:205] Repaint caused by winit::Event: RedrawEventsCleared
15:26:16 [TRACE] (1) eframe::native::run: [C:\Users\darkm\.cargo\registry\src\index.crates.io-6f17d22bba15001f\eframe-0.22.0\src\native\run.rs:221] request_redraw
15:26:16 [TRACE] (1) eframe::native::run: [C:\Users\darkm\.cargo\registry\src\index.crates.io-6f17d22bba15001f\eframe-0.22.0\src\native\run.rs:160] Got outdated UserEvent::RequestRepaint
15:26:16 [TRACE] (1) eframe::native::run: [C:\Users\darkm\.cargo\registry\src\index.crates.io-6f17d22bba15001f\eframe-0.22.0\src\native\run.rs:205] Repaint caused by winit::Event: WindowEvent { window_id: WindowId(WindowId(266618)), event: CursorMoved { device_id: DeviceId(DeviceId(0)), position: PhysicalPosition { x: 311.0, y: 167.0 }, modifiers: (empty) } }
15:26:16 [TRACE] (1) eframe::native::run: [C:\Users\darkm\.cargo\registry\src\index.crates.io-6f17d22bba15001f\eframe-0.22.0\src\native\run.rs:221] request_redraw
15:26:16 [TRACE] (1) eframe::native::run: [C:\Users\darkm\.cargo\registry\src\index.crates.io-6f17d22bba15001f\eframe-0.22.0\src\native\run.rs:205] Repaint caused by winit::Event: WindowEvent { window_id: WindowId(WindowId(266618)), event: CursorMoved { device_id: DeviceId(DeviceId(0)), position: PhysicalPosition { x: 310.0, y: 167.0 }, modifiers: (empty) } }
15:26:16 [TRACE] (1) eframe::native::run: [C:\Users\darkm\.cargo\registry\src\index.crates.io-6f17d22bba15001f\eframe-0.22.0\src\native\run.rs:221] request_redraw
15:26:16 [TRACE] (1) eframe::native::run: [C:\Users\darkm\.cargo\registry\src\index.crates.io-6f17d22bba15001f\eframe-0.22.0\src\native\run.rs:205] Repaint caused by winit::Event: WindowEvent { window_id: WindowId(WindowId(266618)), event: CursorMoved { device_id: DeviceId(DeviceId(0)), position: PhysicalPosition { x: 309.0, y: 165.0 }, modifiers: (empty) } }
15:26:16 [TRACE] (1) eframe::native::run: [C:\Users\darkm\.cargo\registry\src\index.crates.io-6f17d22bba15001f\eframe-0.22.0\src\native\run.rs:221] request_redraw
15:26:16 [INFO] eframe update fn running...
15:26:16 [TRACE] (1) eframe::native::run::glow_integration: [C:\Users\darkm\.cargo\registry\src\index.crates.io-6f17d22bba15001f\eframe-0.22.0\src\native\run.rs:734] request_repaint_callback: RequestRepaintInfo { after: 0ns, current_frame_nr: 203 }
15:26:16 [TRACE] (1) eframe::native::run: [C:\Users\darkm\.cargo\registry\src\index.crates.io-6f17d22bba15001f\eframe-0.22.0\src\native\run.rs:205] Repaint caused by winit::Event: RedrawEventsCleared
15:26:16 [TRACE] (1) eframe::native::run: [C:\Users\darkm\.cargo\registry\src\index.crates.io-6f17d22bba15001f\eframe-0.22.0\src\native\run.rs:221] request_redraw
15:26:16 [TRACE] (1) eframe::native::run: [C:\Users\darkm\.cargo\registry\src\index.crates.io-6f17d22bba15001f\eframe-0.22.0\src\native\run.rs:160] Got outdated UserEvent::RequestRepaint
15:26:16 [TRACE] (1) eframe::native::run: [C:\Users\darkm\.cargo\registry\src\index.crates.io-6f17d22bba15001f\eframe-0.22.0\src\native\run.rs:205] Repaint caused by winit::Event: WindowEvent { window_id: WindowId(WindowId(266618)), event: CursorMoved { device_id: DeviceId(DeviceId(0)), position: PhysicalPosition { x: 289.0, y: 146.0 }, modifiers: (empty) } }
15:26:16 [TRACE] (1) eframe::native::run: [C:\Users\darkm\.cargo\registry\src\index.crates.io-6f17d22bba15001f\eframe-0.22.0\src\native\run.rs:221] request_redraw
15:26:16 [TRACE] (1) eframe::native::run: [C:\Users\darkm\.cargo\registry\src\index.crates.io-6f17d22bba15001f\eframe-0.22.0\src\native\run.rs:205] Repaint caused by winit::Event: WindowEvent { window_id: WindowId(WindowId(266618)), event: CursorMoved { device_id: DeviceId(DeviceId(0)), position: PhysicalPosition { x: 288.0, y: 145.0 }, modifiers: (empty) } }
15:26:16 [TRACE] (1) eframe::native::run: [C:\Users\darkm\.cargo\registry\src\index.crates.io-6f17d22bba15001f\eframe-0.22.0\src\native\run.rs:221] request_redraw
15:26:16 [INFO] eframe update fn running...
15:26:16 [TRACE] (1) eframe::native::run::glow_integration: [C:\Users\darkm\.cargo\registry\src\index.crates.io-6f17d22bba15001f\eframe-0.22.0\src\native\run.rs:734] request_repaint_callback: RequestRepaintInfo { after: 0ns, current_frame_nr: 204 }
15:26:16 [TRACE] (1) eframe::native::run: [C:\Users\darkm\.cargo\registry\src\index.crates.io-6f17d22bba15001f\eframe-0.22.0\src\native\run.rs:205] Repaint caused by winit::Event: RedrawEventsCleared
15:26:16 [TRACE] (1) eframe::native::run: [C:\Users\darkm\.cargo\registry\src\index.crates.io-6f17d22bba15001f\eframe-0.22.0\src\native\run.rs:221] request_redraw
15:26:16 [TRACE] (1) eframe::native::run: [C:\Users\darkm\.cargo\registry\src\index.crates.io-6f17d22bba15001f\eframe-0.22.0\src\native\run.rs:160] Got outdated UserEvent::RequestRepaint
15:26:16 [TRACE] (1) eframe::native::run: [C:\Users\darkm\.cargo\registry\src\index.crates.io-6f17d22bba15001f\eframe-0.22.0\src\native\run.rs:205] Repaint caused by winit::Event: WindowEvent { window_id: WindowId(WindowId(266618)), event: CursorMoved { device_id: DeviceId(DeviceId(0)), position: PhysicalPosition { x: 274.0, y: 132.0 }, modifiers: (empty) } }
15:26:16 [TRACE] (1) eframe::native::run: [C:\Users\darkm\.cargo\registry\src\index.crates.io-6f17d22bba15001f\eframe-0.22.0\src\native\run.rs:221] request_redraw
15:26:16 [INFO] eframe update fn running...
15:26:16 [TRACE] (1) eframe::native::run::glow_integration: [C:\Users\darkm\.cargo\registry\src\index.crates.io-6f17d22bba15001f\eframe-0.22.0\src\native\run.rs:734] request_repaint_callback: RequestRepaintInfo { after: 0ns, current_frame_nr: 205 }
15:26:16 [TRACE] (1) eframe::native::run: [C:\Users\darkm\.cargo\registry\src\index.crates.io-6f17d22bba15001f\eframe-0.22.0\src\native\run.rs:205] Repaint caused by winit::Event: RedrawEventsCleared
15:26:16 [TRACE] (1) eframe::native::run: [C:\Users\darkm\.cargo\registry\src\index.crates.io-6f17d22bba15001f\eframe-0.22.0\src\native\run.rs:221] request_redraw
15:26:16 [TRACE] (1) eframe::native::run: [C:\Users\darkm\.cargo\registry\src\index.crates.io-6f17d22bba15001f\eframe-0.22.0\src\native\run.rs:160] Got outdated UserEvent::RequestRepaint
15:26:16 [TRACE] (1) eframe::native::run: [C:\Users\darkm\.cargo\registry\src\index.crates.io-6f17d22bba15001f\eframe-0.22.0\src\native\run.rs:205] Repaint caused by winit::Event: WindowEvent { window_id: WindowId(WindowId(266618)), event: CursorMoved { device_id: DeviceId(DeviceId(0)), position: PhysicalPosition { x: 255.0, y: 116.0 }, modifiers: (empty) } }
15:26:16 [TRACE] (1) eframe::native::run: [C:\Users\darkm\.cargo\registry\src\index.crates.io-6f17d22bba15001f\eframe-0.22.0\src\native\run.rs:221] request_redraw
15:26:16 [INFO] eframe update fn running...
15:26:16 [TRACE] (1) eframe::native::run::glow_integration: [C:\Users\darkm\.cargo\registry\src\index.crates.io-6f17d22bba15001f\eframe-0.22.0\src\native\run.rs:734] request_repaint_callback: RequestRepaintInfo { after: 0ns, current_frame_nr: 206 }
15:26:16 [TRACE] (1) eframe::native::run: [C:\Users\darkm\.cargo\registry\src\index.crates.io-6f17d22bba15001f\eframe-0.22.0\src\native\run.rs:205] Repaint caused by winit::Event: RedrawEventsCleared
15:26:16 [TRACE] (1) eframe::native::run: [C:\Users\darkm\.cargo\registry\src\index.crates.io-6f17d22bba15001f\eframe-0.22.0\src\native\run.rs:221] request_redraw
15:26:16 [TRACE] (1) eframe::native::run: [C:\Users\darkm\.cargo\registry\src\index.crates.io-6f17d22bba15001f\eframe-0.22.0\src\native\run.rs:160] Got outdated UserEvent::RequestRepaint
15:26:16 [TRACE] (1) eframe::native::run: [C:\Users\darkm\.cargo\registry\src\index.crates.io-6f17d22bba15001f\eframe-0.22.0\src\native\run.rs:205] Repaint caused by winit::Event: WindowEvent { window_id: WindowId(WindowId(266618)), event: CursorMoved { device_id: DeviceId(DeviceId(0)), position: PhysicalPosition { x: 236.0, y: 102.0 }, modifiers: (empty) } }
15:26:16 [TRACE] (1) eframe::native::run: [C:\Users\darkm\.cargo\registry\src\index.crates.io-6f17d22bba15001f\eframe-0.22.0\src\native\run.rs:221] request_redraw
15:26:16 [INFO] eframe update fn running...
15:26:16 [TRACE] (1) eframe::native::run::glow_integration: [C:\Users\darkm\.cargo\registry\src\index.crates.io-6f17d22bba15001f\eframe-0.22.0\src\native\run.rs:734] request_repaint_callback: RequestRepaintInfo { after: 0ns, current_frame_nr: 207 }
15:26:16 [TRACE] (1) eframe::native::run: [C:\Users\darkm\.cargo\registry\src\index.crates.io-6f17d22bba15001f\eframe-0.22.0\src\native\run.rs:205] Repaint caused by winit::Event: RedrawEventsCleared
15:26:16 [TRACE] (1) eframe::native::run: [C:\Users\darkm\.cargo\registry\src\index.crates.io-6f17d22bba15001f\eframe-0.22.0\src\native\run.rs:221] request_redraw
15:26:16 [TRACE] (1) eframe::native::run: [C:\Users\darkm\.cargo\registry\src\index.crates.io-6f17d22bba15001f\eframe-0.22.0\src\native\run.rs:160] Got outdated UserEvent::RequestRepaint
15:26:16 [TRACE] (1) eframe::native::run: [C:\Users\darkm\.cargo\registry\src\index.crates.io-6f17d22bba15001f\eframe-0.22.0\src\native\run.rs:205] Repaint caused by winit::Event: WindowEvent { window_id: WindowId(WindowId(266618)), event: CursorMoved { device_id: DeviceId(DeviceId(0)), position: PhysicalPosition { x: 226.0, y: 95.0 }, modifiers: (empty) } }
15:26:16 [TRACE] (1) eframe::native::run: [C:\Users\darkm\.cargo\registry\src\index.crates.io-6f17d22bba15001f\eframe-0.22.0\src\native\run.rs:221] request_redraw
15:26:16 [INFO] eframe update fn running...
15:26:16 [TRACE] (1) eframe::native::run::glow_integration: [C:\Users\darkm\.cargo\registry\src\index.crates.io-6f17d22bba15001f\eframe-0.22.0\src\native\run.rs:734] request_repaint_callback: RequestRepaintInfo { after: 0ns, current_frame_nr: 208 }
15:26:16 [TRACE] (1) eframe::native::run: [C:\Users\darkm\.cargo\registry\src\index.crates.io-6f17d22bba15001f\eframe-0.22.0\src\native\run.rs:205] Repaint caused by winit::Event: RedrawEventsCleared
15:26:16 [TRACE] (1) eframe::native::run: [C:\Users\darkm\.cargo\registry\src\index.crates.io-6f17d22bba15001f\eframe-0.22.0\src\native\run.rs:221] request_redraw
15:26:16 [TRACE] (1) eframe::native::run: [C:\Users\darkm\.cargo\registry\src\index.crates.io-6f17d22bba15001f\eframe-0.22.0\src\native\run.rs:160] Got outdated UserEvent::RequestRepaint
15:26:16 [TRACE] (1) eframe::native::run: [C:\Users\darkm\.cargo\registry\src\index.crates.io-6f17d22bba15001f\eframe-0.22.0\src\native\run.rs:205] Repaint caused by winit::Event: WindowEvent { window_id: WindowId(WindowId(266618)), event: CursorMoved { device_id: DeviceId(DeviceId(0)), position: PhysicalPosition { x: 225.0, y: 94.0 }, modifiers: (empty) } }
15:26:16 [TRACE] (1) eframe::native::run: [C:\Users\darkm\.cargo\registry\src\index.crates.io-6f17d22bba15001f\eframe-0.22.0\src\native\run.rs:221] request_redraw
15:26:16 [INFO] eframe update fn running...
15:26:16 [TRACE] (1) eframe::native::run::glow_integration: [C:\Users\darkm\.cargo\registry\src\index.crates.io-6f17d22bba15001f\eframe-0.22.0\src\native\run.rs:734] request_repaint_callback: RequestRepaintInfo { after: 0ns, current_frame_nr: 209 }
15:26:16 [TRACE] (1) eframe::native::run: [C:\Users\darkm\.cargo\registry\src\index.crates.io-6f17d22bba15001f\eframe-0.22.0\src\native\run.rs:205] Repaint caused by winit::Event: RedrawEventsCleared
15:26:16 [TRACE] (1) eframe::native::run: [C:\Users\darkm\.cargo\registry\src\index.crates.io-6f17d22bba15001f\eframe-0.22.0\src\native\run.rs:221] request_redraw
15:26:16 [TRACE] (1) eframe::native::run: [C:\Users\darkm\.cargo\registry\src\index.crates.io-6f17d22bba15001f\eframe-0.22.0\src\native\run.rs:160] Got outdated UserEvent::RequestRepaint
15:26:16 [INFO] eframe update fn running...
15:26:16 [TRACE] (1) eframe::native::run: [C:\Users\darkm\.cargo\registry\src\index.crates.io-6f17d22bba15001f\eframe-0.22.0\src\native\run.rs:205] Repaint caused by winit::Event: RedrawEventsCleared
15:26:16 [TRACE] (1) eframe::native::run: [C:\Users\darkm\.cargo\registry\src\index.crates.io-6f17d22bba15001f\eframe-0.22.0\src\native\run.rs:221] request_redraw
15:26:16 [INFO] eframe update fn running...
15:26:16 [TRACE] (1) eframe::native::run: [C:\Users\darkm\.cargo\registry\src\index.crates.io-6f17d22bba15001f\eframe-0.22.0\src\native\run.rs:205] Repaint caused by winit::Event: WindowEvent { window_id: WindowId(WindowId(266618)), event: CursorMoved { device_id: DeviceId(DeviceId(0)), position: PhysicalPosition { x: 218.0, y: 94.0 }, modifiers: (empty) } }
15:26:16 [TRACE] (1) eframe::native::run: [C:\Users\darkm\.cargo\registry\src\index.crates.io-6f17d22bba15001f\eframe-0.22.0\src\native\run.rs:221] request_redraw
15:26:16 [INFO] eframe update fn running...
15:26:16 [TRACE] (1) eframe::native::run::glow_integration: [C:\Users\darkm\.cargo\registry\src\index.crates.io-6f17d22bba15001f\eframe-0.22.0\src\native\run.rs:734] request_repaint_callback: RequestRepaintInfo { after: 0ns, current_frame_nr: 212 }
15:26:16 [TRACE] (1) eframe::native::run: [C:\Users\darkm\.cargo\registry\src\index.crates.io-6f17d22bba15001f\eframe-0.22.0\src\native\run.rs:205] Repaint caused by winit::Event: RedrawEventsCleared
15:26:16 [TRACE] (1) eframe::native::run: [C:\Users\darkm\.cargo\registry\src\index.crates.io-6f17d22bba15001f\eframe-0.22.0\src\native\run.rs:221] request_redraw
15:26:16 [TRACE] (1) eframe::native::run: [C:\Users\darkm\.cargo\registry\src\index.crates.io-6f17d22bba15001f\eframe-0.22.0\src\native\run.rs:160] Got outdated UserEvent::RequestRepaint
15:26:16 [TRACE] (1) eframe::native::run: [C:\Users\darkm\.cargo\registry\src\index.crates.io-6f17d22bba15001f\eframe-0.22.0\src\native\run.rs:205] Repaint caused by winit::Event: WindowEvent { window_id: WindowId(WindowId(266618)), event: CursorMoved { device_id: DeviceId(DeviceId(0)), position: PhysicalPosition { x: 198.0, y: 94.0 }, modifiers: (empty) } }
15:26:16 [TRACE] (1) eframe::native::run: [C:\Users\darkm\.cargo\registry\src\index.crates.io-6f17d22bba15001f\eframe-0.22.0\src\native\run.rs:221] request_redraw
15:26:16 [TRACE] (1) eframe::native::run: [C:\Users\darkm\.cargo\registry\src\index.crates.io-6f17d22bba15001f\eframe-0.22.0\src\native\run.rs:205] Repaint caused by winit::Event: WindowEvent { window_id: WindowId(WindowId(266618)), event: CursorMoved { device_id: DeviceId(DeviceId(0)), position: PhysicalPosition { x: 197.0, y: 94.0 }, modifiers: (empty) } }
15:26:16 [TRACE] (1) eframe::native::run: [C:\Users\darkm\.cargo\registry\src\index.crates.io-6f17d22bba15001f\eframe-0.22.0\src\native\run.rs:221] request_redraw
15:26:16 [INFO] eframe update fn running...
15:26:16 [TRACE] (1) eframe::native::run::glow_integration: [C:\Users\darkm\.cargo\registry\src\index.crates.io-6f17d22bba15001f\eframe-0.22.0\src\native\run.rs:734] request_repaint_callback: RequestRepaintInfo { after: 0ns, current_frame_nr: 213 }
15:26:16 [TRACE] (1) eframe::native::run: [C:\Users\darkm\.cargo\registry\src\index.crates.io-6f17d22bba15001f\eframe-0.22.0\src\native\run.rs:205] Repaint caused by winit::Event: RedrawEventsCleared
15:26:16 [TRACE] (1) eframe::native::run: [C:\Users\darkm\.cargo\registry\src\index.crates.io-6f17d22bba15001f\eframe-0.22.0\src\native\run.rs:221] request_redraw
15:26:16 [TRACE] (1) eframe::native::run: [C:\Users\darkm\.cargo\registry\src\index.crates.io-6f17d22bba15001f\eframe-0.22.0\src\native\run.rs:160] Got outdated UserEvent::RequestRepaint
15:26:16 [TRACE] (1) eframe::native::run: [C:\Users\darkm\.cargo\registry\src\index.crates.io-6f17d22bba15001f\eframe-0.22.0\src\native\run.rs:205] Repaint caused by winit::Event: WindowEvent { window_id: WindowId(WindowId(266618)), event: CursorMoved { device_id: DeviceId(DeviceId(0)), position: PhysicalPosition { x: 143.0, y: 94.0 }, modifiers: (empty) } }
15:26:16 [TRACE] (1) eframe::native::run: [C:\Users\darkm\.cargo\registry\src\index.crates.io-6f17d22bba15001f\eframe-0.22.0\src\native\run.rs:221] request_redraw
15:26:16 [TRACE] (1) eframe::native::run: [C:\Users\darkm\.cargo\registry\src\index.crates.io-6f17d22bba15001f\eframe-0.22.0\src\native\run.rs:205] Repaint caused by winit::Event: WindowEvent { window_id: WindowId(WindowId(266618)), event: CursorMoved { device_id: DeviceId(DeviceId(0)), position: PhysicalPosition { x: 142.0, y: 94.0 }, modifiers: (empty) } }
15:26:16 [TRACE] (1) eframe::native::run: [C:\Users\darkm\.cargo\registry\src\index.crates.io-6f17d22bba15001f\eframe-0.22.0\src\native\run.rs:221] request_redraw
15:26:16 [INFO] eframe update fn running...
15:26:16 [TRACE] (1) eframe::native::run::glow_integration: [C:\Users\darkm\.cargo\registry\src\index.crates.io-6f17d22bba15001f\eframe-0.22.0\src\native\run.rs:734] request_repaint_callback: RequestRepaintInfo { after: 0ns, current_frame_nr: 214 }
15:26:16 [TRACE] (1) eframe::native::run: [C:\Users\darkm\.cargo\registry\src\index.crates.io-6f17d22bba15001f\eframe-0.22.0\src\native\run.rs:205] Repaint caused by winit::Event: RedrawEventsCleared
15:26:16 [TRACE] (1) eframe::native::run: [C:\Users\darkm\.cargo\registry\src\index.crates.io-6f17d22bba15001f\eframe-0.22.0\src\native\run.rs:221] request_redraw
15:26:16 [TRACE] (1) eframe::native::run: [C:\Users\darkm\.cargo\registry\src\index.crates.io-6f17d22bba15001f\eframe-0.22.0\src\native\run.rs:160] Got outdated UserEvent::RequestRepaint
15:26:16 [TRACE] (1) eframe::native::run: [C:\Users\darkm\.cargo\registry\src\index.crates.io-6f17d22bba15001f\eframe-0.22.0\src\native\run.rs:205] Repaint caused by winit::Event: WindowEvent { window_id: WindowId(WindowId(266618)), event: CursorMoved { device_id: DeviceId(DeviceId(0)), position: PhysicalPosition { x: 96.0, y: 93.0 }, modifiers: (empty) } }
15:26:16 [TRACE] (1) eframe::native::run: [C:\Users\darkm\.cargo\registry\src\index.crates.io-6f17d22bba15001f\eframe-0.22.0\src\native\run.rs:221] request_redraw
15:26:16 [TRACE] (1) eframe::native::run: [C:\Users\darkm\.cargo\registry\src\index.crates.io-6f17d22bba15001f\eframe-0.22.0\src\native\run.rs:205] Repaint caused by winit::Event: WindowEvent { window_id: WindowId(WindowId(266618)), event: CursorMoved { device_id: DeviceId(DeviceId(0)), position: PhysicalPosition { x: 95.0, y: 93.0 }, modifiers: (empty) } }
15:26:16 [TRACE] (1) eframe::native::run: [C:\Users\darkm\.cargo\registry\src\index.crates.io-6f17d22bba15001f\eframe-0.22.0\src\native\run.rs:221] request_redraw
15:26:16 [INFO] eframe update fn running...
15:26:16 [TRACE] (1) eframe::native::run::glow_integration: [C:\Users\darkm\.cargo\registry\src\index.crates.io-6f17d22bba15001f\eframe-0.22.0\src\native\run.rs:734] request_repaint_callback: RequestRepaintInfo { after: 0ns, current_frame_nr: 215 }
15:26:16 [TRACE] (1) eframe::native::run: [C:\Users\darkm\.cargo\registry\src\index.crates.io-6f17d22bba15001f\eframe-0.22.0\src\native\run.rs:205] Repaint caused by winit::Event: RedrawEventsCleared
15:26:16 [TRACE] (1) eframe::native::run: [C:\Users\darkm\.cargo\registry\src\index.crates.io-6f17d22bba15001f\eframe-0.22.0\src\native\run.rs:221] request_redraw
15:26:16 [TRACE] (1) eframe::native::run: [C:\Users\darkm\.cargo\registry\src\index.crates.io-6f17d22bba15001f\eframe-0.22.0\src\native\run.rs:160] Got outdated UserEvent::RequestRepaint
15:26:16 [TRACE] (1) eframe::native::run: [C:\Users\darkm\.cargo\registry\src\index.crates.io-6f17d22bba15001f\eframe-0.22.0\src\native\run.rs:205] Repaint caused by winit::Event: WindowEvent { window_id: WindowId(WindowId(266618)), event: CursorMoved { device_id: DeviceId(DeviceId(0)), position: PhysicalPosition { x: 67.0, y: 93.0 }, modifiers: (empty) } }
15:26:16 [TRACE] (1) eframe::native::run: [C:\Users\darkm\.cargo\registry\src\index.crates.io-6f17d22bba15001f\eframe-0.22.0\src\native\run.rs:221] request_redraw
15:26:16 [INFO] eframe update fn running...
15:26:16 [TRACE] (1) eframe::native::run::glow_integration: [C:\Users\darkm\.cargo\registry\src\index.crates.io-6f17d22bba15001f\eframe-0.22.0\src\native\run.rs:734] request_repaint_callback: RequestRepaintInfo { after: 0ns, current_frame_nr: 216 }
15:26:16 [TRACE] (1) eframe::native::run: [C:\Users\darkm\.cargo\registry\src\index.crates.io-6f17d22bba15001f\eframe-0.22.0\src\native\run.rs:205] Repaint caused by winit::Event: RedrawEventsCleared
15:26:16 [TRACE] (1) eframe::native::run: [C:\Users\darkm\.cargo\registry\src\index.crates.io-6f17d22bba15001f\eframe-0.22.0\src\native\run.rs:221] request_redraw
15:26:16 [TRACE] (1) eframe::native::run: [C:\Users\darkm\.cargo\registry\src\index.crates.io-6f17d22bba15001f\eframe-0.22.0\src\native\run.rs:160] Got outdated UserEvent::RequestRepaint
15:26:16 [TRACE] (1) eframe::native::run: [C:\Users\darkm\.cargo\registry\src\index.crates.io-6f17d22bba15001f\eframe-0.22.0\src\native\run.rs:205] Repaint caused by winit::Event: WindowEvent { window_id: WindowId(WindowId(266618)), event: CursorMoved { device_id: DeviceId(DeviceId(0)), position: PhysicalPosition { x: 55.0, y: 93.0 }, modifiers: (empty) } }
15:26:16 [TRACE] (1) eframe::native::run: [C:\Users\darkm\.cargo\registry\src\index.crates.io-6f17d22bba15001f\eframe-0.22.0\src\native\run.rs:221] request_redraw
15:26:16 [TRACE] (1) eframe::native::run: [C:\Users\darkm\.cargo\registry\src\index.crates.io-6f17d22bba15001f\eframe-0.22.0\src\native\run.rs:205] Repaint caused by winit::Event: WindowEvent { window_id: WindowId(WindowId(266618)), event: CursorMoved { device_id: DeviceId(DeviceId(0)), position: PhysicalPosition { x: 54.0, y: 93.0 }, modifiers: (empty) } }
15:26:16 [TRACE] (1) eframe::native::run: [C:\Users\darkm\.cargo\registry\src\index.crates.io-6f17d22bba15001f\eframe-0.22.0\src\native\run.rs:221] request_redraw
15:26:16 [INFO] eframe update fn running...
15:26:16 [TRACE] (1) eframe::native::run::glow_integration: [C:\Users\darkm\.cargo\registry\src\index.crates.io-6f17d22bba15001f\eframe-0.22.0\src\native\run.rs:734] request_repaint_callback: RequestRepaintInfo { after: 0ns, current_frame_nr: 217 }
15:26:16 [TRACE] (1) eframe::native::run: [C:\Users\darkm\.cargo\registry\src\index.crates.io-6f17d22bba15001f\eframe-0.22.0\src\native\run.rs:205] Repaint caused by winit::Event: RedrawEventsCleared
15:26:16 [TRACE] (1) eframe::native::run: [C:\Users\darkm\.cargo\registry\src\index.crates.io-6f17d22bba15001f\eframe-0.22.0\src\native\run.rs:221] request_redraw
15:26:16 [TRACE] (1) eframe::native::run: [C:\Users\darkm\.cargo\registry\src\index.crates.io-6f17d22bba15001f\eframe-0.22.0\src\native\run.rs:160] Got outdated UserEvent::RequestRepaint
15:26:16 [TRACE] (1) eframe::native::run: [C:\Users\darkm\.cargo\registry\src\index.crates.io-6f17d22bba15001f\eframe-0.22.0\src\native\run.rs:205] Repaint caused by winit::Event: WindowEvent { window_id: WindowId(WindowId(266618)), event: CursorMoved { device_id: DeviceId(DeviceId(0)), position: PhysicalPosition { x: 45.0, y: 92.0 }, modifiers: (empty) } }
15:26:16 [TRACE] (1) eframe::native::run: [C:\Users\darkm\.cargo\registry\src\index.crates.io-6f17d22bba15001f\eframe-0.22.0\src\native\run.rs:221] request_redraw
15:26:16 [INFO] eframe update fn running...
15:26:16 [TRACE] (1) eframe::native::run::glow_integration: [C:\Users\darkm\.cargo\registry\src\index.crates.io-6f17d22bba15001f\eframe-0.22.0\src\native\run.rs:734] request_repaint_callback: RequestRepaintInfo { after: 0ns, current_frame_nr: 218 }
15:26:16 [TRACE] (1) eframe::native::run: [C:\Users\darkm\.cargo\registry\src\index.crates.io-6f17d22bba15001f\eframe-0.22.0\src\native\run.rs:205] Repaint caused by winit::Event: RedrawEventsCleared
15:26:16 [TRACE] (1) eframe::native::run: [C:\Users\darkm\.cargo\registry\src\index.crates.io-6f17d22bba15001f\eframe-0.22.0\src\native\run.rs:221] request_redraw
15:26:16 [TRACE] (1) eframe::native::run: [C:\Users\darkm\.cargo\registry\src\index.crates.io-6f17d22bba15001f\eframe-0.22.0\src\native\run.rs:160] Got outdated UserEvent::RequestRepaint
15:26:16 [TRACE] (1) eframe::native::run: [C:\Users\darkm\.cargo\registry\src\index.crates.io-6f17d22bba15001f\eframe-0.22.0\src\native\run.rs:205] Repaint caused by winit::Event: WindowEvent { window_id: WindowId(WindowId(266618)), event: CursorMoved { device_id: DeviceId(DeviceId(0)), position: PhysicalPosition { x: 35.0, y: 92.0 }, modifiers: (empty) } }
15:26:16 [TRACE] (1) eframe::native::run: [C:\Users\darkm\.cargo\registry\src\index.crates.io-6f17d22bba15001f\eframe-0.22.0\src\native\run.rs:221] request_redraw
15:26:16 [INFO] eframe update fn running...
15:26:16 [TRACE] (1) eframe::native::run::glow_integration: [C:\Users\darkm\.cargo\registry\src\index.crates.io-6f17d22bba15001f\eframe-0.22.0\src\native\run.rs:734] request_repaint_callback: RequestRepaintInfo { after: 0ns, current_frame_nr: 219 }
15:26:16 [TRACE] (1) eframe::native::run: [C:\Users\darkm\.cargo\registry\src\index.crates.io-6f17d22bba15001f\eframe-0.22.0\src\native\run.rs:205] Repaint caused by winit::Event: RedrawEventsCleared
15:26:16 [TRACE] (1) eframe::native::run: [C:\Users\darkm\.cargo\registry\src\index.crates.io-6f17d22bba15001f\eframe-0.22.0\src\native\run.rs:221] request_redraw
15:26:16 [TRACE] (1) eframe::native::run: [C:\Users\darkm\.cargo\registry\src\index.crates.io-6f17d22bba15001f\eframe-0.22.0\src\native\run.rs:160] Got outdated UserEvent::RequestRepaint
15:26:16 [TRACE] (1) eframe::native::run: [C:\Users\darkm\.cargo\registry\src\index.crates.io-6f17d22bba15001f\eframe-0.22.0\src\native\run.rs:205] Repaint caused by winit::Event: WindowEvent { window_id: WindowId(WindowId(266618)), event: CursorMoved { device_id: DeviceId(DeviceId(0)), position: PhysicalPosition { x: 23.0, y: 90.0 }, modifiers: (empty) } }
15:26:16 [TRACE] (1) eframe::native::run: [C:\Users\darkm\.cargo\registry\src\index.crates.io-6f17d22bba15001f\eframe-0.22.0\src\native\run.rs:221] request_redraw
15:26:16 [INFO] eframe update fn running...
15:26:16 [TRACE] (1) eframe::native::run::glow_integration: [C:\Users\darkm\.cargo\registry\src\index.crates.io-6f17d22bba15001f\eframe-0.22.0\src\native\run.rs:734] request_repaint_callback: RequestRepaintInfo { after: 0ns, current_frame_nr: 220 }
15:26:16 [TRACE] (1) eframe::native::run: [C:\Users\darkm\.cargo\registry\src\index.crates.io-6f17d22bba15001f\eframe-0.22.0\src\native\run.rs:205] Repaint caused by winit::Event: RedrawEventsCleared
15:26:16 [TRACE] (1) eframe::native::run: [C:\Users\darkm\.cargo\registry\src\index.crates.io-6f17d22bba15001f\eframe-0.22.0\src\native\run.rs:221] request_redraw
15:26:16 [TRACE] (1) eframe::native::run: [C:\Users\darkm\.cargo\registry\src\index.crates.io-6f17d22bba15001f\eframe-0.22.0\src\native\run.rs:160] Got outdated UserEvent::RequestRepaint
15:26:16 [TRACE] (1) eframe::native::run: [C:\Users\darkm\.cargo\registry\src\index.crates.io-6f17d22bba15001f\eframe-0.22.0\src\native\run.rs:205] Repaint caused by winit::Event: WindowEvent { window_id: WindowId(WindowId(266618)), event: CursorMoved { device_id: DeviceId(DeviceId(0)), position: PhysicalPosition { x: 20.0, y: 89.0 }, modifiers: (empty) } }
15:26:16 [TRACE] (1) eframe::native::run: [C:\Users\darkm\.cargo\registry\src\index.crates.io-6f17d22bba15001f\eframe-0.22.0\src\native\run.rs:221] request_redraw
15:26:16 [INFO] eframe update fn running...
15:26:16 [TRACE] (1) eframe::native::run::glow_integration: [C:\Users\darkm\.cargo\registry\src\index.crates.io-6f17d22bba15001f\eframe-0.22.0\src\native\run.rs:734] request_repaint_callback: RequestRepaintInfo { after: 0ns, current_frame_nr: 221 }
15:26:16 [TRACE] (1) eframe::native::run: [C:\Users\darkm\.cargo\registry\src\index.crates.io-6f17d22bba15001f\eframe-0.22.0\src\native\run.rs:205] Repaint caused by winit::Event: RedrawEventsCleared
15:26:16 [TRACE] (1) eframe::native::run: [C:\Users\darkm\.cargo\registry\src\index.crates.io-6f17d22bba15001f\eframe-0.22.0\src\native\run.rs:221] request_redraw
15:26:16 [TRACE] (1) eframe::native::run: [C:\Users\darkm\.cargo\registry\src\index.crates.io-6f17d22bba15001f\eframe-0.22.0\src\native\run.rs:160] Got outdated UserEvent::RequestRepaint
15:26:16 [INFO] eframe update fn running...
15:26:16 [TRACE] (1) eframe::native::run: [C:\Users\darkm\.cargo\registry\src\index.crates.io-6f17d22bba15001f\eframe-0.22.0\src\native\run.rs:205] Repaint caused by winit::Event: RedrawEventsCleared
15:26:16 [TRACE] (1) eframe::native::run: [C:\Users\darkm\.cargo\registry\src\index.crates.io-6f17d22bba15001f\eframe-0.22.0\src\native\run.rs:221] request_redraw
15:26:16 [INFO] eframe update fn running...
15:26:16 [TRACE] (1) eframe::native::run: [C:\Users\darkm\.cargo\registry\src\index.crates.io-6f17d22bba15001f\eframe-0.22.0\src\native\run.rs:205] Repaint caused by winit::Event: WindowEvent { window_id: WindowId(WindowId(266618)), event: CursorMoved { device_id: DeviceId(DeviceId(0)), position: PhysicalPosition { x: 19.0, y: 89.0 }, modifiers: (empty) } }
15:26:16 [TRACE] (1) eframe::native::run: [C:\Users\darkm\.cargo\registry\src\index.crates.io-6f17d22bba15001f\eframe-0.22.0\src\native\run.rs:221] request_redraw
15:26:16 [INFO] eframe update fn running...
15:26:16 [TRACE] (1) eframe::native::run::glow_integration: [C:\Users\darkm\.cargo\registry\src\index.crates.io-6f17d22bba15001f\eframe-0.22.0\src\native\run.rs:734] request_repaint_callback: RequestRepaintInfo { after: 0ns, current_frame_nr: 224 }
15:26:16 [TRACE] (1) eframe::native::run: [C:\Users\darkm\.cargo\registry\src\index.crates.io-6f17d22bba15001f\eframe-0.22.0\src\native\run.rs:205] Repaint caused by winit::Event: RedrawEventsCleared
15:26:16 [TRACE] (1) eframe::native::run: [C:\Users\darkm\.cargo\registry\src\index.crates.io-6f17d22bba15001f\eframe-0.22.0\src\native\run.rs:221] request_redraw
15:26:16 [TRACE] (1) eframe::native::run: [C:\Users\darkm\.cargo\registry\src\index.crates.io-6f17d22bba15001f\eframe-0.22.0\src\native\run.rs:160] Got outdated UserEvent::RequestRepaint
15:26:16 [TRACE] (1) eframe::native::run: [C:\Users\darkm\.cargo\registry\src\index.crates.io-6f17d22bba15001f\eframe-0.22.0\src\native\run.rs:205] Repaint caused by winit::Event: WindowEvent { window_id: WindowId(WindowId(266618)), event: CursorMoved { device_id: DeviceId(DeviceId(0)), position: PhysicalPosition { x: 13.0, y: 89.0 }, modifiers: (empty) } }
15:26:16 [TRACE] (1) eframe::native::run: [C:\Users\darkm\.cargo\registry\src\index.crates.io-6f17d22bba15001f\eframe-0.22.0\src\native\run.rs:221] request_redraw
15:26:16 [INFO] eframe update fn running...
15:26:16 [TRACE] (1) eframe::native::run::glow_integration: [C:\Users\darkm\.cargo\registry\src\index.crates.io-6f17d22bba15001f\eframe-0.22.0\src\native\run.rs:734] request_repaint_callback: RequestRepaintInfo { after: 0ns, current_frame_nr: 225 }
15:26:16 [TRACE] (1) eframe::native::run: [C:\Users\darkm\.cargo\registry\src\index.crates.io-6f17d22bba15001f\eframe-0.22.0\src\native\run.rs:205] Repaint caused by winit::Event: RedrawEventsCleared
15:26:16 [TRACE] (1) eframe::native::run: [C:\Users\darkm\.cargo\registry\src\index.crates.io-6f17d22bba15001f\eframe-0.22.0\src\native\run.rs:221] request_redraw
15:26:16 [TRACE] (1) eframe::native::run: [C:\Users\darkm\.cargo\registry\src\index.crates.io-6f17d22bba15001f\eframe-0.22.0\src\native\run.rs:160] Got outdated UserEvent::RequestRepaint
15:26:16 [TRACE] (1) eframe::native::run: [C:\Users\darkm\.cargo\registry\src\index.crates.io-6f17d22bba15001f\eframe-0.22.0\src\native\run.rs:205] Repaint caused by winit::Event: WindowEvent { window_id: WindowId(WindowId(266618)), event: CursorMoved { device_id: DeviceId(DeviceId(0)), position: PhysicalPosition { x: 9.0, y: 89.0 }, modifiers: (empty) } }
15:26:16 [TRACE] (1) eframe::native::run: [C:\Users\darkm\.cargo\registry\src\index.crates.io-6f17d22bba15001f\eframe-0.22.0\src\native\run.rs:221] request_redraw
15:26:16 [INFO] eframe update fn running...
15:26:16 [TRACE] (1) eframe::native::run::glow_integration: [C:\Users\darkm\.cargo\registry\src\index.crates.io-6f17d22bba15001f\eframe-0.22.0\src\native\run.rs:734] request_repaint_callback: RequestRepaintInfo { after: 0ns, current_frame_nr: 226 }
15:26:16 [TRACE] (1) eframe::native::run: [C:\Users\darkm\.cargo\registry\src\index.crates.io-6f17d22bba15001f\eframe-0.22.0\src\native\run.rs:205] Repaint caused by winit::Event: RedrawEventsCleared
15:26:16 [TRACE] (1) eframe::native::run: [C:\Users\darkm\.cargo\registry\src\index.crates.io-6f17d22bba15001f\eframe-0.22.0\src\native\run.rs:221] request_redraw
15:26:16 [TRACE] (1) eframe::native::run: [C:\Users\darkm\.cargo\registry\src\index.crates.io-6f17d22bba15001f\eframe-0.22.0\src\native\run.rs:160] Got outdated UserEvent::RequestRepaint
15:26:16 [TRACE] (1) eframe::native::run: [C:\Users\darkm\.cargo\registry\src\index.crates.io-6f17d22bba15001f\eframe-0.22.0\src\native\run.rs:205] Repaint caused by winit::Event: WindowEvent { window_id: WindowId(WindowId(266618)), event: CursorMoved { device_id: DeviceId(DeviceId(0)), position: PhysicalPosition { x: 8.0, y: 88.0 }, modifiers: (empty) } }
15:26:16 [TRACE] (1) eframe::native::run: [C:\Users\darkm\.cargo\registry\src\index.crates.io-6f17d22bba15001f\eframe-0.22.0\src\native\run.rs:221] request_redraw
15:26:16 [INFO] eframe update fn running...
15:26:16 [TRACE] (1) eframe::native::run::glow_integration: [C:\Users\darkm\.cargo\registry\src\index.crates.io-6f17d22bba15001f\eframe-0.22.0\src\native\run.rs:734] request_repaint_callback: RequestRepaintInfo { after: 0ns, current_frame_nr: 227 }
15:26:16 [TRACE] (1) eframe::native::run: [C:\Users\darkm\.cargo\registry\src\index.crates.io-6f17d22bba15001f\eframe-0.22.0\src\native\run.rs:205] Repaint caused by winit::Event: RedrawEventsCleared
15:26:16 [TRACE] (1) eframe::native::run: [C:\Users\darkm\.cargo\registry\src\index.crates.io-6f17d22bba15001f\eframe-0.22.0\src\native\run.rs:221] request_redraw
15:26:16 [TRACE] (1) eframe::native::run: [C:\Users\darkm\.cargo\registry\src\index.crates.io-6f17d22bba15001f\eframe-0.22.0\src\native\run.rs:160] Got outdated UserEvent::RequestRepaint
15:26:16 [INFO] eframe update fn running...
15:26:16 [TRACE] (1) eframe::native::run: [C:\Users\darkm\.cargo\registry\src\index.crates.io-6f17d22bba15001f\eframe-0.22.0\src\native\run.rs:205] Repaint caused by winit::Event: RedrawEventsCleared
15:26:16 [TRACE] (1) eframe::native::run: [C:\Users\darkm\.cargo\registry\src\index.crates.io-6f17d22bba15001f\eframe-0.22.0\src\native\run.rs:221] request_redraw
15:26:16 [INFO] eframe update fn running...
15:26:17 [TRACE] (1) eframe::native::run: [C:\Users\darkm\.cargo\registry\src\index.crates.io-6f17d22bba15001f\eframe-0.22.0\src\native\run.rs:205] Repaint caused by winit::Event: WindowEvent { window_id: WindowId(WindowId(266618)), event: CursorMoved { device_id: DeviceId(DeviceId(0)), position: PhysicalPosition { x: 7.0, y: 88.0 }, modifiers: (empty) } }
15:26:17 [TRACE] (1) eframe::native::run: [C:\Users\darkm\.cargo\registry\src\index.crates.io-6f17d22bba15001f\eframe-0.22.0\src\native\run.rs:221] request_redraw
15:26:17 [INFO] eframe update fn running...
15:26:17 [TRACE] (1) eframe::native::run::glow_integration: [C:\Users\darkm\.cargo\registry\src\index.crates.io-6f17d22bba15001f\eframe-0.22.0\src\native\run.rs:734] request_repaint_callback: RequestRepaintInfo { after: 0ns, current_frame_nr: 230 }
15:26:17 [TRACE] (1) eframe::native::run: [C:\Users\darkm\.cargo\registry\src\index.crates.io-6f17d22bba15001f\eframe-0.22.0\src\native\run.rs:205] Repaint caused by winit::Event: RedrawEventsCleared
15:26:17 [TRACE] (1) eframe::native::run: [C:\Users\darkm\.cargo\registry\src\index.crates.io-6f17d22bba15001f\eframe-0.22.0\src\native\run.rs:221] request_redraw
15:26:17 [TRACE] (1) eframe::native::run: [C:\Users\darkm\.cargo\registry\src\index.crates.io-6f17d22bba15001f\eframe-0.22.0\src\native\run.rs:160] Got outdated UserEvent::RequestRepaint
15:26:17 [TRACE] (1) eframe::native::run: [C:\Users\darkm\.cargo\registry\src\index.crates.io-6f17d22bba15001f\eframe-0.22.0\src\native\run.rs:205] Repaint caused by winit::Event: WindowEvent { window_id: WindowId(WindowId(266618)), event: CursorMoved { device_id: DeviceId(DeviceId(0)), position: PhysicalPosition { x: 4.0, y: 88.0 }, modifiers: (empty) } }
15:26:17 [TRACE] (1) eframe::native::run: [C:\Users\darkm\.cargo\registry\src\index.crates.io-6f17d22bba15001f\eframe-0.22.0\src\native\run.rs:221] request_redraw
15:26:17 [INFO] eframe update fn running...
15:26:17 [TRACE] (1) eframe::native::run::glow_integration: [C:\Users\darkm\.cargo\registry\src\index.crates.io-6f17d22bba15001f\eframe-0.22.0\src\native\run.rs:734] request_repaint_callback: RequestRepaintInfo { after: 0ns, current_frame_nr: 231 }
15:26:17 [TRACE] (1) eframe::native::run: [C:\Users\darkm\.cargo\registry\src\index.crates.io-6f17d22bba15001f\eframe-0.22.0\src\native\run.rs:205] Repaint caused by winit::Event: RedrawEventsCleared
15:26:17 [TRACE] (1) eframe::native::run: [C:\Users\darkm\.cargo\registry\src\index.crates.io-6f17d22bba15001f\eframe-0.22.0\src\native\run.rs:221] request_redraw
15:26:17 [TRACE] (1) eframe::native::run: [C:\Users\darkm\.cargo\registry\src\index.crates.io-6f17d22bba15001f\eframe-0.22.0\src\native\run.rs:160] Got outdated UserEvent::RequestRepaint
15:26:17 [INFO] eframe update fn running...
15:26:17 [TRACE] (1) eframe::native::run: [C:\Users\darkm\.cargo\registry\src\index.crates.io-6f17d22bba15001f\eframe-0.22.0\src\native\run.rs:205] Repaint caused by winit::Event: RedrawEventsCleared
15:26:17 [TRACE] (1) eframe::native::run: [C:\Users\darkm\.cargo\registry\src\index.crates.io-6f17d22bba15001f\eframe-0.22.0\src\native\run.rs:221] request_redraw
15:26:17 [INFO] eframe update fn running...
15:26:17 [TRACE] (1) eframe::native::run: [C:\Users\darkm\.cargo\registry\src\index.crates.io-6f17d22bba15001f\eframe-0.22.0\src\native\run.rs:205] Repaint caused by winit::Event: WindowEvent { window_id: WindowId(WindowId(266618)), event: CursorMoved { device_id: DeviceId(DeviceId(0)), position: PhysicalPosition { x: 3.0, y: 88.0 }, modifiers: (empty) } }
15:26:17 [TRACE] (1) eframe::native::run: [C:\Users\darkm\.cargo\registry\src\index.crates.io-6f17d22bba15001f\eframe-0.22.0\src\native\run.rs:221] request_redraw
15:26:17 [INFO] eframe update fn running...
15:26:17 [TRACE] (1) eframe::native::run::glow_integration: [C:\Users\darkm\.cargo\registry\src\index.crates.io-6f17d22bba15001f\eframe-0.22.0\src\native\run.rs:734] request_repaint_callback: RequestRepaintInfo { after: 0ns, current_frame_nr: 234 }
15:26:17 [TRACE] (1) eframe::native::run: [C:\Users\darkm\.cargo\registry\src\index.crates.io-6f17d22bba15001f\eframe-0.22.0\src\native\run.rs:205] Repaint caused by winit::Event: RedrawEventsCleared
15:26:17 [TRACE] (1) eframe::native::run: [C:\Users\darkm\.cargo\registry\src\index.crates.io-6f17d22bba15001f\eframe-0.22.0\src\native\run.rs:221] request_redraw
15:26:17 [TRACE] (1) eframe::native::run: [C:\Users\darkm\.cargo\registry\src\index.crates.io-6f17d22bba15001f\eframe-0.22.0\src\native\run.rs:160] Got outdated UserEvent::RequestRepaint
15:26:17 [INFO] eframe update fn running...
15:26:17 [TRACE] (1) eframe::native::run: [C:\Users\darkm\.cargo\registry\src\index.crates.io-6f17d22bba15001f\eframe-0.22.0\src\native\run.rs:205] Repaint caused by winit::Event: RedrawEventsCleared
15:26:17 [TRACE] (1) eframe::native::run: [C:\Users\darkm\.cargo\registry\src\index.crates.io-6f17d22bba15001f\eframe-0.22.0\src\native\run.rs:221] request_redraw
15:26:17 [INFO] eframe update fn running...
15:26:17 [TRACE] (1) eframe::native::run: [C:\Users\darkm\.cargo\registry\src\index.crates.io-6f17d22bba15001f\eframe-0.22.0\src\native\run.rs:205] Repaint caused by winit::Event: WindowEvent { window_id: WindowId(WindowId(266618)), event: CursorMoved { device_id: DeviceId(DeviceId(0)), position: PhysicalPosition { x: 2.0, y: 88.0 }, modifiers: (empty) } }
15:26:17 [TRACE] (1) eframe::native::run: [C:\Users\darkm\.cargo\registry\src\index.crates.io-6f17d22bba15001f\eframe-0.22.0\src\native\run.rs:221] request_redraw
15:26:17 [INFO] eframe update fn running...
15:26:17 [TRACE] (1) eframe::native::run::glow_integration: [C:\Users\darkm\.cargo\registry\src\index.crates.io-6f17d22bba15001f\eframe-0.22.0\src\native\run.rs:734] request_repaint_callback: RequestRepaintInfo { after: 0ns, current_frame_nr: 237 }
15:26:17 [TRACE] (1) eframe::native::run: [C:\Users\darkm\.cargo\registry\src\index.crates.io-6f17d22bba15001f\eframe-0.22.0\src\native\run.rs:205] Repaint caused by winit::Event: RedrawEventsCleared
15:26:17 [TRACE] (1) eframe::native::run: [C:\Users\darkm\.cargo\registry\src\index.crates.io-6f17d22bba15001f\eframe-0.22.0\src\native\run.rs:221] request_redraw
15:26:17 [TRACE] (1) eframe::native::run: [C:\Users\darkm\.cargo\registry\src\index.crates.io-6f17d22bba15001f\eframe-0.22.0\src\native\run.rs:160] Got outdated UserEvent::RequestRepaint
15:26:17 [INFO] eframe update fn running...
15:26:17 [TRACE] (1) eframe::native::run: [C:\Users\darkm\.cargo\registry\src\index.crates.io-6f17d22bba15001f\eframe-0.22.0\src\native\run.rs:205] Repaint caused by winit::Event: RedrawEventsCleared
15:26:17 [TRACE] (1) eframe::native::run: [C:\Users\darkm\.cargo\registry\src\index.crates.io-6f17d22bba15001f\eframe-0.22.0\src\native\run.rs:221] request_redraw
15:26:17 [INFO] eframe update fn running...
15:26:17 [TRACE] (1) eframe::native::run: [C:\Users\darkm\.cargo\registry\src\index.crates.io-6f17d22bba15001f\eframe-0.22.0\src\native\run.rs:205] Repaint caused by winit::Event: WindowEvent { window_id: WindowId(WindowId(266618)), event: CursorMoved { device_id: DeviceId(DeviceId(0)), position: PhysicalPosition { x: 1.0, y: 88.0 }, modifiers: (empty) } }
15:26:17 [TRACE] (1) eframe::native::run: [C:\Users\darkm\.cargo\registry\src\index.crates.io-6f17d22bba15001f\eframe-0.22.0\src\native\run.rs:221] request_redraw
15:26:17 [INFO] eframe update fn running...
15:26:17 [TRACE] (1) eframe::native::run::glow_integration: [C:\Users\darkm\.cargo\registry\src\index.crates.io-6f17d22bba15001f\eframe-0.22.0\src\native\run.rs:734] request_repaint_callback: RequestRepaintInfo { after: 0ns, current_frame_nr: 240 }
15:26:17 [TRACE] (1) eframe::native::run: [C:\Users\darkm\.cargo\registry\src\index.crates.io-6f17d22bba15001f\eframe-0.22.0\src\native\run.rs:205] Repaint caused by winit::Event: RedrawEventsCleared
15:26:17 [TRACE] (1) eframe::native::run: [C:\Users\darkm\.cargo\registry\src\index.crates.io-6f17d22bba15001f\eframe-0.22.0\src\native\run.rs:221] request_redraw
15:26:17 [TRACE] (1) eframe::native::run: [C:\Users\darkm\.cargo\registry\src\index.crates.io-6f17d22bba15001f\eframe-0.22.0\src\native\run.rs:160] Got outdated UserEvent::RequestRepaint
15:26:17 [TRACE] (1) eframe::native::run: [C:\Users\darkm\.cargo\registry\src\index.crates.io-6f17d22bba15001f\eframe-0.22.0\src\native\run.rs:205] Repaint caused by winit::Event: WindowEvent { window_id: WindowId(WindowId(266618)), event: CursorMoved { device_id: DeviceId(DeviceId(0)), position: PhysicalPosition { x: 0.0, y: 88.0 }, modifiers: (empty) } }
15:26:17 [TRACE] (1) eframe::native::run: [C:\Users\darkm\.cargo\registry\src\index.crates.io-6f17d22bba15001f\eframe-0.22.0\src\native\run.rs:221] request_redraw
15:26:17 [INFO] eframe update fn running...
15:26:17 [TRACE] (1) eframe::native::run::glow_integration: [C:\Users\darkm\.cargo\registry\src\index.crates.io-6f17d22bba15001f\eframe-0.22.0\src\native\run.rs:734] request_repaint_callback: RequestRepaintInfo { after: 0ns, current_frame_nr: 241 }
15:26:17 [TRACE] (1) eframe::native::run: [C:\Users\darkm\.cargo\registry\src\index.crates.io-6f17d22bba15001f\eframe-0.22.0\src\native\run.rs:205] Repaint caused by winit::Event: RedrawEventsCleared
15:26:17 [TRACE] (1) eframe::native::run: [C:\Users\darkm\.cargo\registry\src\index.crates.io-6f17d22bba15001f\eframe-0.22.0\src\native\run.rs:221] request_redraw
15:26:17 [TRACE] (1) eframe::native::run: [C:\Users\darkm\.cargo\registry\src\index.crates.io-6f17d22bba15001f\eframe-0.22.0\src\native\run.rs:160] Got outdated UserEvent::RequestRepaint
15:26:17 [INFO] eframe update fn running...
15:26:17 [TRACE] (1) eframe::native::run: [C:\Users\darkm\.cargo\registry\src\index.crates.io-6f17d22bba15001f\eframe-0.22.0\src\native\run.rs:205] Repaint caused by winit::Event: RedrawEventsCleared
15:26:17 [TRACE] (1) eframe::native::run: [C:\Users\darkm\.cargo\registry\src\index.crates.io-6f17d22bba15001f\eframe-0.22.0\src\native\run.rs:221] request_redraw
15:26:17 [INFO] eframe update fn running...
15:26:17 [TRACE] (1) eframe::native::run: [C:\Users\darkm\.cargo\registry\src\index.crates.io-6f17d22bba15001f\eframe-0.22.0\src\native\run.rs:205] Repaint caused by winit::Event: WindowEvent { window_id: WindowId(WindowId(266618)), event: CursorLeft { device_id: DeviceId(DeviceId(0)) } }
15:26:17 [TRACE] (1) eframe::native::run: [C:\Users\darkm\.cargo\registry\src\index.crates.io-6f17d22bba15001f\eframe-0.22.0\src\native\run.rs:221] request_redraw
15:26:17 [INFO] eframe update fn running...
15:26:17 [TRACE] (1) eframe::native::run::glow_integration: [C:\Users\darkm\.cargo\registry\src\index.crates.io-6f17d22bba15001f\eframe-0.22.0\src\native\run.rs:734] request_repaint_callback: RequestRepaintInfo { after: 0ns, current_frame_nr: 244 }
15:26:17 [TRACE] (1) eframe::native::run: [C:\Users\darkm\.cargo\registry\src\index.crates.io-6f17d22bba15001f\eframe-0.22.0\src\native\run.rs:205] Repaint caused by winit::Event: RedrawEventsCleared
15:26:17 [TRACE] (1) eframe::native::run: [C:\Users\darkm\.cargo\registry\src\index.crates.io-6f17d22bba15001f\eframe-0.22.0\src\native\run.rs:221] request_redraw
15:26:17 [TRACE] (1) eframe::native::run: [C:\Users\darkm\.cargo\registry\src\index.crates.io-6f17d22bba15001f\eframe-0.22.0\src\native\run.rs:160] Got outdated UserEvent::RequestRepaint
15:26:17 [INFO] eframe update fn running...
15:26:17 [TRACE] (1) eframe::native::run: [C:\Users\darkm\.cargo\registry\src\index.crates.io-6f17d22bba15001f\eframe-0.22.0\src\native\run.rs:205] Repaint caused by winit::Event: RedrawEventsCleared
15:26:17 [TRACE] (1) eframe::native::run: [C:\Users\darkm\.cargo\registry\src\index.crates.io-6f17d22bba15001f\eframe-0.22.0\src\native\run.rs:221] request_redraw
15:26:17 [INFO] eframe update fn running...
15:26:18 [TRACE] (1) eframe::native::run: [C:\Users\darkm\.cargo\registry\src\index.crates.io-6f17d22bba15001f\eframe-0.22.0\src\native\run.rs:205] Repaint caused by winit::Event: WindowEvent { window_id: WindowId(WindowId(266618)), event: Focused(true) }
15:26:18 [TRACE] (1) eframe::native::run: [C:\Users\darkm\.cargo\registry\src\index.crates.io-6f17d22bba15001f\eframe-0.22.0\src\native\run.rs:221] request_redraw
15:26:18 [INFO] eframe update fn running...
15:26:18 [TRACE] (1) eframe::native::run::glow_integration: [C:\Users\darkm\.cargo\registry\src\index.crates.io-6f17d22bba15001f\eframe-0.22.0\src\native\run.rs:734] request_repaint_callback: RequestRepaintInfo { after: 0ns, current_frame_nr: 247 }
15:26:18 [TRACE] (1) eframe::native::run: [C:\Users\darkm\.cargo\registry\src\index.crates.io-6f17d22bba15001f\eframe-0.22.0\src\native\run.rs:205] Repaint caused by winit::Event: RedrawEventsCleared
15:26:18 [TRACE] (1) eframe::native::run: [C:\Users\darkm\.cargo\registry\src\index.crates.io-6f17d22bba15001f\eframe-0.22.0\src\native\run.rs:221] request_redraw
15:26:18 [TRACE] (1) eframe::native::run: [C:\Users\darkm\.cargo\registry\src\index.crates.io-6f17d22bba15001f\eframe-0.22.0\src\native\run.rs:160] Got outdated UserEvent::RequestRepaint
15:26:18 [INFO] eframe update fn running...
15:26:18 [TRACE] (1) eframe::native::run: [C:\Users\darkm\.cargo\registry\src\index.crates.io-6f17d22bba15001f\eframe-0.22.0\src\native\run.rs:205] Repaint caused by winit::Event: RedrawEventsCleared
15:26:18 [TRACE] (1) eframe::native::run: [C:\Users\darkm\.cargo\registry\src\index.crates.io-6f17d22bba15001f\eframe-0.22.0\src\native\run.rs:221] request_redraw
15:26:18 [INFO] eframe update fn running...
15:26:18 [TRACE] (1) eframe::native::run: [C:\Users\darkm\.cargo\registry\src\index.crates.io-6f17d22bba15001f\eframe-0.22.0\src\native\run.rs:194] Repaint caused by winit::Event: WindowEvent { window_id: WindowId(WindowId(266618)), event: Resized(PhysicalSize { width: 926, height: 740 }) }
15:26:18 [INFO] eframe update fn running...
15:26:18 [INFO] eframe update fn running...
15:26:18 [TRACE] (1) eframe::native::run: [C:\Users\darkm\.cargo\registry\src\index.crates.io-6f17d22bba15001f\eframe-0.22.0\src\native\run.rs:194] Repaint caused by winit::Event: WindowEvent { window_id: WindowId(WindowId(266618)), event: Resized(PhysicalSize { width: 933, height: 740 }) }
15:26:18 [INFO] eframe update fn running...
15:26:18 [INFO] eframe update fn running...
15:26:18 [TRACE] (1) eframe::native::run: [C:\Users\darkm\.cargo\registry\src\index.crates.io-6f17d22bba15001f\eframe-0.22.0\src\native\run.rs:194] Repaint caused by winit::Event: WindowEvent { window_id: WindowId(WindowId(266618)), event: Resized(PhysicalSize { width: 953, height: 740 }) }
15:26:18 [INFO] eframe update fn running...
15:26:18 [INFO] eframe update fn running...
15:26:18 [TRACE] (1) eframe::native::run: [C:\Users\darkm\.cargo\registry\src\index.crates.io-6f17d22bba15001f\eframe-0.22.0\src\native\run.rs:194] Repaint caused by winit::Event: WindowEvent { window_id: WindowId(WindowId(266618)), event: Resized(PhysicalSize { width: 979, height: 740 }) }
15:26:18 [INFO] eframe update fn running...
15:26:18 [INFO] eframe update fn running...
15:26:18 [TRACE] (1) eframe::native::run: [C:\Users\darkm\.cargo\registry\src\index.crates.io-6f17d22bba15001f\eframe-0.22.0\src\native\run.rs:194] Repaint caused by winit::Event: WindowEvent { window_id: WindowId(WindowId(266618)), event: Resized(PhysicalSize { width: 1004, height: 740 }) }
15:26:18 [INFO] eframe update fn running...
15:26:18 [INFO] eframe update fn running...
15:26:18 [TRACE] (1) eframe::native::run: [C:\Users\darkm\.cargo\registry\src\index.crates.io-6f17d22bba15001f\eframe-0.22.0\src\native\run.rs:194] Repaint caused by winit::Event: WindowEvent { window_id: WindowId(WindowId(266618)), event: Resized(PhysicalSize { width: 1032, height: 740 }) }
15:26:18 [INFO] eframe update fn running...
15:26:18 [INFO] eframe update fn running...
15:26:18 [TRACE] (1) eframe::native::run: [C:\Users\darkm\.cargo\registry\src\index.crates.io-6f17d22bba15001f\eframe-0.22.0\src\native\run.rs:194] Repaint caused by winit::Event: WindowEvent { window_id: WindowId(WindowId(266618)), event: Resized(PhysicalSize { width: 1066, height: 740 }) }
15:26:18 [INFO] eframe update fn running...
15:26:18 [INFO] eframe update fn running...
15:26:18 [TRACE] (1) eframe::native::run: [C:\Users\darkm\.cargo\registry\src\index.crates.io-6f17d22bba15001f\eframe-0.22.0\src\native\run.rs:194] Repaint caused by winit::Event: WindowEvent { window_id: WindowId(WindowId(266618)), event: Resized(PhysicalSize { width: 1099, height: 740 }) }
15:26:18 [INFO] eframe update fn running...
15:26:18 [INFO] eframe update fn running...
15:26:18 [TRACE] (1) eframe::native::run: [C:\Users\darkm\.cargo\registry\src\index.crates.io-6f17d22bba15001f\eframe-0.22.0\src\native\run.rs:194] Repaint caused by winit::Event: WindowEvent { window_id: WindowId(WindowId(266618)), event: Resized(PhysicalSize { width: 1135, height: 740 }) }
15:26:18 [INFO] eframe update fn running...
15:26:18 [INFO] eframe update fn running...
15:26:18 [TRACE] (1) eframe::native::run: [C:\Users\darkm\.cargo\registry\src\index.crates.io-6f17d22bba15001f\eframe-0.22.0\src\native\run.rs:194] Repaint caused by winit::Event: WindowEvent { window_id: WindowId(WindowId(266618)), event: Resized(PhysicalSize { width: 1172, height: 740 }) }
15:26:18 [INFO] eframe update fn running...
15:26:19 [INFO] eframe update fn running...
15:26:19 [TRACE] (1) eframe::native::run: [C:\Users\darkm\.cargo\registry\src\index.crates.io-6f17d22bba15001f\eframe-0.22.0\src\native\run.rs:194] Repaint caused by winit::Event: WindowEvent { window_id: WindowId(WindowId(266618)), event: Resized(PhysicalSize { width: 1203, height: 740 }) }
15:26:19 [INFO] eframe update fn running...
15:26:19 [INFO] eframe update fn running...
15:26:19 [TRACE] (1) eframe::native::run: [C:\Users\darkm\.cargo\registry\src\index.crates.io-6f17d22bba15001f\eframe-0.22.0\src\native\run.rs:194] Repaint caused by winit::Event: WindowEvent { window_id: WindowId(WindowId(266618)), event: Resized(PhysicalSize { width: 1224, height: 740 }) }
15:26:19 [INFO] eframe update fn running...
15:26:19 [INFO] eframe update fn running...
15:26:19 [TRACE] (1) eframe::native::run: [C:\Users\darkm\.cargo\registry\src\index.crates.io-6f17d22bba15001f\eframe-0.22.0\src\native\run.rs:194] Repaint caused by winit::Event: WindowEvent { window_id: WindowId(WindowId(266618)), event: Resized(PhysicalSize { width: 1232, height: 740 }) }
15:26:19 [INFO] eframe update fn running...
15:26:19 [INFO] eframe update fn running...
15:26:19 [TRACE] (1) eframe::native::run: [C:\Users\darkm\.cargo\registry\src\index.crates.io-6f17d22bba15001f\eframe-0.22.0\src\native\run.rs:194] Repaint caused by winit::Event: WindowEvent { window_id: WindowId(WindowId(266618)), event: Resized(PhysicalSize { width: 1236, height: 740 }) }
15:26:19 [INFO] eframe update fn running...
15:26:19 [INFO] eframe update fn running...
15:26:19 [TRACE] (1) eframe::native::run: [C:\Users\darkm\.cargo\registry\src\index.crates.io-6f17d22bba15001f\eframe-0.22.0\src\native\run.rs:194] Repaint caused by winit::Event: WindowEvent { window_id: WindowId(WindowId(266618)), event: Resized(PhysicalSize { width: 1243, height: 740 }) }
15:26:19 [INFO] eframe update fn running...
15:26:19 [INFO] eframe update fn running...
15:26:19 [TRACE] (1) eframe::native::run: [C:\Users\darkm\.cargo\registry\src\index.crates.io-6f17d22bba15001f\eframe-0.22.0\src\native\run.rs:194] Repaint caused by winit::Event: WindowEvent { window_id: WindowId(WindowId(266618)), event: Resized(PhysicalSize { width: 1259, height: 740 }) }
15:26:19 [INFO] eframe update fn running...
15:26:19 [INFO] eframe update fn running...
15:26:19 [TRACE] (1) eframe::native::run: [C:\Users\darkm\.cargo\registry\src\index.crates.io-6f17d22bba15001f\eframe-0.22.0\src\native\run.rs:194] Repaint caused by winit::Event: WindowEvent { window_id: WindowId(WindowId(266618)), event: Resized(PhysicalSize { width: 1275, height: 740 }) }
15:26:19 [INFO] eframe update fn running...
15:26:19 [INFO] eframe update fn running...
15:26:19 [TRACE] (1) eframe::native::run: [C:\Users\darkm\.cargo\registry\src\index.crates.io-6f17d22bba15001f\eframe-0.22.0\src\native\run.rs:194] Repaint caused by winit::Event: WindowEvent { window_id: WindowId(WindowId(266618)), event: Resized(PhysicalSize { width: 1283, height: 740 }) }
15:26:19 [INFO] eframe update fn running...
15:26:19 [INFO] eframe update fn running...
15:26:19 [TRACE] (1) eframe::native::run: [C:\Users\darkm\.cargo\registry\src\index.crates.io-6f17d22bba15001f\eframe-0.22.0\src\native\run.rs:194] Repaint caused by winit::Event: WindowEvent { window_id: WindowId(WindowId(266618)), event: Resized(PhysicalSize { width: 1285, height: 740 }) }
15:26:19 [INFO] eframe update fn running...
15:26:19 [INFO] eframe update fn running...
15:26:19 [TRACE] (1) eframe::native::run: [C:\Users\darkm\.cargo\registry\src\index.crates.io-6f17d22bba15001f\eframe-0.22.0\src\native\run.rs:194] Repaint caused by winit::Event: WindowEvent { window_id: WindowId(WindowId(266618)), event: Resized(PhysicalSize { width: 1286, height: 740 }) }
15:26:19 [INFO] eframe update fn running...
15:26:19 [INFO] eframe update fn running...
15:26:19 [TRACE] (1) eframe::native::run: [C:\Users\darkm\.cargo\registry\src\index.crates.io-6f17d22bba15001f\eframe-0.22.0\src\native\run.rs:194] Repaint caused by winit::Event: WindowEvent { window_id: WindowId(WindowId(266618)), event: Resized(PhysicalSize { width: 1290, height: 740 }) }
15:26:19 [INFO] eframe update fn running...
15:26:19 [INFO] eframe update fn running...
15:26:19 [TRACE] (1) eframe::native::run: [C:\Users\darkm\.cargo\registry\src\index.crates.io-6f17d22bba15001f\eframe-0.22.0\src\native\run.rs:194] Repaint caused by winit::Event: WindowEvent { window_id: WindowId(WindowId(266618)), event: Resized(PhysicalSize { width: 1296, height: 740 }) }
15:26:19 [INFO] eframe update fn running...
15:26:19 [INFO] eframe update fn running...
15:26:19 [TRACE] (1) eframe::native::run: [C:\Users\darkm\.cargo\registry\src\index.crates.io-6f17d22bba15001f\eframe-0.22.0\src\native\run.rs:194] Repaint caused by winit::Event: WindowEvent { window_id: WindowId(WindowId(266618)), event: Resized(PhysicalSize { width: 1314, height: 740 }) }
15:26:19 [INFO] eframe update fn running...
15:26:19 [INFO] eframe update fn running...
15:26:19 [TRACE] (1) eframe::native::run: [C:\Users\darkm\.cargo\registry\src\index.crates.io-6f17d22bba15001f\eframe-0.22.0\src\native\run.rs:194] Repaint caused by winit::Event: WindowEvent { window_id: WindowId(WindowId(266618)), event: Resized(PhysicalSize { width: 1349, height: 740 }) }
15:26:19 [INFO] eframe update fn running...
15:26:19 [INFO] eframe update fn running...
15:26:19 [TRACE] (1) eframe::native::run: [C:\Users\darkm\.cargo\registry\src\index.crates.io-6f17d22bba15001f\eframe-0.22.0\src\native\run.rs:194] Repaint caused by winit::Event: WindowEvent { window_id: WindowId(WindowId(266618)), event: Resized(PhysicalSize { width: 1396, height: 740 }) }
15:26:19 [INFO] eframe update fn running...
15:26:19 [INFO] eframe update fn running...
15:26:19 [TRACE] (1) eframe::native::run: [C:\Users\darkm\.cargo\registry\src\index.crates.io-6f17d22bba15001f\eframe-0.22.0\src\native\run.rs:194] Repaint caused by winit::Event: WindowEvent { window_id: WindowId(WindowId(266618)), event: Resized(PhysicalSize { width: 1423, height: 740 }) }
15:26:19 [INFO] eframe update fn running...
15:26:19 [INFO] eframe update fn running...
15:26:19 [TRACE] (1) eframe::native::run: [C:\Users\darkm\.cargo\registry\src\index.crates.io-6f17d22bba15001f\eframe-0.22.0\src\native\run.rs:194] Repaint caused by winit::Event: WindowEvent { window_id: WindowId(WindowId(266618)), event: Resized(PhysicalSize { width: 1435, height: 740 }) }
15:26:19 [INFO] eframe update fn running...
15:26:19 [INFO] eframe update fn running...
15:26:19 [TRACE] (1) eframe::native::run: [C:\Users\darkm\.cargo\registry\src\index.crates.io-6f17d22bba15001f\eframe-0.22.0\src\native\run.rs:194] Repaint caused by winit::Event: WindowEvent { window_id: WindowId(WindowId(266618)), event: Resized(PhysicalSize { width: 1440, height: 740 }) }
15:26:19 [INFO] eframe update fn running...
15:26:19 [INFO] eframe update fn running...
15:26:19 [TRACE] (1) eframe::native::run: [C:\Users\darkm\.cargo\registry\src\index.crates.io-6f17d22bba15001f\eframe-0.22.0\src\native\run.rs:194] Repaint caused by winit::Event: WindowEvent { window_id: WindowId(WindowId(266618)), event: Resized(PhysicalSize { width: 1445, height: 740 }) }
15:26:19 [INFO] eframe update fn running...
15:26:19 [INFO] eframe update fn running...
15:26:19 [TRACE] (1) eframe::native::run: [C:\Users\darkm\.cargo\registry\src\index.crates.io-6f17d22bba15001f\eframe-0.22.0\src\native\run.rs:194] Repaint caused by winit::Event: WindowEvent { window_id: WindowId(WindowId(266618)), event: Resized(PhysicalSize { width: 1447, height: 740 }) }
15:26:19 [INFO] eframe update fn running...
15:26:19 [INFO] eframe update fn running...
15:26:19 [INFO] eframe update fn running...
15:26:20 [INFO] eframe update fn running...
15:26:20 [INFO] eframe update fn running...
15:26:20 [INFO] eframe update fn running...
15:26:20 [INFO] eframe update fn running...
15:26:20 [INFO] eframe update fn running...
15:26:20 [INFO] eframe update fn running...
15:26:20 [INFO] eframe update fn running...
15:26:20 [TRACE] (1) eframe::native::run: [C:\Users\darkm\.cargo\registry\src\index.crates.io-6f17d22bba15001f\eframe-0.22.0\src\native\run.rs:205] Repaint caused by winit::Event: WindowEvent { window_id: WindowId(WindowId(266618)), event: CursorEntered { device_id: DeviceId(DeviceId(0)) } }
15:26:20 [TRACE] (1) eframe::native::run: [C:\Users\darkm\.cargo\registry\src\index.crates.io-6f17d22bba15001f\eframe-0.22.0\src\native\run.rs:221] request_redraw
15:26:20 [TRACE] (1) eframe::native::run: [C:\Users\darkm\.cargo\registry\src\index.crates.io-6f17d22bba15001f\eframe-0.22.0\src\native\run.rs:205] Repaint caused by winit::Event: WindowEvent { window_id: WindowId(WindowId(266618)), event: CursorMoved { device_id: DeviceId(DeviceId(0)), position: PhysicalPosition { x: 1.0, y: 138.0 }, modifiers: (empty) } }
15:26:20 [TRACE] (1) eframe::native::run: [C:\Users\darkm\.cargo\registry\src\index.crates.io-6f17d22bba15001f\eframe-0.22.0\src\native\run.rs:221] request_redraw
15:26:20 [INFO] eframe update fn running...
15:26:20 [TRACE] (1) eframe::native::run::glow_integration: [C:\Users\darkm\.cargo\registry\src\index.crates.io-6f17d22bba15001f\eframe-0.22.0\src\native\run.rs:734] request_repaint_callback: RequestRepaintInfo { after: 0ns, current_frame_nr: 318 }
15:26:20 [TRACE] (1) eframe::native::run: [C:\Users\darkm\.cargo\registry\src\index.crates.io-6f17d22bba15001f\eframe-0.22.0\src\native\run.rs:205] Repaint caused by winit::Event: RedrawEventsCleared
15:26:20 [TRACE] (1) eframe::native::run: [C:\Users\darkm\.cargo\registry\src\index.crates.io-6f17d22bba15001f\eframe-0.22.0\src\native\run.rs:221] request_redraw
15:26:20 [TRACE] (1) eframe::native::run: [C:\Users\darkm\.cargo\registry\src\index.crates.io-6f17d22bba15001f\eframe-0.22.0\src\native\run.rs:160] Got outdated UserEvent::RequestRepaint
15:26:20 [TRACE] (1) eframe::native::run: [C:\Users\darkm\.cargo\registry\src\index.crates.io-6f17d22bba15001f\eframe-0.22.0\src\native\run.rs:205] Repaint caused by winit::Event: WindowEvent { window_id: WindowId(WindowId(266618)), event: CursorMoved { device_id: DeviceId(DeviceId(0)), position: PhysicalPosition { x: 3.0, y: 139.0 }, modifiers: (empty) } }
15:26:20 [TRACE] (1) eframe::native::run: [C:\Users\darkm\.cargo\registry\src\index.crates.io-6f17d22bba15001f\eframe-0.22.0\src\native\run.rs:221] request_redraw
15:26:20 [INFO] eframe update fn running...
15:26:20 [TRACE] (1) eframe::native::run::glow_integration: [C:\Users\darkm\.cargo\registry\src\index.crates.io-6f17d22bba15001f\eframe-0.22.0\src\native\run.rs:734] request_repaint_callback: RequestRepaintInfo { after: 0ns, current_frame_nr: 319 }
15:26:20 [TRACE] (1) eframe::native::run: [C:\Users\darkm\.cargo\registry\src\index.crates.io-6f17d22bba15001f\eframe-0.22.0\src\native\run.rs:205] Repaint caused by winit::Event: RedrawEventsCleared
15:26:20 [TRACE] (1) eframe::native::run: [C:\Users\darkm\.cargo\registry\src\index.crates.io-6f17d22bba15001f\eframe-0.22.0\src\native\run.rs:221] request_redraw
15:26:20 [TRACE] (1) eframe::native::run: [C:\Users\darkm\.cargo\registry\src\index.crates.io-6f17d22bba15001f\eframe-0.22.0\src\native\run.rs:160] Got outdated UserEvent::RequestRepaint
15:26:20 [TRACE] (1) eframe::native::run: [C:\Users\darkm\.cargo\registry\src\index.crates.io-6f17d22bba15001f\eframe-0.22.0\src\native\run.rs:205] Repaint caused by winit::Event: WindowEvent { window_id: WindowId(WindowId(266618)), event: CursorMoved { device_id: DeviceId(DeviceId(0)), position: PhysicalPosition { x: 5.0, y: 140.0 }, modifiers: (empty) } }
15:26:20 [TRACE] (1) eframe::native::run: [C:\Users\darkm\.cargo\registry\src\index.crates.io-6f17d22bba15001f\eframe-0.22.0\src\native\run.rs:221] request_redraw
15:26:20 [TRACE] (1) eframe::native::run: [C:\Users\darkm\.cargo\registry\src\index.crates.io-6f17d22bba15001f\eframe-0.22.0\src\native\run.rs:205] Repaint caused by winit::Event: WindowEvent { window_id: WindowId(WindowId(266618)), event: CursorMoved { device_id: DeviceId(DeviceId(0)), position: PhysicalPosition { x: 5.0, y: 141.0 }, modifiers: (empty) } }
15:26:20 [TRACE] (1) eframe::native::run: [C:\Users\darkm\.cargo\registry\src\index.crates.io-6f17d22bba15001f\eframe-0.22.0\src\native\run.rs:221] request_redraw
15:26:20 [INFO] eframe update fn running...
15:26:20 [TRACE] (1) eframe::native::run::glow_integration: [C:\Users\darkm\.cargo\registry\src\index.crates.io-6f17d22bba15001f\eframe-0.22.0\src\native\run.rs:734] request_repaint_callback: RequestRepaintInfo { after: 0ns, current_frame_nr: 320 }
15:26:20 [TRACE] (1) eframe::native::run: [C:\Users\darkm\.cargo\registry\src\index.crates.io-6f17d22bba15001f\eframe-0.22.0\src\native\run.rs:205] Repaint caused by winit::Event: RedrawEventsCleared
15:26:20 [TRACE] (1) eframe::native::run: [C:\Users\darkm\.cargo\registry\src\index.crates.io-6f17d22bba15001f\eframe-0.22.0\src\native\run.rs:221] request_redraw
15:26:20 [TRACE] (1) eframe::native::run: [C:\Users\darkm\.cargo\registry\src\index.crates.io-6f17d22bba15001f\eframe-0.22.0\src\native\run.rs:160] Got outdated UserEvent::RequestRepaint
15:26:20 [TRACE] (1) eframe::native::run: [C:\Users\darkm\.cargo\registry\src\index.crates.io-6f17d22bba15001f\eframe-0.22.0\src\native\run.rs:205] Repaint caused by winit::Event: WindowEvent { window_id: WindowId(WindowId(266618)), event: CursorMoved { device_id: DeviceId(DeviceId(0)), position: PhysicalPosition { x: 7.0, y: 142.0 }, modifiers: (empty) } }
15:26:20 [TRACE] (1) eframe::native::run: [C:\Users\darkm\.cargo\registry\src\index.crates.io-6f17d22bba15001f\eframe-0.22.0\src\native\run.rs:221] request_redraw
15:26:20 [INFO] eframe update fn running...
15:26:20 [TRACE] (1) eframe::native::run::glow_integration: [C:\Users\darkm\.cargo\registry\src\index.crates.io-6f17d22bba15001f\eframe-0.22.0\src\native\run.rs:734] request_repaint_callback: RequestRepaintInfo { after: 0ns, current_frame_nr: 321 }
15:26:20 [TRACE] (1) eframe::native::run: [C:\Users\darkm\.cargo\registry\src\index.crates.io-6f17d22bba15001f\eframe-0.22.0\src\native\run.rs:205] Repaint caused by winit::Event: RedrawEventsCleared
15:26:20 [TRACE] (1) eframe::native::run: [C:\Users\darkm\.cargo\registry\src\index.crates.io-6f17d22bba15001f\eframe-0.22.0\src\native\run.rs:221] request_redraw
15:26:20 [TRACE] (1) eframe::native::run: [C:\Users\darkm\.cargo\registry\src\index.crates.io-6f17d22bba15001f\eframe-0.22.0\src\native\run.rs:160] Got outdated UserEvent::RequestRepaint
15:26:20 [TRACE] (1) eframe::native::run: [C:\Users\darkm\.cargo\registry\src\index.crates.io-6f17d22bba15001f\eframe-0.22.0\src\native\run.rs:205] Repaint caused by winit::Event: WindowEvent { window_id: WindowId(WindowId(266618)), event: CursorMoved { device_id: DeviceId(DeviceId(0)), position: PhysicalPosition { x: 8.0, y: 142.0 }, modifiers: (empty) } }
15:26:20 [TRACE] (1) eframe::native::run: [C:\Users\darkm\.cargo\registry\src\index.crates.io-6f17d22bba15001f\eframe-0.22.0\src\native\run.rs:221] request_redraw
15:26:20 [INFO] eframe update fn running...
15:26:20 [TRACE] (1) eframe::native::run::glow_integration: [C:\Users\darkm\.cargo\registry\src\index.crates.io-6f17d22bba15001f\eframe-0.22.0\src\native\run.rs:734] request_repaint_callback: RequestRepaintInfo { after: 0ns, current_frame_nr: 322 }
15:26:20 [TRACE] (1) eframe::native::run: [C:\Users\darkm\.cargo\registry\src\index.crates.io-6f17d22bba15001f\eframe-0.22.0\src\native\run.rs:205] Repaint caused by winit::Event: RedrawEventsCleared
15:26:20 [TRACE] (1) eframe::native::run: [C:\Users\darkm\.cargo\registry\src\index.crates.io-6f17d22bba15001f\eframe-0.22.0\src\native\run.rs:221] request_redraw
15:26:20 [TRACE] (1) eframe::native::run: [C:\Users\darkm\.cargo\registry\src\index.crates.io-6f17d22bba15001f\eframe-0.22.0\src\native\run.rs:160] Got outdated UserEvent::RequestRepaint
15:26:20 [TRACE] (1) eframe::native::run: [C:\Users\darkm\.cargo\registry\src\index.crates.io-6f17d22bba15001f\eframe-0.22.0\src\native\run.rs:205] Repaint caused by winit::Event: WindowEvent { window_id: WindowId(WindowId(266618)), event: CursorMoved { device_id: DeviceId(DeviceId(0)), position: PhysicalPosition { x: 8.0, y: 143.0 }, modifiers: (empty) } }
15:26:20 [TRACE] (1) eframe::native::run: [C:\Users\darkm\.cargo\registry\src\index.crates.io-6f17d22bba15001f\eframe-0.22.0\src\native\run.rs:221] request_redraw
15:26:20 [TRACE] (1) eframe::native::run: [C:\Users\darkm\.cargo\registry\src\index.crates.io-6f17d22bba15001f\eframe-0.22.0\src\native\run.rs:205] Repaint caused by winit::Event: WindowEvent { window_id: WindowId(WindowId(266618)), event: CursorMoved { device_id: DeviceId(DeviceId(0)), position: PhysicalPosition { x: 9.0, y: 143.0 }, modifiers: (empty) } }
15:26:20 [TRACE] (1) eframe::native::run: [C:\Users\darkm\.cargo\registry\src\index.crates.io-6f17d22bba15001f\eframe-0.22.0\src\native\run.rs:221] request_redraw
15:26:20 [INFO] eframe update fn running...
15:26:20 [TRACE] (1) eframe::native::run::glow_integration: [C:\Users\darkm\.cargo\registry\src\index.crates.io-6f17d22bba15001f\eframe-0.22.0\src\native\run.rs:734] request_repaint_callback: RequestRepaintInfo { after: 0ns, current_frame_nr: 323 }
15:26:20 [TRACE] (1) eframe::native::run: [C:\Users\darkm\.cargo\registry\src\index.crates.io-6f17d22bba15001f\eframe-0.22.0\src\native\run.rs:205] Repaint caused by winit::Event: RedrawEventsCleared
15:26:20 [TRACE] (1) eframe::native::run: [C:\Users\darkm\.cargo\registry\src\index.crates.io-6f17d22bba15001f\eframe-0.22.0\src\native\run.rs:221] request_redraw
15:26:20 [TRACE] (1) eframe::native::run: [C:\Users\darkm\.cargo\registry\src\index.crates.io-6f17d22bba15001f\eframe-0.22.0\src\native\run.rs:160] Got outdated UserEvent::RequestRepaint
15:26:20 [TRACE] (1) eframe::native::run: [C:\Users\darkm\.cargo\registry\src\index.crates.io-6f17d22bba15001f\eframe-0.22.0\src\native\run.rs:205] Repaint caused by winit::Event: WindowEvent { window_id: WindowId(WindowId(266618)), event: CursorMoved { device_id: DeviceId(DeviceId(0)), position: PhysicalPosition { x: 11.0, y: 144.0 }, modifiers: (empty) } }
15:26:20 [TRACE] (1) eframe::native::run: [C:\Users\darkm\.cargo\registry\src\index.crates.io-6f17d22bba15001f\eframe-0.22.0\src\native\run.rs:221] request_redraw
15:26:20 [INFO] eframe update fn running...
15:26:20 [TRACE] (1) eframe::native::run::glow_integration: [C:\Users\darkm\.cargo\registry\src\index.crates.io-6f17d22bba15001f\eframe-0.22.0\src\native\run.rs:734] request_repaint_callback: RequestRepaintInfo { after: 0ns, current_frame_nr: 324 }
15:26:20 [TRACE] (1) eframe::native::run: [C:\Users\darkm\.cargo\registry\src\index.crates.io-6f17d22bba15001f\eframe-0.22.0\src\native\run.rs:205] Repaint caused by winit::Event: RedrawEventsCleared
15:26:20 [TRACE] (1) eframe::native::run: [C:\Users\darkm\.cargo\registry\src\index.crates.io-6f17d22bba15001f\eframe-0.22.0\src\native\run.rs:221] request_redraw
15:26:20 [TRACE] (1) eframe::native::run: [C:\Users\darkm\.cargo\registry\src\index.crates.io-6f17d22bba15001f\eframe-0.22.0\src\native\run.rs:160] Got outdated UserEvent::RequestRepaint
15:26:20 [TRACE] (1) eframe::native::run: [C:\Users\darkm\.cargo\registry\src\index.crates.io-6f17d22bba15001f\eframe-0.22.0\src\native\run.rs:205] Repaint caused by winit::Event: WindowEvent { window_id: WindowId(WindowId(266618)), event: CursorMoved { device_id: DeviceId(DeviceId(0)), position: PhysicalPosition { x: 11.0, y: 145.0 }, modifiers: (empty) } }
15:26:20 [TRACE] (1) eframe::native::run: [C:\Users\darkm\.cargo\registry\src\index.crates.io-6f17d22bba15001f\eframe-0.22.0\src\native\run.rs:221] request_redraw
15:26:20 [INFO] eframe update fn running...
15:26:20 [TRACE] (1) eframe::native::run::glow_integration: [C:\Users\darkm\.cargo\registry\src\index.crates.io-6f17d22bba15001f\eframe-0.22.0\src\native\run.rs:734] request_repaint_callback: RequestRepaintInfo { after: 0ns, current_frame_nr: 325 }
15:26:20 [TRACE] (1) eframe::native::run: [C:\Users\darkm\.cargo\registry\src\index.crates.io-6f17d22bba15001f\eframe-0.22.0\src\native\run.rs:205] Repaint caused by winit::Event: RedrawEventsCleared
15:26:20 [TRACE] (1) eframe::native::run: [C:\Users\darkm\.cargo\registry\src\index.crates.io-6f17d22bba15001f\eframe-0.22.0\src\native\run.rs:221] request_redraw
15:26:20 [TRACE] (1) eframe::native::run: [C:\Users\darkm\.cargo\registry\src\index.crates.io-6f17d22bba15001f\eframe-0.22.0\src\native\run.rs:160] Got outdated UserEvent::RequestRepaint
15:26:20 [TRACE] (1) eframe::native::run: [C:\Users\darkm\.cargo\registry\src\index.crates.io-6f17d22bba15001f\eframe-0.22.0\src\native\run.rs:205] Repaint caused by winit::Event: WindowEvent { window_id: WindowId(WindowId(266618)), event: CursorMoved { device_id: DeviceId(DeviceId(0)), position: PhysicalPosition { x: 12.0, y: 145.0 }, modifiers: (empty) } }
15:26:20 [TRACE] (1) eframe::native::run: [C:\Users\darkm\.cargo\registry\src\index.crates.io-6f17d22bba15001f\eframe-0.22.0\src\native\run.rs:221] request_redraw
15:26:20 [INFO] eframe update fn running...
15:26:20 [TRACE] (1) eframe::native::run::glow_integration: [C:\Users\darkm\.cargo\registry\src\index.crates.io-6f17d22bba15001f\eframe-0.22.0\src\native\run.rs:734] request_repaint_callback: RequestRepaintInfo { after: 0ns, current_frame_nr: 326 }
15:26:20 [TRACE] (1) eframe::native::run: [C:\Users\darkm\.cargo\registry\src\index.crates.io-6f17d22bba15001f\eframe-0.22.0\src\native\run.rs:205] Repaint caused by winit::Event: RedrawEventsCleared
15:26:20 [TRACE] (1) eframe::native::run: [C:\Users\darkm\.cargo\registry\src\index.crates.io-6f17d22bba15001f\eframe-0.22.0\src\native\run.rs:221] request_redraw
15:26:20 [TRACE] (1) eframe::native::run: [C:\Users\darkm\.cargo\registry\src\index.crates.io-6f17d22bba15001f\eframe-0.22.0\src\native\run.rs:160] Got outdated UserEvent::RequestRepaint
15:26:20 [INFO] eframe update fn running...
15:26:20 [TRACE] (1) eframe::native::run: [C:\Users\darkm\.cargo\registry\src\index.crates.io-6f17d22bba15001f\eframe-0.22.0\src\native\run.rs:205] Repaint caused by winit::Event: RedrawEventsCleared
15:26:20 [TRACE] (1) eframe::native::run: [C:\Users\darkm\.cargo\registry\src\index.crates.io-6f17d22bba15001f\eframe-0.22.0\src\native\run.rs:221] request_redraw
15:26:20 [INFO] eframe update fn running...
15:26:20 [INFO] eframe update fn running...
15:26:20 [TRACE] (1) eframe::native::run: [C:\Users\darkm\.cargo\registry\src\index.crates.io-6f17d22bba15001f\eframe-0.22.0\src\native\run.rs:205] Repaint caused by winit::Event: WindowEvent { window_id: WindowId(WindowId(266618)), event: CursorMoved { device_id: DeviceId(DeviceId(0)), position: PhysicalPosition { x: 14.0, y: 146.0 }, modifiers: (empty) } }
15:26:20 [TRACE] (1) eframe::native::run: [C:\Users\darkm\.cargo\registry\src\index.crates.io-6f17d22bba15001f\eframe-0.22.0\src\native\run.rs:221] request_redraw
15:26:20 [INFO] eframe update fn running...
15:26:20 [TRACE] (1) eframe::native::run::glow_integration: [C:\Users\darkm\.cargo\registry\src\index.crates.io-6f17d22bba15001f\eframe-0.22.0\src\native\run.rs:734] request_repaint_callback: RequestRepaintInfo { after: 0ns, current_frame_nr: 330 }
15:26:20 [TRACE] (1) eframe::native::run: [C:\Users\darkm\.cargo\registry\src\index.crates.io-6f17d22bba15001f\eframe-0.22.0\src\native\run.rs:205] Repaint caused by winit::Event: RedrawEventsCleared
15:26:20 [TRACE] (1) eframe::native::run: [C:\Users\darkm\.cargo\registry\src\index.crates.io-6f17d22bba15001f\eframe-0.22.0\src\native\run.rs:221] request_redraw
15:26:20 [TRACE] (1) eframe::native::run: [C:\Users\darkm\.cargo\registry\src\index.crates.io-6f17d22bba15001f\eframe-0.22.0\src\native\run.rs:160] Got outdated UserEvent::RequestRepaint
15:26:20 [TRACE] (1) eframe::native::run: [C:\Users\darkm\.cargo\registry\src\index.crates.io-6f17d22bba15001f\eframe-0.22.0\src\native\run.rs:205] Repaint caused by winit::Event: WindowEvent { window_id: WindowId(WindowId(266618)), event: CursorMoved { device_id: DeviceId(DeviceId(0)), position: PhysicalPosition { x: 16.0, y: 148.0 }, modifiers: (empty) } }
15:26:20 [TRACE] (1) eframe::native::run: [C:\Users\darkm\.cargo\registry\src\index.crates.io-6f17d22bba15001f\eframe-0.22.0\src\native\run.rs:221] request_redraw
15:26:20 [INFO] eframe update fn running...
15:26:20 [TRACE] (1) eframe::native::run::glow_integration: [C:\Users\darkm\.cargo\registry\src\index.crates.io-6f17d22bba15001f\eframe-0.22.0\src\native\run.rs:734] request_repaint_callback: RequestRepaintInfo { after: 0ns, current_frame_nr: 331 }
15:26:20 [TRACE] (1) eframe::native::run: [C:\Users\darkm\.cargo\registry\src\index.crates.io-6f17d22bba15001f\eframe-0.22.0\src\native\run.rs:205] Repaint caused by winit::Event: RedrawEventsCleared
15:26:20 [TRACE] (1) eframe::native::run: [C:\Users\darkm\.cargo\registry\src\index.crates.io-6f17d22bba15001f\eframe-0.22.0\src\native\run.rs:221] request_redraw
15:26:20 [TRACE] (1) eframe::native::run: [C:\Users\darkm\.cargo\registry\src\index.crates.io-6f17d22bba15001f\eframe-0.22.0\src\native\run.rs:160] Got outdated UserEvent::RequestRepaint
15:26:20 [TRACE] (1) eframe::native::run: [C:\Users\darkm\.cargo\registry\src\index.crates.io-6f17d22bba15001f\eframe-0.22.0\src\native\run.rs:205] Repaint caused by winit::Event: WindowEvent { window_id: WindowId(WindowId(266618)), event: CursorMoved { device_id: DeviceId(DeviceId(0)), position: PhysicalPosition { x: 18.0, y: 149.0 }, modifiers: (empty) } }
15:26:20 [TRACE] (1) eframe::native::run: [C:\Users\darkm\.cargo\registry\src\index.crates.io-6f17d22bba15001f\eframe-0.22.0\src\native\run.rs:221] request_redraw
15:26:20 [INFO] eframe update fn running...
15:26:20 [TRACE] (1) eframe::native::run::glow_integration: [C:\Users\darkm\.cargo\registry\src\index.crates.io-6f17d22bba15001f\eframe-0.22.0\src\native\run.rs:734] request_repaint_callback: RequestRepaintInfo { after: 0ns, current_frame_nr: 332 }
15:26:20 [TRACE] (1) eframe::native::run: [C:\Users\darkm\.cargo\registry\src\index.crates.io-6f17d22bba15001f\eframe-0.22.0\src\native\run.rs:205] Repaint caused by winit::Event: RedrawEventsCleared
15:26:20 [TRACE] (1) eframe::native::run: [C:\Users\darkm\.cargo\registry\src\index.crates.io-6f17d22bba15001f\eframe-0.22.0\src\native\run.rs:221] request_redraw
15:26:20 [TRACE] (1) eframe::native::run: [C:\Users\darkm\.cargo\registry\src\index.crates.io-6f17d22bba15001f\eframe-0.22.0\src\native\run.rs:160] Got outdated UserEvent::RequestRepaint
15:26:20 [TRACE] (1) eframe::native::run: [C:\Users\darkm\.cargo\registry\src\index.crates.io-6f17d22bba15001f\eframe-0.22.0\src\native\run.rs:205] Repaint caused by winit::Event: WindowEvent { window_id: WindowId(WindowId(266618)), event: CursorMoved { device_id: DeviceId(DeviceId(0)), position: PhysicalPosition { x: 19.0, y: 150.0 }, modifiers: (empty) } }
15:26:20 [TRACE] (1) eframe::native::run: [C:\Users\darkm\.cargo\registry\src\index.crates.io-6f17d22bba15001f\eframe-0.22.0\src\native\run.rs:221] request_redraw
15:26:20 [INFO] eframe update fn running...
15:26:20 [TRACE] (1) eframe::native::run::glow_integration: [C:\Users\darkm\.cargo\registry\src\index.crates.io-6f17d22bba15001f\eframe-0.22.0\src\native\run.rs:734] request_repaint_callback: RequestRepaintInfo { after: 0ns, current_frame_nr: 333 }
15:26:20 [TRACE] (1) eframe::native::run: [C:\Users\darkm\.cargo\registry\src\index.crates.io-6f17d22bba15001f\eframe-0.22.0\src\native\run.rs:205] Repaint caused by winit::Event: RedrawEventsCleared
15:26:20 [TRACE] (1) eframe::native::run: [C:\Users\darkm\.cargo\registry\src\index.crates.io-6f17d22bba15001f\eframe-0.22.0\src\native\run.rs:221] request_redraw
15:26:20 [TRACE] (1) eframe::native::run: [C:\Users\darkm\.cargo\registry\src\index.crates.io-6f17d22bba15001f\eframe-0.22.0\src\native\run.rs:160] Got outdated UserEvent::RequestRepaint
15:26:20 [TRACE] (1) eframe::native::run: [C:\Users\darkm\.cargo\registry\src\index.crates.io-6f17d22bba15001f\eframe-0.22.0\src\native\run.rs:205] Repaint caused by winit::Event: WindowEvent { window_id: WindowId(WindowId(266618)), event: CursorMoved { device_id: DeviceId(DeviceId(0)), position: PhysicalPosition { x: 20.0, y: 150.0 }, modifiers: (empty) } }
15:26:20 [TRACE] (1) eframe::native::run: [C:\Users\darkm\.cargo\registry\src\index.crates.io-6f17d22bba15001f\eframe-0.22.0\src\native\run.rs:221] request_redraw
15:26:20 [INFO] eframe update fn running...
15:26:20 [TRACE] (1) eframe::native::run::glow_integration: [C:\Users\darkm\.cargo\registry\src\index.crates.io-6f17d22bba15001f\eframe-0.22.0\src\native\run.rs:734] request_repaint_callback: RequestRepaintInfo { after: 0ns, current_frame_nr: 334 }
15:26:21 [TRACE] (1) eframe::native::run: [C:\Users\darkm\.cargo\registry\src\index.crates.io-6f17d22bba15001f\eframe-0.22.0\src\native\run.rs:205] Repaint caused by winit::Event: RedrawEventsCleared
15:26:21 [TRACE] (1) eframe::native::run: [C:\Users\darkm\.cargo\registry\src\index.crates.io-6f17d22bba15001f\eframe-0.22.0\src\native\run.rs:221] request_redraw
15:26:21 [TRACE] (1) eframe::native::run: [C:\Users\darkm\.cargo\registry\src\index.crates.io-6f17d22bba15001f\eframe-0.22.0\src\native\run.rs:160] Got outdated UserEvent::RequestRepaint
15:26:21 [INFO] eframe update fn running...
15:26:21 [TRACE] (1) eframe::native::run: [C:\Users\darkm\.cargo\registry\src\index.crates.io-6f17d22bba15001f\eframe-0.22.0\src\native\run.rs:205] Repaint caused by winit::Event: RedrawEventsCleared
15:26:21 [TRACE] (1) eframe::native::run: [C:\Users\darkm\.cargo\registry\src\index.crates.io-6f17d22bba15001f\eframe-0.22.0\src\native\run.rs:221] request_redraw
15:26:21 [INFO] eframe update fn running...
15:26:21 [INFO] eframe update fn running...
15:26:21 [TRACE] (1) eframe::native::run: [C:\Users\darkm\.cargo\registry\src\index.crates.io-6f17d22bba15001f\eframe-0.22.0\src\native\run.rs:205] Repaint caused by winit::Event: WindowEvent { window_id: WindowId(WindowId(266618)), event: CursorMoved { device_id: DeviceId(DeviceId(0)), position: PhysicalPosition { x: 20.0, y: 151.0 }, modifiers: (empty) } }
15:26:21 [TRACE] (1) eframe::native::run: [C:\Users\darkm\.cargo\registry\src\index.crates.io-6f17d22bba15001f\eframe-0.22.0\src\native\run.rs:221] request_redraw
15:26:21 [TRACE] (1) eframe::native::run: [C:\Users\darkm\.cargo\registry\src\index.crates.io-6f17d22bba15001f\eframe-0.22.0\src\native\run.rs:205] Repaint caused by winit::Event: WindowEvent { window_id: WindowId(WindowId(266618)), event: CursorMoved { device_id: DeviceId(DeviceId(0)), position: PhysicalPosition { x: 20.0, y: 152.0 }, modifiers: (empty) } }
15:26:21 [TRACE] (1) eframe::native::run: [C:\Users\darkm\.cargo\registry\src\index.crates.io-6f17d22bba15001f\eframe-0.22.0\src\native\run.rs:221] request_redraw
15:26:21 [TRACE] (1) eframe::native::run: [C:\Users\darkm\.cargo\registry\src\index.crates.io-6f17d22bba15001f\eframe-0.22.0\src\native\run.rs:205] Repaint caused by winit::Event: WindowEvent { window_id: WindowId(WindowId(266618)), event: CursorMoved { device_id: DeviceId(DeviceId(0)), position: PhysicalPosition { x: 21.0, y: 152.0 }, modifiers: (empty) } }
15:26:21 [TRACE] (1) eframe::native::run: [C:\Users\darkm\.cargo\registry\src\index.crates.io-6f17d22bba15001f\eframe-0.22.0\src\native\run.rs:221] request_redraw
15:26:21 [INFO] eframe update fn running...
15:26:21 [TRACE] (1) eframe::native::run::glow_integration: [C:\Users\darkm\.cargo\registry\src\index.crates.io-6f17d22bba15001f\eframe-0.22.0\src\native\run.rs:734] request_repaint_callback: RequestRepaintInfo { after: 0ns, current_frame_nr: 338 }
15:26:21 [TRACE] (1) eframe::native::run: [C:\Users\darkm\.cargo\registry\src\index.crates.io-6f17d22bba15001f\eframe-0.22.0\src\native\run.rs:205] Repaint caused by winit::Event: RedrawEventsCleared
15:26:21 [TRACE] (1) eframe::native::run: [C:\Users\darkm\.cargo\registry\src\index.crates.io-6f17d22bba15001f\eframe-0.22.0\src\native\run.rs:221] request_redraw
15:26:21 [TRACE] (1) eframe::native::run: [C:\Users\darkm\.cargo\registry\src\index.crates.io-6f17d22bba15001f\eframe-0.22.0\src\native\run.rs:160] Got outdated UserEvent::RequestRepaint
15:26:21 [TRACE] (1) eframe::native::run: [C:\Users\darkm\.cargo\registry\src\index.crates.io-6f17d22bba15001f\eframe-0.22.0\src\native\run.rs:205] Repaint caused by winit::Event: WindowEvent { window_id: WindowId(WindowId(266618)), event: CursorMoved { device_id: DeviceId(DeviceId(0)), position: PhysicalPosition { x: 24.0, y: 154.0 }, modifiers: (empty) } }
15:26:21 [TRACE] (1) eframe::native::run: [C:\Users\darkm\.cargo\registry\src\index.crates.io-6f17d22bba15001f\eframe-0.22.0\src\native\run.rs:221] request_redraw
15:26:21 [INFO] eframe update fn running...
15:26:21 [TRACE] (1) eframe::native::run::glow_integration: [C:\Users\darkm\.cargo\registry\src\index.crates.io-6f17d22bba15001f\eframe-0.22.0\src\native\run.rs:734] request_repaint_callback: RequestRepaintInfo { after: 0ns, current_frame_nr: 339 }
15:26:21 [TRACE] (1) eframe::native::run: [C:\Users\darkm\.cargo\registry\src\index.crates.io-6f17d22bba15001f\eframe-0.22.0\src\native\run.rs:205] Repaint caused by winit::Event: RedrawEventsCleared
15:26:21 [TRACE] (1) eframe::native::run: [C:\Users\darkm\.cargo\registry\src\index.crates.io-6f17d22bba15001f\eframe-0.22.0\src\native\run.rs:221] request_redraw
15:26:21 [TRACE] (1) eframe::native::run: [C:\Users\darkm\.cargo\registry\src\index.crates.io-6f17d22bba15001f\eframe-0.22.0\src\native\run.rs:160] Got outdated UserEvent::RequestRepaint
15:26:21 [TRACE] (1) eframe::native::run: [C:\Users\darkm\.cargo\registry\src\index.crates.io-6f17d22bba15001f\eframe-0.22.0\src\native\run.rs:205] Repaint caused by winit::Event: WindowEvent { window_id: WindowId(WindowId(266618)), event: CursorMoved { device_id: DeviceId(DeviceId(0)), position: PhysicalPosition { x: 26.0, y: 157.0 }, modifiers: (empty) } }
15:26:21 [TRACE] (1) eframe::native::run: [C:\Users\darkm\.cargo\registry\src\index.crates.io-6f17d22bba15001f\eframe-0.22.0\src\native\run.rs:221] request_redraw
15:26:21 [TRACE] (1) eframe::native::run: [C:\Users\darkm\.cargo\registry\src\index.crates.io-6f17d22bba15001f\eframe-0.22.0\src\native\run.rs:205] Repaint caused by winit::Event: WindowEvent { window_id: WindowId(WindowId(266618)), event: CursorMoved { device_id: DeviceId(DeviceId(0)), position: PhysicalPosition { x: 27.0, y: 157.0 }, modifiers: (empty) } }
15:26:21 [TRACE] (1) eframe::native::run: [C:\Users\darkm\.cargo\registry\src\index.crates.io-6f17d22bba15001f\eframe-0.22.0\src\native\run.rs:221] request_redraw
15:26:21 [INFO] eframe update fn running...
15:26:21 [TRACE] (1) eframe::native::run::glow_integration: [C:\Users\darkm\.cargo\registry\src\index.crates.io-6f17d22bba15001f\eframe-0.22.0\src\native\run.rs:734] request_repaint_callback: RequestRepaintInfo { after: 0ns, current_frame_nr: 340 }
15:26:21 [TRACE] (1) eframe::native::run: [C:\Users\darkm\.cargo\registry\src\index.crates.io-6f17d22bba15001f\eframe-0.22.0\src\native\run.rs:205] Repaint caused by winit::Event: RedrawEventsCleared
15:26:21 [TRACE] (1) eframe::native::run: [C:\Users\darkm\.cargo\registry\src\index.crates.io-6f17d22bba15001f\eframe-0.22.0\src\native\run.rs:221] request_redraw
15:26:21 [TRACE] (1) eframe::native::run: [C:\Users\darkm\.cargo\registry\src\index.crates.io-6f17d22bba15001f\eframe-0.22.0\src\native\run.rs:160] Got outdated UserEvent::RequestRepaint
15:26:21 [TRACE] (1) eframe::native::run: [C:\Users\darkm\.cargo\registry\src\index.crates.io-6f17d22bba15001f\eframe-0.22.0\src\native\run.rs:205] Repaint caused by winit::Event: WindowEvent { window_id: WindowId(WindowId(266618)), event: CursorMoved { device_id: DeviceId(DeviceId(0)), position: PhysicalPosition { x: 29.0, y: 157.0 }, modifiers: (empty) } }
15:26:21 [TRACE] (1) eframe::native::run: [C:\Users\darkm\.cargo\registry\src\index.crates.io-6f17d22bba15001f\eframe-0.22.0\src\native\run.rs:221] request_redraw
15:26:21 [INFO] eframe update fn running...
15:26:21 [TRACE] (1) eframe::native::run::glow_integration: [C:\Users\darkm\.cargo\registry\src\index.crates.io-6f17d22bba15001f\eframe-0.22.0\src\native\run.rs:734] request_repaint_callback: RequestRepaintInfo { after: 0ns, current_frame_nr: 341 }
15:26:21 [TRACE] (1) eframe::native::run: [C:\Users\darkm\.cargo\registry\src\index.crates.io-6f17d22bba15001f\eframe-0.22.0\src\native\run.rs:205] Repaint caused by winit::Event: RedrawEventsCleared
15:26:21 [TRACE] (1) eframe::native::run: [C:\Users\darkm\.cargo\registry\src\index.crates.io-6f17d22bba15001f\eframe-0.22.0\src\native\run.rs:221] request_redraw
15:26:21 [TRACE] (1) eframe::native::run: [C:\Users\darkm\.cargo\registry\src\index.crates.io-6f17d22bba15001f\eframe-0.22.0\src\native\run.rs:160] Got outdated UserEvent::RequestRepaint
15:26:21 [INFO] eframe update fn running...
15:26:21 [TRACE] (1) eframe::native::run: [C:\Users\darkm\.cargo\registry\src\index.crates.io-6f17d22bba15001f\eframe-0.22.0\src\native\run.rs:205] Repaint caused by winit::Event: RedrawEventsCleared
15:26:21 [TRACE] (1) eframe::native::run: [C:\Users\darkm\.cargo\registry\src\index.crates.io-6f17d22bba15001f\eframe-0.22.0\src\native\run.rs:221] request_redraw
15:26:21 [INFO] eframe update fn running...
15:26:21 [TRACE] (1) eframe::native::run: [C:\Users\darkm\.cargo\registry\src\index.crates.io-6f17d22bba15001f\eframe-0.22.0\src\native\run.rs:205] Repaint caused by winit::Event: WindowEvent { window_id: WindowId(WindowId(266618)), event: CursorMoved { device_id: DeviceId(DeviceId(0)), position: PhysicalPosition { x: 29.0, y: 158.0 }, modifiers: (empty) } }
15:26:21 [TRACE] (1) eframe::native::run: [C:\Users\darkm\.cargo\registry\src\index.crates.io-6f17d22bba15001f\eframe-0.22.0\src\native\run.rs:221] request_redraw
15:26:21 [INFO] eframe update fn running...
15:26:21 [TRACE] (1) eframe::native::run::glow_integration: [C:\Users\darkm\.cargo\registry\src\index.crates.io-6f17d22bba15001f\eframe-0.22.0\src\native\run.rs:734] request_repaint_callback: RequestRepaintInfo { after: 0ns, current_frame_nr: 344 }
15:26:21 [TRACE] (1) eframe::native::run: [C:\Users\darkm\.cargo\registry\src\index.crates.io-6f17d22bba15001f\eframe-0.22.0\src\native\run.rs:205] Repaint caused by winit::Event: RedrawEventsCleared
15:26:21 [TRACE] (1) eframe::native::run: [C:\Users\darkm\.cargo\registry\src\index.crates.io-6f17d22bba15001f\eframe-0.22.0\src\native\run.rs:221] request_redraw
15:26:21 [TRACE] (1) eframe::native::run: [C:\Users\darkm\.cargo\registry\src\index.crates.io-6f17d22bba15001f\eframe-0.22.0\src\native\run.rs:160] Got outdated UserEvent::RequestRepaint
15:26:21 [TRACE] (1) eframe::native::run: [C:\Users\darkm\.cargo\registry\src\index.crates.io-6f17d22bba15001f\eframe-0.22.0\src\native\run.rs:205] Repaint caused by winit::Event: WindowEvent { window_id: WindowId(WindowId(266618)), event: CursorMoved { device_id: DeviceId(DeviceId(0)), position: PhysicalPosition { x: 30.0, y: 158.0 }, modifiers: (empty) } }
15:26:21 [TRACE] (1) eframe::native::run: [C:\Users\darkm\.cargo\registry\src\index.crates.io-6f17d22bba15001f\eframe-0.22.0\src\native\run.rs:221] request_redraw
15:26:21 [INFO] eframe update fn running...
15:26:21 [TRACE] (1) eframe::native::run::glow_integration: [C:\Users\darkm\.cargo\registry\src\index.crates.io-6f17d22bba15001f\eframe-0.22.0\src\native\run.rs:734] request_repaint_callback: RequestRepaintInfo { after: 0ns, current_frame_nr: 345 }
15:26:21 [TRACE] (1) eframe::native::run: [C:\Users\darkm\.cargo\registry\src\index.crates.io-6f17d22bba15001f\eframe-0.22.0\src\native\run.rs:205] Repaint caused by winit::Event: RedrawEventsCleared
15:26:21 [TRACE] (1) eframe::native::run: [C:\Users\darkm\.cargo\registry\src\index.crates.io-6f17d22bba15001f\eframe-0.22.0\src\native\run.rs:221] request_redraw
15:26:21 [TRACE] (1) eframe::native::run: [C:\Users\darkm\.cargo\registry\src\index.crates.io-6f17d22bba15001f\eframe-0.22.0\src\native\run.rs:160] Got outdated UserEvent::RequestRepaint
15:26:21 [TRACE] (1) eframe::native::run: [C:\Users\darkm\.cargo\registry\src\index.crates.io-6f17d22bba15001f\eframe-0.22.0\src\native\run.rs:205] Repaint caused by winit::Event: WindowEvent { window_id: WindowId(WindowId(266618)), event: CursorMoved { device_id: DeviceId(DeviceId(0)), position: PhysicalPosition { x: 36.0, y: 158.0 }, modifiers: (empty) } }
15:26:21 [TRACE] (1) eframe::native::run: [C:\Users\darkm\.cargo\registry\src\index.crates.io-6f17d22bba15001f\eframe-0.22.0\src\native\run.rs:221] request_redraw
15:26:21 [INFO] eframe update fn running...
15:26:21 [TRACE] (1) eframe::native::run::glow_integration: [C:\Users\darkm\.cargo\registry\src\index.crates.io-6f17d22bba15001f\eframe-0.22.0\src\native\run.rs:734] request_repaint_callback: RequestRepaintInfo { after: 0ns, current_frame_nr: 346 }
15:26:21 [TRACE] (1) eframe::native::run: [C:\Users\darkm\.cargo\registry\src\index.crates.io-6f17d22bba15001f\eframe-0.22.0\src\native\run.rs:205] Repaint caused by winit::Event: RedrawEventsCleared
15:26:21 [TRACE] (1) eframe::native::run: [C:\Users\darkm\.cargo\registry\src\index.crates.io-6f17d22bba15001f\eframe-0.22.0\src\native\run.rs:221] request_redraw
15:26:21 [TRACE] (1) eframe::native::run: [C:\Users\darkm\.cargo\registry\src\index.crates.io-6f17d22bba15001f\eframe-0.22.0\src\native\run.rs:160] Got outdated UserEvent::RequestRepaint
15:26:21 [TRACE] (1) eframe::native::run: [C:\Users\darkm\.cargo\registry\src\index.crates.io-6f17d22bba15001f\eframe-0.22.0\src\native\run.rs:205] Repaint caused by winit::Event: WindowEvent { window_id: WindowId(WindowId(266618)), event: CursorMoved { device_id: DeviceId(DeviceId(0)), position: PhysicalPosition { x: 45.0, y: 158.0 }, modifiers: (empty) } }
15:26:21 [TRACE] (1) eframe::native::run: [C:\Users\darkm\.cargo\registry\src\index.crates.io-6f17d22bba15001f\eframe-0.22.0\src\native\run.rs:221] request_redraw
15:26:21 [INFO] eframe update fn running...
15:26:21 [TRACE] (1) eframe::native::run::glow_integration: [C:\Users\darkm\.cargo\registry\src\index.crates.io-6f17d22bba15001f\eframe-0.22.0\src\native\run.rs:734] request_repaint_callback: RequestRepaintInfo { after: 0ns, current_frame_nr: 347 }
15:26:21 [TRACE] (1) eframe::native::run: [C:\Users\darkm\.cargo\registry\src\index.crates.io-6f17d22bba15001f\eframe-0.22.0\src\native\run.rs:205] Repaint caused by winit::Event: RedrawEventsCleared
15:26:21 [TRACE] (1) eframe::native::run: [C:\Users\darkm\.cargo\registry\src\index.crates.io-6f17d22bba15001f\eframe-0.22.0\src\native\run.rs:221] request_redraw
15:26:21 [TRACE] (1) eframe::native::run: [C:\Users\darkm\.cargo\registry\src\index.crates.io-6f17d22bba15001f\eframe-0.22.0\src\native\run.rs:160] Got outdated UserEvent::RequestRepaint
15:26:21 [TRACE] (1) eframe::native::run: [C:\Users\darkm\.cargo\registry\src\index.crates.io-6f17d22bba15001f\eframe-0.22.0\src\native\run.rs:205] Repaint caused by winit::Event: WindowEvent { window_id: WindowId(WindowId(266618)), event: CursorMoved { device_id: DeviceId(DeviceId(0)), position: PhysicalPosition { x: 53.0, y: 158.0 }, modifiers: (empty) } }
15:26:21 [TRACE] (1) eframe::native::run: [C:\Users\darkm\.cargo\registry\src\index.crates.io-6f17d22bba15001f\eframe-0.22.0\src\native\run.rs:221] request_redraw
15:26:21 [TRACE] (1) eframe::native::run: [C:\Users\darkm\.cargo\registry\src\index.crates.io-6f17d22bba15001f\eframe-0.22.0\src\native\run.rs:205] Repaint caused by winit::Event: WindowEvent { window_id: WindowId(WindowId(266618)), event: CursorMoved { device_id: DeviceId(DeviceId(0)), position: PhysicalPosition { x: 53.0, y: 159.0 }, modifiers: (empty) } }
15:26:21 [TRACE] (1) eframe::native::run: [C:\Users\darkm\.cargo\registry\src\index.crates.io-6f17d22bba15001f\eframe-0.22.0\src\native\run.rs:221] request_redraw
15:26:21 [INFO] eframe update fn running...
15:26:21 [TRACE] (1) eframe::native::run::glow_integration: [C:\Users\darkm\.cargo\registry\src\index.crates.io-6f17d22bba15001f\eframe-0.22.0\src\native\run.rs:734] request_repaint_callback: RequestRepaintInfo { after: 0ns, current_frame_nr: 348 }
15:26:21 [TRACE] (1) eframe::native::run: [C:\Users\darkm\.cargo\registry\src\index.crates.io-6f17d22bba15001f\eframe-0.22.0\src\native\run.rs:205] Repaint caused by winit::Event: RedrawEventsCleared
15:26:21 [TRACE] (1) eframe::native::run: [C:\Users\darkm\.cargo\registry\src\index.crates.io-6f17d22bba15001f\eframe-0.22.0\src\native\run.rs:221] request_redraw
15:26:21 [TRACE] (1) eframe::native::run: [C:\Users\darkm\.cargo\registry\src\index.crates.io-6f17d22bba15001f\eframe-0.22.0\src\native\run.rs:160] Got outdated UserEvent::RequestRepaint
15:26:21 [TRACE] (1) eframe::native::run: [C:\Users\darkm\.cargo\registry\src\index.crates.io-6f17d22bba15001f\eframe-0.22.0\src\native\run.rs:205] Repaint caused by winit::Event: WindowEvent { window_id: WindowId(WindowId(266618)), event: CursorMoved { device_id: DeviceId(DeviceId(0)), position: PhysicalPosition { x: 59.0, y: 159.0 }, modifiers: (empty) } }
15:26:21 [TRACE] (1) eframe::native::run: [C:\Users\darkm\.cargo\registry\src\index.crates.io-6f17d22bba15001f\eframe-0.22.0\src\native\run.rs:221] request_redraw
15:26:21 [INFO] eframe update fn running...
15:26:21 [TRACE] (1) eframe::native::run::glow_integration: [C:\Users\darkm\.cargo\registry\src\index.crates.io-6f17d22bba15001f\eframe-0.22.0\src\native\run.rs:734] request_repaint_callback: RequestRepaintInfo { after: 0ns, current_frame_nr: 349 }
15:26:21 [TRACE] (1) eframe::native::run: [C:\Users\darkm\.cargo\registry\src\index.crates.io-6f17d22bba15001f\eframe-0.22.0\src\native\run.rs:205] Repaint caused by winit::Event: RedrawEventsCleared
15:26:21 [TRACE] (1) eframe::native::run: [C:\Users\darkm\.cargo\registry\src\index.crates.io-6f17d22bba15001f\eframe-0.22.0\src\native\run.rs:221] request_redraw
15:26:21 [TRACE] (1) eframe::native::run: [C:\Users\darkm\.cargo\registry\src\index.crates.io-6f17d22bba15001f\eframe-0.22.0\src\native\run.rs:160] Got outdated UserEvent::RequestRepaint
15:26:21 [TRACE] (1) eframe::native::run: [C:\Users\darkm\.cargo\registry\src\index.crates.io-6f17d22bba15001f\eframe-0.22.0\src\native\run.rs:205] Repaint caused by winit::Event: WindowEvent { window_id: WindowId(WindowId(266618)), event: CursorMoved { device_id: DeviceId(DeviceId(0)), position: PhysicalPosition { x: 65.0, y: 161.0 }, modifiers: (empty) } }
15:26:21 [TRACE] (1) eframe::native::run: [C:\Users\darkm\.cargo\registry\src\index.crates.io-6f17d22bba15001f\eframe-0.22.0\src\native\run.rs:221] request_redraw
15:26:21 [INFO] eframe update fn running...
15:26:21 [TRACE] (1) eframe::native::run::glow_integration: [C:\Users\darkm\.cargo\registry\src\index.crates.io-6f17d22bba15001f\eframe-0.22.0\src\native\run.rs:734] request_repaint_callback: RequestRepaintInfo { after: 0ns, current_frame_nr: 350 }
15:26:21 [TRACE] (1) eframe::native::run: [C:\Users\darkm\.cargo\registry\src\index.crates.io-6f17d22bba15001f\eframe-0.22.0\src\native\run.rs:205] Repaint caused by winit::Event: RedrawEventsCleared
15:26:21 [TRACE] (1) eframe::native::run: [C:\Users\darkm\.cargo\registry\src\index.crates.io-6f17d22bba15001f\eframe-0.22.0\src\native\run.rs:221] request_redraw
15:26:21 [TRACE] (1) eframe::native::run: [C:\Users\darkm\.cargo\registry\src\index.crates.io-6f17d22bba15001f\eframe-0.22.0\src\native\run.rs:160] Got outdated UserEvent::RequestRepaint
15:26:21 [TRACE] (1) eframe::native::run: [C:\Users\darkm\.cargo\registry\src\index.crates.io-6f17d22bba15001f\eframe-0.22.0\src\native\run.rs:205] Repaint caused by winit::Event: WindowEvent { window_id: WindowId(WindowId(266618)), event: CursorMoved { device_id: DeviceId(DeviceId(0)), position: PhysicalPosition { x: 71.0, y: 164.0 }, modifiers: (empty) } }
15:26:21 [TRACE] (1) eframe::native::run: [C:\Users\darkm\.cargo\registry\src\index.crates.io-6f17d22bba15001f\eframe-0.22.0\src\native\run.rs:221] request_redraw
15:26:21 [TRACE] (1) eframe::native::run: [C:\Users\darkm\.cargo\registry\src\index.crates.io-6f17d22bba15001f\eframe-0.22.0\src\native\run.rs:205] Repaint caused by winit::Event: WindowEvent { window_id: WindowId(WindowId(266618)), event: CursorMoved { device_id: DeviceId(DeviceId(0)), position: PhysicalPosition { x: 72.0, y: 164.0 }, modifiers: (empty) } }
15:26:21 [TRACE] (1) eframe::native::run: [C:\Users\darkm\.cargo\registry\src\index.crates.io-6f17d22bba15001f\eframe-0.22.0\src\native\run.rs:221] request_redraw
15:26:21 [TRACE] (1) eframe::native::run: [C:\Users\darkm\.cargo\registry\src\index.crates.io-6f17d22bba15001f\eframe-0.22.0\src\native\run.rs:205] Repaint caused by winit::Event: WindowEvent { window_id: WindowId(WindowId(266618)), event: CursorMoved { device_id: DeviceId(DeviceId(0)), position: PhysicalPosition { x: 73.0, y: 164.0 }, modifiers: (empty) } }
15:26:21 [TRACE] (1) eframe::native::run: [C:\Users\darkm\.cargo\registry\src\index.crates.io-6f17d22bba15001f\eframe-0.22.0\src\native\run.rs:221] request_redraw
15:26:21 [INFO] eframe update fn running...
15:26:21 [TRACE] (1) eframe::native::run::glow_integration: [C:\Users\darkm\.cargo\registry\src\index.crates.io-6f17d22bba15001f\eframe-0.22.0\src\native\run.rs:734] request_repaint_callback: RequestRepaintInfo { after: 0ns, current_frame_nr: 351 }
15:26:21 [TRACE] (1) eframe::native::run: [C:\Users\darkm\.cargo\registry\src\index.crates.io-6f17d22bba15001f\eframe-0.22.0\src\native\run.rs:205] Repaint caused by winit::Event: RedrawEventsCleared
15:26:21 [TRACE] (1) eframe::native::run: [C:\Users\darkm\.cargo\registry\src\index.crates.io-6f17d22bba15001f\eframe-0.22.0\src\native\run.rs:221] request_redraw
15:26:21 [TRACE] (1) eframe::native::run: [C:\Users\darkm\.cargo\registry\src\index.crates.io-6f17d22bba15001f\eframe-0.22.0\src\native\run.rs:160] Got outdated UserEvent::RequestRepaint
15:26:21 [TRACE] (1) eframe::native::run: [C:\Users\darkm\.cargo\registry\src\index.crates.io-6f17d22bba15001f\eframe-0.22.0\src\native\run.rs:205] Repaint caused by winit::Event: WindowEvent { window_id: WindowId(WindowId(266618)), event: CursorMoved { device_id: DeviceId(DeviceId(0)), position: PhysicalPosition { x: 79.0, y: 169.0 }, modifiers: (empty) } }
15:26:21 [TRACE] (1) eframe::native::run: [C:\Users\darkm\.cargo\registry\src\index.crates.io-6f17d22bba15001f\eframe-0.22.0\src\native\run.rs:221] request_redraw
15:26:21 [TRACE] (1) eframe::native::run: [C:\Users\darkm\.cargo\registry\src\index.crates.io-6f17d22bba15001f\eframe-0.22.0\src\native\run.rs:205] Repaint caused by winit::Event: WindowEvent { window_id: WindowId(WindowId(266618)), event: CursorMoved { device_id: DeviceId(DeviceId(0)), position: PhysicalPosition { x: 80.0, y: 169.0 }, modifiers: (empty) } }
15:26:21 [TRACE] (1) eframe::native::run: [C:\Users\darkm\.cargo\registry\src\index.crates.io-6f17d22bba15001f\eframe-0.22.0\src\native\run.rs:221] request_redraw
15:26:21 [INFO] eframe update fn running...
15:26:21 [TRACE] (1) eframe::native::run::glow_integration: [C:\Users\darkm\.cargo\registry\src\index.crates.io-6f17d22bba15001f\eframe-0.22.0\src\native\run.rs:734] request_repaint_callback: RequestRepaintInfo { after: 0ns, current_frame_nr: 352 }
15:26:21 [TRACE] (1) eframe::native::run: [C:\Users\darkm\.cargo\registry\src\index.crates.io-6f17d22bba15001f\eframe-0.22.0\src\native\run.rs:205] Repaint caused by winit::Event: RedrawEventsCleared
15:26:21 [TRACE] (1) eframe::native::run: [C:\Users\darkm\.cargo\registry\src\index.crates.io-6f17d22bba15001f\eframe-0.22.0\src\native\run.rs:221] request_redraw
15:26:21 [TRACE] (1) eframe::native::run: [C:\Users\darkm\.cargo\registry\src\index.crates.io-6f17d22bba15001f\eframe-0.22.0\src\native\run.rs:160] Got outdated UserEvent::RequestRepaint
15:26:21 [TRACE] (1) eframe::native::run: [C:\Users\darkm\.cargo\registry\src\index.crates.io-6f17d22bba15001f\eframe-0.22.0\src\native\run.rs:205] Repaint caused by winit::Event: WindowEvent { window_id: WindowId(WindowId(266618)), event: CursorMoved { device_id: DeviceId(DeviceId(0)), position: PhysicalPosition { x: 86.0, y: 173.0 }, modifiers: (empty) } }
15:26:21 [TRACE] (1) eframe::native::run: [C:\Users\darkm\.cargo\registry\src\index.crates.io-6f17d22bba15001f\eframe-0.22.0\src\native\run.rs:221] request_redraw
15:26:21 [INFO] eframe update fn running...
15:26:21 [TRACE] (1) eframe::native::run::glow_integration: [C:\Users\darkm\.cargo\registry\src\index.crates.io-6f17d22bba15001f\eframe-0.22.0\src\native\run.rs:734] request_repaint_callback: RequestRepaintInfo { after: 0ns, current_frame_nr: 353 }
15:26:21 [TRACE] (1) eframe::native::run: [C:\Users\darkm\.cargo\registry\src\index.crates.io-6f17d22bba15001f\eframe-0.22.0\src\native\run.rs:205] Repaint caused by winit::Event: RedrawEventsCleared
15:26:21 [TRACE] (1) eframe::native::run: [C:\Users\darkm\.cargo\registry\src\index.crates.io-6f17d22bba15001f\eframe-0.22.0\src\native\run.rs:221] request_redraw
15:26:21 [TRACE] (1) eframe::native::run: [C:\Users\darkm\.cargo\registry\src\index.crates.io-6f17d22bba15001f\eframe-0.22.0\src\native\run.rs:160] Got outdated UserEvent::RequestRepaint
15:26:21 [TRACE] (1) eframe::native::run: [C:\Users\darkm\.cargo\registry\src\index.crates.io-6f17d22bba15001f\eframe-0.22.0\src\native\run.rs:205] Repaint caused by winit::Event: WindowEvent { window_id: WindowId(WindowId(266618)), event: CursorMoved { device_id: DeviceId(DeviceId(0)), position: PhysicalPosition { x: 90.0, y: 176.0 }, modifiers: (empty) } }
15:26:21 [TRACE] (1) eframe::native::run: [C:\Users\darkm\.cargo\registry\src\index.crates.io-6f17d22bba15001f\eframe-0.22.0\src\native\run.rs:221] request_redraw
15:26:21 [INFO] eframe update fn running...
15:26:21 [TRACE] (1) eframe::native::run::glow_integration: [C:\Users\darkm\.cargo\registry\src\index.crates.io-6f17d22bba15001f\eframe-0.22.0\src\native\run.rs:734] request_repaint_callback: RequestRepaintInfo { after: 0ns, current_frame_nr: 354 }
15:26:21 [TRACE] (1) eframe::native::run: [C:\Users\darkm\.cargo\registry\src\index.crates.io-6f17d22bba15001f\eframe-0.22.0\src\native\run.rs:205] Repaint caused by winit::Event: RedrawEventsCleared
15:26:21 [TRACE] (1) eframe::native::run: [C:\Users\darkm\.cargo\registry\src\index.crates.io-6f17d22bba15001f\eframe-0.22.0\src\native\run.rs:221] request_redraw
15:26:21 [TRACE] (1) eframe::native::run: [C:\Users\darkm\.cargo\registry\src\index.crates.io-6f17d22bba15001f\eframe-0.22.0\src\native\run.rs:160] Got outdated UserEvent::RequestRepaint
15:26:21 [TRACE] (1) eframe::native::run: [C:\Users\darkm\.cargo\registry\src\index.crates.io-6f17d22bba15001f\eframe-0.22.0\src\native\run.rs:205] Repaint caused by winit::Event: WindowEvent { window_id: WindowId(WindowId(266618)), event: CursorMoved { device_id: DeviceId(DeviceId(0)), position: PhysicalPosition { x: 91.0, y: 177.0 }, modifiers: (empty) } }
15:26:21 [TRACE] (1) eframe::native::run: [C:\Users\darkm\.cargo\registry\src\index.crates.io-6f17d22bba15001f\eframe-0.22.0\src\native\run.rs:221] request_redraw
15:26:21 [INFO] eframe update fn running...
15:26:21 [TRACE] (1) eframe::native::run::glow_integration: [C:\Users\darkm\.cargo\registry\src\index.crates.io-6f17d22bba15001f\eframe-0.22.0\src\native\run.rs:734] request_repaint_callback: RequestRepaintInfo { after: 0ns, current_frame_nr: 355 }
15:26:21 [TRACE] (1) eframe::native::run: [C:\Users\darkm\.cargo\registry\src\index.crates.io-6f17d22bba15001f\eframe-0.22.0\src\native\run.rs:205] Repaint caused by winit::Event: RedrawEventsCleared
15:26:21 [TRACE] (1) eframe::native::run: [C:\Users\darkm\.cargo\registry\src\index.crates.io-6f17d22bba15001f\eframe-0.22.0\src\native\run.rs:221] request_redraw
15:26:21 [TRACE] (1) eframe::native::run: [C:\Users\darkm\.cargo\registry\src\index.crates.io-6f17d22bba15001f\eframe-0.22.0\src\native\run.rs:160] Got outdated UserEvent::RequestRepaint
15:26:21 [INFO] eframe update fn running...
15:26:21 [TRACE] (1) eframe::native::run: [C:\Users\darkm\.cargo\registry\src\index.crates.io-6f17d22bba15001f\eframe-0.22.0\src\native\run.rs:205] Repaint caused by winit::Event: RedrawEventsCleared
15:26:21 [TRACE] (1) eframe::native::run: [C:\Users\darkm\.cargo\registry\src\index.crates.io-6f17d22bba15001f\eframe-0.22.0\src\native\run.rs:221] request_redraw
15:26:21 [INFO] eframe update fn running...
15:26:21 [TRACE] (1) eframe::native::run: [C:\Users\darkm\.cargo\registry\src\index.crates.io-6f17d22bba15001f\eframe-0.22.0\src\native\run.rs:205] Repaint caused by winit::Event: WindowEvent { window_id: WindowId(WindowId(266618)), event: CursorMoved { device_id: DeviceId(DeviceId(0)), position: PhysicalPosition { x: 92.0, y: 177.0 }, modifiers: (empty) } }
15:26:21 [TRACE] (1) eframe::native::run: [C:\Users\darkm\.cargo\registry\src\index.crates.io-6f17d22bba15001f\eframe-0.22.0\src\native\run.rs:221] request_redraw
15:26:21 [INFO] eframe update fn running...
15:26:21 [TRACE] (1) eframe::native::run::glow_integration: [C:\Users\darkm\.cargo\registry\src\index.crates.io-6f17d22bba15001f\eframe-0.22.0\src\native\run.rs:734] request_repaint_callback: RequestRepaintInfo { after: 0ns, current_frame_nr: 358 }
15:26:21 [TRACE] (1) eframe::native::run: [C:\Users\darkm\.cargo\registry\src\index.crates.io-6f17d22bba15001f\eframe-0.22.0\src\native\run.rs:205] Repaint caused by winit::Event: RedrawEventsCleared
15:26:21 [TRACE] (1) eframe::native::run: [C:\Users\darkm\.cargo\registry\src\index.crates.io-6f17d22bba15001f\eframe-0.22.0\src\native\run.rs:221] request_redraw
15:26:21 [TRACE] (1) eframe::native::run: [C:\Users\darkm\.cargo\registry\src\index.crates.io-6f17d22bba15001f\eframe-0.22.0\src\native\run.rs:160] Got outdated UserEvent::RequestRepaint
15:26:21 [TRACE] (1) eframe::native::run: [C:\Users\darkm\.cargo\registry\src\index.crates.io-6f17d22bba15001f\eframe-0.22.0\src\native\run.rs:205] Repaint caused by winit::Event: WindowEvent { window_id: WindowId(WindowId(266618)), event: CursorMoved { device_id: DeviceId(DeviceId(0)), position: PhysicalPosition { x: 94.0, y: 178.0 }, modifiers: (empty) } }
15:26:21 [TRACE] (1) eframe::native::run: [C:\Users\darkm\.cargo\registry\src\index.crates.io-6f17d22bba15001f\eframe-0.22.0\src\native\run.rs:221] request_redraw
15:26:21 [INFO] eframe update fn running...
15:26:21 [TRACE] (1) eframe::native::run::glow_integration: [C:\Users\darkm\.cargo\registry\src\index.crates.io-6f17d22bba15001f\eframe-0.22.0\src\native\run.rs:734] request_repaint_callback: RequestRepaintInfo { after: 0ns, current_frame_nr: 359 }
15:26:21 [TRACE] (1) eframe::native::run: [C:\Users\darkm\.cargo\registry\src\index.crates.io-6f17d22bba15001f\eframe-0.22.0\src\native\run.rs:205] Repaint caused by winit::Event: RedrawEventsCleared
15:26:21 [TRACE] (1) eframe::native::run: [C:\Users\darkm\.cargo\registry\src\index.crates.io-6f17d22bba15001f\eframe-0.22.0\src\native\run.rs:221] request_redraw
15:26:21 [TRACE] (1) eframe::native::run: [C:\Users\darkm\.cargo\registry\src\index.crates.io-6f17d22bba15001f\eframe-0.22.0\src\native\run.rs:160] Got outdated UserEvent::RequestRepaint
15:26:21 [TRACE] (1) eframe::native::run: [C:\Users\darkm\.cargo\registry\src\index.crates.io-6f17d22bba15001f\eframe-0.22.0\src\native\run.rs:205] Repaint caused by winit::Event: WindowEvent { window_id: WindowId(WindowId(266618)), event: CursorMoved { device_id: DeviceId(DeviceId(0)), position: PhysicalPosition { x: 96.0, y: 181.0 }, modifiers: (empty) } }
15:26:21 [TRACE] (1) eframe::native::run: [C:\Users\darkm\.cargo\registry\src\index.crates.io-6f17d22bba15001f\eframe-0.22.0\src\native\run.rs:221] request_redraw
15:26:21 [INFO] eframe update fn running...
15:26:21 [TRACE] (1) eframe::native::run::glow_integration: [C:\Users\darkm\.cargo\registry\src\index.crates.io-6f17d22bba15001f\eframe-0.22.0\src\native\run.rs:734] request_repaint_callback: RequestRepaintInfo { after: 0ns, current_frame_nr: 360 }
15:26:21 [TRACE] (1) eframe::native::run: [C:\Users\darkm\.cargo\registry\src\index.crates.io-6f17d22bba15001f\eframe-0.22.0\src\native\run.rs:205] Repaint caused by winit::Event: RedrawEventsCleared
15:26:21 [TRACE] (1) eframe::native::run: [C:\Users\darkm\.cargo\registry\src\index.crates.io-6f17d22bba15001f\eframe-0.22.0\src\native\run.rs:221] request_redraw
15:26:21 [TRACE] (1) eframe::native::run: [C:\Users\darkm\.cargo\registry\src\index.crates.io-6f17d22bba15001f\eframe-0.22.0\src\native\run.rs:160] Got outdated UserEvent::RequestRepaint
15:26:21 [TRACE] (1) eframe::native::run: [C:\Users\darkm\.cargo\registry\src\index.crates.io-6f17d22bba15001f\eframe-0.22.0\src\native\run.rs:205] Repaint caused by winit::Event: WindowEvent { window_id: WindowId(WindowId(266618)), event: CursorMoved { device_id: DeviceId(DeviceId(0)), position: PhysicalPosition { x: 101.0, y: 186.0 }, modifiers: (empty) } }
15:26:21 [TRACE] (1) eframe::native::run: [C:\Users\darkm\.cargo\registry\src\index.crates.io-6f17d22bba15001f\eframe-0.22.0\src\native\run.rs:221] request_redraw
15:26:21 [INFO] eframe update fn running...
15:26:21 [TRACE] (1) eframe::native::run::glow_integration: [C:\Users\darkm\.cargo\registry\src\index.crates.io-6f17d22bba15001f\eframe-0.22.0\src\native\run.rs:734] request_repaint_callback: RequestRepaintInfo { after: 0ns, current_frame_nr: 361 }
15:26:21 [TRACE] (1) eframe::native::run: [C:\Users\darkm\.cargo\registry\src\index.crates.io-6f17d22bba15001f\eframe-0.22.0\src\native\run.rs:205] Repaint caused by winit::Event: RedrawEventsCleared
15:26:21 [TRACE] (1) eframe::native::run: [C:\Users\darkm\.cargo\registry\src\index.crates.io-6f17d22bba15001f\eframe-0.22.0\src\native\run.rs:221] request_redraw
15:26:21 [TRACE] (1) eframe::native::run: [C:\Users\darkm\.cargo\registry\src\index.crates.io-6f17d22bba15001f\eframe-0.22.0\src\native\run.rs:160] Got outdated UserEvent::RequestRepaint
15:26:21 [TRACE] (1) eframe::native::run: [C:\Users\darkm\.cargo\registry\src\index.crates.io-6f17d22bba15001f\eframe-0.22.0\src\native\run.rs:205] Repaint caused by winit::Event: WindowEvent { window_id: WindowId(WindowId(266618)), event: CursorMoved { device_id: DeviceId(DeviceId(0)), position: PhysicalPosition { x: 109.0, y: 194.0 }, modifiers: (empty) } }
15:26:21 [TRACE] (1) eframe::native::run: [C:\Users\darkm\.cargo\registry\src\index.crates.io-6f17d22bba15001f\eframe-0.22.0\src\native\run.rs:221] request_redraw
15:26:21 [INFO] eframe update fn running...
15:26:21 [TRACE] (1) eframe::native::run::glow_integration: [C:\Users\darkm\.cargo\registry\src\index.crates.io-6f17d22bba15001f\eframe-0.22.0\src\native\run.rs:734] request_repaint_callback: RequestRepaintInfo { after: 0ns, current_frame_nr: 362 }
15:26:21 [TRACE] (1) eframe::native::run: [C:\Users\darkm\.cargo\registry\src\index.crates.io-6f17d22bba15001f\eframe-0.22.0\src\native\run.rs:205] Repaint caused by winit::Event: RedrawEventsCleared
15:26:21 [TRACE] (1) eframe::native::run: [C:\Users\darkm\.cargo\registry\src\index.crates.io-6f17d22bba15001f\eframe-0.22.0\src\native\run.rs:221] request_redraw
15:26:21 [TRACE] (1) eframe::native::run: [C:\Users\darkm\.cargo\registry\src\index.crates.io-6f17d22bba15001f\eframe-0.22.0\src\native\run.rs:160] Got outdated UserEvent::RequestRepaint
15:26:21 [TRACE] (1) eframe::native::run: [C:\Users\darkm\.cargo\registry\src\index.crates.io-6f17d22bba15001f\eframe-0.22.0\src\native\run.rs:205] Repaint caused by winit::Event: WindowEvent { window_id: WindowId(WindowId(266618)), event: CursorMoved { device_id: DeviceId(DeviceId(0)), position: PhysicalPosition { x: 118.0, y: 202.0 }, modifiers: (empty) } }
15:26:21 [TRACE] (1) eframe::native::run: [C:\Users\darkm\.cargo\registry\src\index.crates.io-6f17d22bba15001f\eframe-0.22.0\src\native\run.rs:221] request_redraw
15:26:21 [TRACE] (1) eframe::native::run: [C:\Users\darkm\.cargo\registry\src\index.crates.io-6f17d22bba15001f\eframe-0.22.0\src\native\run.rs:205] Repaint caused by winit::Event: WindowEvent { window_id: WindowId(WindowId(266618)), event: CursorMoved { device_id: DeviceId(DeviceId(0)), position: PhysicalPosition { x: 119.0, y: 202.0 }, modifiers: (empty) } }
15:26:21 [TRACE] (1) eframe::native::run: [C:\Users\darkm\.cargo\registry\src\index.crates.io-6f17d22bba15001f\eframe-0.22.0\src\native\run.rs:221] request_redraw
15:26:21 [INFO] eframe update fn running...
15:26:21 [TRACE] (1) eframe::native::run::glow_integration: [C:\Users\darkm\.cargo\registry\src\index.crates.io-6f17d22bba15001f\eframe-0.22.0\src\native\run.rs:734] request_repaint_callback: RequestRepaintInfo { after: 0ns, current_frame_nr: 363 }
15:26:21 [TRACE] (1) eframe::native::run: [C:\Users\darkm\.cargo\registry\src\index.crates.io-6f17d22bba15001f\eframe-0.22.0\src\native\run.rs:205] Repaint caused by winit::Event: RedrawEventsCleared
15:26:21 [TRACE] (1) eframe::native::run: [C:\Users\darkm\.cargo\registry\src\index.crates.io-6f17d22bba15001f\eframe-0.22.0\src\native\run.rs:221] request_redraw
15:26:21 [TRACE] (1) eframe::native::run: [C:\Users\darkm\.cargo\registry\src\index.crates.io-6f17d22bba15001f\eframe-0.22.0\src\native\run.rs:160] Got outdated UserEvent::RequestRepaint
15:26:21 [TRACE] (1) eframe::native::run: [C:\Users\darkm\.cargo\registry\src\index.crates.io-6f17d22bba15001f\eframe-0.22.0\src\native\run.rs:205] Repaint caused by winit::Event: WindowEvent { window_id: WindowId(WindowId(266618)), event: CursorMoved { device_id: DeviceId(DeviceId(0)), position: PhysicalPosition { x: 132.0, y: 210.0 }, modifiers: (empty) } }
15:26:21 [TRACE] (1) eframe::native::run: [C:\Users\darkm\.cargo\registry\src\index.crates.io-6f17d22bba15001f\eframe-0.22.0\src\native\run.rs:221] request_redraw
15:26:21 [TRACE] (1) eframe::native::run: [C:\Users\darkm\.cargo\registry\src\index.crates.io-6f17d22bba15001f\eframe-0.22.0\src\native\run.rs:205] Repaint caused by winit::Event: WindowEvent { window_id: WindowId(WindowId(266618)), event: CursorMoved { device_id: DeviceId(DeviceId(0)), position: PhysicalPosition { x: 133.0, y: 210.0 }, modifiers: (empty) } }
15:26:21 [TRACE] (1) eframe::native::run: [C:\Users\darkm\.cargo\registry\src\index.crates.io-6f17d22bba15001f\eframe-0.22.0\src\native\run.rs:221] request_redraw
15:26:21 [INFO] eframe update fn running...
15:26:21 [TRACE] (1) eframe::native::run::glow_integration: [C:\Users\darkm\.cargo\registry\src\index.crates.io-6f17d22bba15001f\eframe-0.22.0\src\native\run.rs:734] request_repaint_callback: RequestRepaintInfo { after: 0ns, current_frame_nr: 364 }
15:26:21 [TRACE] (1) eframe::native::run: [C:\Users\darkm\.cargo\registry\src\index.crates.io-6f17d22bba15001f\eframe-0.22.0\src\native\run.rs:205] Repaint caused by winit::Event: RedrawEventsCleared
15:26:21 [TRACE] (1) eframe::native::run: [C:\Users\darkm\.cargo\registry\src\index.crates.io-6f17d22bba15001f\eframe-0.22.0\src\native\run.rs:221] request_redraw
15:26:21 [TRACE] (1) eframe::native::run: [C:\Users\darkm\.cargo\registry\src\index.crates.io-6f17d22bba15001f\eframe-0.22.0\src\native\run.rs:160] Got outdated UserEvent::RequestRepaint
15:26:21 [TRACE] (1) eframe::native::run: [C:\Users\darkm\.cargo\registry\src\index.crates.io-6f17d22bba15001f\eframe-0.22.0\src\native\run.rs:205] Repaint caused by winit::Event: WindowEvent { window_id: WindowId(WindowId(266618)), event: CursorMoved { device_id: DeviceId(DeviceId(0)), position: PhysicalPosition { x: 149.0, y: 216.0 }, modifiers: (empty) } }
15:26:21 [TRACE] (1) eframe::native::run: [C:\Users\darkm\.cargo\registry\src\index.crates.io-6f17d22bba15001f\eframe-0.22.0\src\native\run.rs:221] request_redraw
15:26:21 [INFO] eframe update fn running...
15:26:21 [TRACE] (1) eframe::native::run::glow_integration: [C:\Users\darkm\.cargo\registry\src\index.crates.io-6f17d22bba15001f\eframe-0.22.0\src\native\run.rs:734] request_repaint_callback: RequestRepaintInfo { after: 0ns, current_frame_nr: 365 }
15:26:21 [TRACE] (1) eframe::native::run: [C:\Users\darkm\.cargo\registry\src\index.crates.io-6f17d22bba15001f\eframe-0.22.0\src\native\run.rs:205] Repaint caused by winit::Event: RedrawEventsCleared
15:26:21 [TRACE] (1) eframe::native::run: [C:\Users\darkm\.cargo\registry\src\index.crates.io-6f17d22bba15001f\eframe-0.22.0\src\native\run.rs:221] request_redraw
15:26:21 [TRACE] (1) eframe::native::run: [C:\Users\darkm\.cargo\registry\src\index.crates.io-6f17d22bba15001f\eframe-0.22.0\src\native\run.rs:160] Got outdated UserEvent::RequestRepaint
15:26:21 [TRACE] (1) eframe::native::run: [C:\Users\darkm\.cargo\registry\src\index.crates.io-6f17d22bba15001f\eframe-0.22.0\src\native\run.rs:205] Repaint caused by winit::Event: WindowEvent { window_id: WindowId(WindowId(266618)), event: CursorMoved { device_id: DeviceId(DeviceId(0)), position: PhysicalPosition { x: 162.0, y: 220.0 }, modifiers: (empty) } }
15:26:21 [TRACE] (1) eframe::native::run: [C:\Users\darkm\.cargo\registry\src\index.crates.io-6f17d22bba15001f\eframe-0.22.0\src\native\run.rs:221] request_redraw
15:26:21 [TRACE] (1) eframe::native::run: [C:\Users\darkm\.cargo\registry\src\index.crates.io-6f17d22bba15001f\eframe-0.22.0\src\native\run.rs:205] Repaint caused by winit::Event: WindowEvent { window_id: WindowId(WindowId(266618)), event: CursorMoved { device_id: DeviceId(DeviceId(0)), position: PhysicalPosition { x: 163.0, y: 220.0 }, modifiers: (empty) } }
15:26:21 [TRACE] (1) eframe::native::run: [C:\Users\darkm\.cargo\registry\src\index.crates.io-6f17d22bba15001f\eframe-0.22.0\src\native\run.rs:221] request_redraw
15:26:21 [TRACE] (1) eframe::native::run: [C:\Users\darkm\.cargo\registry\src\index.crates.io-6f17d22bba15001f\eframe-0.22.0\src\native\run.rs:205] Repaint caused by winit::Event: WindowEvent { window_id: WindowId(WindowId(266618)), event: CursorMoved { device_id: DeviceId(DeviceId(0)), position: PhysicalPosition { x: 164.0, y: 220.0 }, modifiers: (empty) } }
15:26:21 [TRACE] (1) eframe::native::run: [C:\Users\darkm\.cargo\registry\src\index.crates.io-6f17d22bba15001f\eframe-0.22.0\src\native\run.rs:221] request_redraw
15:26:21 [TRACE] (1) eframe::native::run: [C:\Users\darkm\.cargo\registry\src\index.crates.io-6f17d22bba15001f\eframe-0.22.0\src\native\run.rs:205] Repaint caused by winit::Event: WindowEvent { window_id: WindowId(WindowId(266618)), event: CursorMoved { device_id: DeviceId(DeviceId(0)), position: PhysicalPosition { x: 165.0, y: 220.0 }, modifiers: (empty) } }
15:26:21 [TRACE] (1) eframe::native::run: [C:\Users\darkm\.cargo\registry\src\index.crates.io-6f17d22bba15001f\eframe-0.22.0\src\native\run.rs:221] request_redraw
15:26:21 [INFO] eframe update fn running...
15:26:21 [TRACE] (1) eframe::native::run::glow_integration: [C:\Users\darkm\.cargo\registry\src\index.crates.io-6f17d22bba15001f\eframe-0.22.0\src\native\run.rs:734] request_repaint_callback: RequestRepaintInfo { after: 0ns, current_frame_nr: 366 }
15:26:21 [TRACE] (1) eframe::native::run: [C:\Users\darkm\.cargo\registry\src\index.crates.io-6f17d22bba15001f\eframe-0.22.0\src\native\run.rs:205] Repaint caused by winit::Event: RedrawEventsCleared
15:26:21 [TRACE] (1) eframe::native::run: [C:\Users\darkm\.cargo\registry\src\index.crates.io-6f17d22bba15001f\eframe-0.22.0\src\native\run.rs:221] request_redraw
15:26:21 [TRACE] (1) eframe::native::run: [C:\Users\darkm\.cargo\registry\src\index.crates.io-6f17d22bba15001f\eframe-0.22.0\src\native\run.rs:160] Got outdated UserEvent::RequestRepaint
15:26:21 [TRACE] (1) eframe::native::run: [C:\Users\darkm\.cargo\registry\src\index.crates.io-6f17d22bba15001f\eframe-0.22.0\src\native\run.rs:205] Repaint caused by winit::Event: WindowEvent { window_id: WindowId(WindowId(266618)), event: CursorMoved { device_id: DeviceId(DeviceId(0)), position: PhysicalPosition { x: 178.0, y: 225.0 }, modifiers: (empty) } }
15:26:21 [TRACE] (1) eframe::native::run: [C:\Users\darkm\.cargo\registry\src\index.crates.io-6f17d22bba15001f\eframe-0.22.0\src\native\run.rs:221] request_redraw
15:26:21 [TRACE] (1) eframe::native::run: [C:\Users\darkm\.cargo\registry\src\index.crates.io-6f17d22bba15001f\eframe-0.22.0\src\native\run.rs:205] Repaint caused by winit::Event: WindowEvent { window_id: WindowId(WindowId(266618)), event: CursorMoved { device_id: DeviceId(DeviceId(0)), position: PhysicalPosition { x: 180.0, y: 225.0 }, modifiers: (empty) } }
15:26:21 [TRACE] (1) eframe::native::run: [C:\Users\darkm\.cargo\registry\src\index.crates.io-6f17d22bba15001f\eframe-0.22.0\src\native\run.rs:221] request_redraw
15:26:21 [INFO] eframe update fn running...
15:26:21 [TRACE] (1) eframe::native::run::glow_integration: [C:\Users\darkm\.cargo\registry\src\index.crates.io-6f17d22bba15001f\eframe-0.22.0\src\native\run.rs:734] request_repaint_callback: RequestRepaintInfo { after: 0ns, current_frame_nr: 367 }
15:26:21 [TRACE] (1) eframe::native::run: [C:\Users\darkm\.cargo\registry\src\index.crates.io-6f17d22bba15001f\eframe-0.22.0\src\native\run.rs:205] Repaint caused by winit::Event: RedrawEventsCleared
15:26:21 [TRACE] (1) eframe::native::run: [C:\Users\darkm\.cargo\registry\src\index.crates.io-6f17d22bba15001f\eframe-0.22.0\src\native\run.rs:221] request_redraw
15:26:21 [TRACE] (1) eframe::native::run: [C:\Users\darkm\.cargo\registry\src\index.crates.io-6f17d22bba15001f\eframe-0.22.0\src\native\run.rs:160] Got outdated UserEvent::RequestRepaint
15:26:21 [TRACE] (1) eframe::native::run: [C:\Users\darkm\.cargo\registry\src\index.crates.io-6f17d22bba15001f\eframe-0.22.0\src\native\run.rs:205] Repaint caused by winit::Event: WindowEvent { window_id: WindowId(WindowId(266618)), event: CursorMoved { device_id: DeviceId(DeviceId(0)), position: PhysicalPosition { x: 204.0, y: 231.0 }, modifiers: (empty) } }
15:26:21 [TRACE] (1) eframe::native::run: [C:\Users\darkm\.cargo\registry\src\index.crates.io-6f17d22bba15001f\eframe-0.22.0\src\native\run.rs:221] request_redraw
15:26:21 [TRACE] (1) eframe::native::run: [C:\Users\darkm\.cargo\registry\src\index.crates.io-6f17d22bba15001f\eframe-0.22.0\src\native\run.rs:205] Repaint caused by winit::Event: WindowEvent { window_id: WindowId(WindowId(266618)), event: CursorMoved { device_id: DeviceId(DeviceId(0)), position: PhysicalPosition { x: 210.0, y: 233.0 }, modifiers: (empty) } }
15:26:21 [TRACE] (1) eframe::native::run: [C:\Users\darkm\.cargo\registry\src\index.crates.io-6f17d22bba15001f\eframe-0.22.0\src\native\run.rs:221] request_redraw
15:26:21 [TRACE] (1) eframe::native::run: [C:\Users\darkm\.cargo\registry\src\index.crates.io-6f17d22bba15001f\eframe-0.22.0\src\native\run.rs:205] Repaint caused by winit::Event: WindowEvent { window_id: WindowId(WindowId(266618)), event: CursorMoved { device_id: DeviceId(DeviceId(0)), position: PhysicalPosition { x: 212.0, y: 233.0 }, modifiers: (empty) } }
15:26:21 [TRACE] (1) eframe::native::run: [C:\Users\darkm\.cargo\registry\src\index.crates.io-6f17d22bba15001f\eframe-0.22.0\src\native\run.rs:221] request_redraw
15:26:21 [INFO] eframe update fn running...
15:26:21 [TRACE] (1) eframe::native::run::glow_integration: [C:\Users\darkm\.cargo\registry\src\index.crates.io-6f17d22bba15001f\eframe-0.22.0\src\native\run.rs:734] request_repaint_callback: RequestRepaintInfo { after: 0ns, current_frame_nr: 368 }
15:26:21 [TRACE] (1) eframe::native::run: [C:\Users\darkm\.cargo\registry\src\index.crates.io-6f17d22bba15001f\eframe-0.22.0\src\native\run.rs:205] Repaint caused by winit::Event: RedrawEventsCleared
15:26:21 [TRACE] (1) eframe::native::run: [C:\Users\darkm\.cargo\registry\src\index.crates.io-6f17d22bba15001f\eframe-0.22.0\src\native\run.rs:221] request_redraw
15:26:21 [TRACE] (1) eframe::native::run: [C:\Users\darkm\.cargo\registry\src\index.crates.io-6f17d22bba15001f\eframe-0.22.0\src\native\run.rs:160] Got outdated UserEvent::RequestRepaint
15:26:21 [TRACE] (1) eframe::native::run: [C:\Users\darkm\.cargo\registry\src\index.crates.io-6f17d22bba15001f\eframe-0.22.0\src\native\run.rs:205] Repaint caused by winit::Event: WindowEvent { window_id: WindowId(WindowId(266618)), event: CursorMoved { device_id: DeviceId(DeviceId(0)), position: PhysicalPosition { x: 264.0, y: 252.0 }, modifiers: (empty) } }
15:26:21 [TRACE] (1) eframe::native::run: [C:\Users\darkm\.cargo\registry\src\index.crates.io-6f17d22bba15001f\eframe-0.22.0\src\native\run.rs:221] request_redraw
15:26:21 [TRACE] (1) eframe::native::run: [C:\Users\darkm\.cargo\registry\src\index.crates.io-6f17d22bba15001f\eframe-0.22.0\src\native\run.rs:205] Repaint caused by winit::Event: WindowEvent { window_id: WindowId(WindowId(266618)), event: CursorMoved { device_id: DeviceId(DeviceId(0)), position: PhysicalPosition { x: 267.0, y: 253.0 }, modifiers: (empty) } }
15:26:21 [TRACE] (1) eframe::native::run: [C:\Users\darkm\.cargo\registry\src\index.crates.io-6f17d22bba15001f\eframe-0.22.0\src\native\run.rs:221] request_redraw
15:26:21 [INFO] eframe update fn running...
15:26:21 [TRACE] (1) eframe::native::run::glow_integration: [C:\Users\darkm\.cargo\registry\src\index.crates.io-6f17d22bba15001f\eframe-0.22.0\src\native\run.rs:734] request_repaint_callback: RequestRepaintInfo { after: 0ns, current_frame_nr: 369 }
15:26:21 [TRACE] (1) eframe::native::run: [C:\Users\darkm\.cargo\registry\src\index.crates.io-6f17d22bba15001f\eframe-0.22.0\src\native\run.rs:205] Repaint caused by winit::Event: RedrawEventsCleared
15:26:21 [TRACE] (1) eframe::native::run: [C:\Users\darkm\.cargo\registry\src\index.crates.io-6f17d22bba15001f\eframe-0.22.0\src\native\run.rs:221] request_redraw
15:26:21 [TRACE] (1) eframe::native::run: [C:\Users\darkm\.cargo\registry\src\index.crates.io-6f17d22bba15001f\eframe-0.22.0\src\native\run.rs:160] Got outdated UserEvent::RequestRepaint
15:26:21 [TRACE] (1) eframe::native::run: [C:\Users\darkm\.cargo\registry\src\index.crates.io-6f17d22bba15001f\eframe-0.22.0\src\native\run.rs:205] Repaint caused by winit::Event: WindowEvent { window_id: WindowId(WindowId(266618)), event: CursorMoved { device_id: DeviceId(DeviceId(0)), position: PhysicalPosition { x: 346.0, y: 281.0 }, modifiers: (empty) } }
15:26:21 [TRACE] (1) eframe::native::run: [C:\Users\darkm\.cargo\registry\src\index.crates.io-6f17d22bba15001f\eframe-0.22.0\src\native\run.rs:221] request_redraw
15:26:21 [TRACE] (1) eframe::native::run: [C:\Users\darkm\.cargo\registry\src\index.crates.io-6f17d22bba15001f\eframe-0.22.0\src\native\run.rs:205] Repaint caused by winit::Event: WindowEvent { window_id: WindowId(WindowId(266618)), event: CursorMoved { device_id: DeviceId(DeviceId(0)), position: PhysicalPosition { x: 353.0, y: 282.0 }, modifiers: (empty) } }
15:26:21 [TRACE] (1) eframe::native::run: [C:\Users\darkm\.cargo\registry\src\index.crates.io-6f17d22bba15001f\eframe-0.22.0\src\native\run.rs:221] request_redraw
15:26:21 [TRACE] (1) eframe::native::run: [C:\Users\darkm\.cargo\registry\src\index.crates.io-6f17d22bba15001f\eframe-0.22.0\src\native\run.rs:205] Repaint caused by winit::Event: WindowEvent { window_id: WindowId(WindowId(266618)), event: CursorMoved { device_id: DeviceId(DeviceId(0)), position: PhysicalPosition { x: 359.0, y: 284.0 }, modifiers: (empty) } }
15:26:21 [TRACE] (1) eframe::native::run: [C:\Users\darkm\.cargo\registry\src\index.crates.io-6f17d22bba15001f\eframe-0.22.0\src\native\run.rs:221] request_redraw
15:26:21 [TRACE] (1) eframe::native::run: [C:\Users\darkm\.cargo\registry\src\index.crates.io-6f17d22bba15001f\eframe-0.22.0\src\native\run.rs:205] Repaint caused by winit::Event: WindowEvent { window_id: WindowId(WindowId(266618)), event: CursorMoved { device_id: DeviceId(DeviceId(0)), position: PhysicalPosition { x: 363.0, y: 285.0 }, modifiers: (empty) } }
15:26:21 [TRACE] (1) eframe::native::run: [C:\Users\darkm\.cargo\registry\src\index.crates.io-6f17d22bba15001f\eframe-0.22.0\src\native\run.rs:221] request_redraw
15:26:21 [INFO] eframe update fn running...
15:26:21 [TRACE] (1) eframe::native::run::glow_integration: [C:\Users\darkm\.cargo\registry\src\index.crates.io-6f17d22bba15001f\eframe-0.22.0\src\native\run.rs:734] request_repaint_callback: RequestRepaintInfo { after: 0ns, current_frame_nr: 370 }
15:26:21 [TRACE] (1) eframe::native::run: [C:\Users\darkm\.cargo\registry\src\index.crates.io-6f17d22bba15001f\eframe-0.22.0\src\native\run.rs:205] Repaint caused by winit::Event: RedrawEventsCleared
15:26:21 [TRACE] (1) eframe::native::run: [C:\Users\darkm\.cargo\registry\src\index.crates.io-6f17d22bba15001f\eframe-0.22.0\src\native\run.rs:221] request_redraw
15:26:21 [TRACE] (1) eframe::native::run: [C:\Users\darkm\.cargo\registry\src\index.crates.io-6f17d22bba15001f\eframe-0.22.0\src\native\run.rs:160] Got outdated UserEvent::RequestRepaint
15:26:21 [TRACE] (1) eframe::native::run: [C:\Users\darkm\.cargo\registry\src\index.crates.io-6f17d22bba15001f\eframe-0.22.0\src\native\run.rs:205] Repaint caused by winit::Event: WindowEvent { window_id: WindowId(WindowId(266618)), event: CursorMoved { device_id: DeviceId(DeviceId(0)), position: PhysicalPosition { x: 442.0, y: 309.0 }, modifiers: (empty) } }
15:26:21 [TRACE] (1) eframe::native::run: [C:\Users\darkm\.cargo\registry\src\index.crates.io-6f17d22bba15001f\eframe-0.22.0\src\native\run.rs:221] request_redraw
15:26:21 [TRACE] (1) eframe::native::run: [C:\Users\darkm\.cargo\registry\src\index.crates.io-6f17d22bba15001f\eframe-0.22.0\src\native\run.rs:205] Repaint caused by winit::Event: WindowEvent { window_id: WindowId(WindowId(266618)), event: CursorMoved { device_id: DeviceId(DeviceId(0)), position: PhysicalPosition { x: 448.0, y: 311.0 }, modifiers: (empty) } }
15:26:21 [TRACE] (1) eframe::native::run: [C:\Users\darkm\.cargo\registry\src\index.crates.io-6f17d22bba15001f\eframe-0.22.0\src\native\run.rs:221] request_redraw
15:26:21 [TRACE] (1) eframe::native::run: [C:\Users\darkm\.cargo\registry\src\index.crates.io-6f17d22bba15001f\eframe-0.22.0\src\native\run.rs:205] Repaint caused by winit::Event: WindowEvent { window_id: WindowId(WindowId(266618)), event: CursorMoved { device_id: DeviceId(DeviceId(0)), position: PhysicalPosition { x: 460.0, y: 316.0 }, modifiers: (empty) } }
15:26:21 [TRACE] (1) eframe::native::run: [C:\Users\darkm\.cargo\registry\src\index.crates.io-6f17d22bba15001f\eframe-0.22.0\src\native\run.rs:221] request_redraw
15:26:21 [TRACE] (1) eframe::native::run: [C:\Users\darkm\.cargo\registry\src\index.crates.io-6f17d22bba15001f\eframe-0.22.0\src\native\run.rs:205] Repaint caused by winit::Event: WindowEvent { window_id: WindowId(WindowId(266618)), event: CursorMoved { device_id: DeviceId(DeviceId(0)), position: PhysicalPosition { x: 464.0, y: 318.0 }, modifiers: (empty) } }
15:26:21 [TRACE] (1) eframe::native::run: [C:\Users\darkm\.cargo\registry\src\index.crates.io-6f17d22bba15001f\eframe-0.22.0\src\native\run.rs:221] request_redraw
15:26:21 [INFO] eframe update fn running...
15:26:21 [TRACE] (1) eframe::native::run::glow_integration: [C:\Users\darkm\.cargo\registry\src\index.crates.io-6f17d22bba15001f\eframe-0.22.0\src\native\run.rs:734] request_repaint_callback: RequestRepaintInfo { after: 0ns, current_frame_nr: 371 }
15:26:21 [TRACE] (1) eframe::native::run: [C:\Users\darkm\.cargo\registry\src\index.crates.io-6f17d22bba15001f\eframe-0.22.0\src\native\run.rs:205] Repaint caused by winit::Event: RedrawEventsCleared
15:26:21 [TRACE] (1) eframe::native::run: [C:\Users\darkm\.cargo\registry\src\index.crates.io-6f17d22bba15001f\eframe-0.22.0\src\native\run.rs:221] request_redraw
15:26:21 [TRACE] (1) eframe::native::run: [C:\Users\darkm\.cargo\registry\src\index.crates.io-6f17d22bba15001f\eframe-0.22.0\src\native\run.rs:160] Got outdated UserEvent::RequestRepaint
15:26:21 [TRACE] (1) eframe::native::run: [C:\Users\darkm\.cargo\registry\src\index.crates.io-6f17d22bba15001f\eframe-0.22.0\src\native\run.rs:205] Repaint caused by winit::Event: WindowEvent { window_id: WindowId(WindowId(266618)), event: CursorMoved { device_id: DeviceId(DeviceId(0)), position: PhysicalPosition { x: 543.0, y: 352.0 }, modifiers: (empty) } }
15:26:21 [TRACE] (1) eframe::native::run: [C:\Users\darkm\.cargo\registry\src\index.crates.io-6f17d22bba15001f\eframe-0.22.0\src\native\run.rs:221] request_redraw
15:26:21 [TRACE] (1) eframe::native::run: [C:\Users\darkm\.cargo\registry\src\index.crates.io-6f17d22bba15001f\eframe-0.22.0\src\native\run.rs:205] Repaint caused by winit::Event: WindowEvent { window_id: WindowId(WindowId(266618)), event: CursorMoved { device_id: DeviceId(DeviceId(0)), position: PhysicalPosition { x: 546.0, y: 354.0 }, modifiers: (empty) } }
15:26:21 [TRACE] (1) eframe::native::run: [C:\Users\darkm\.cargo\registry\src\index.crates.io-6f17d22bba15001f\eframe-0.22.0\src\native\run.rs:221] request_redraw
15:26:21 [TRACE] (1) eframe::native::run: [C:\Users\darkm\.cargo\registry\src\index.crates.io-6f17d22bba15001f\eframe-0.22.0\src\native\run.rs:205] Repaint caused by winit::Event: WindowEvent { window_id: WindowId(WindowId(266618)), event: CursorMoved { device_id: DeviceId(DeviceId(0)), position: PhysicalPosition { x: 549.0, y: 356.0 }, modifiers: (empty) } }
15:26:21 [TRACE] (1) eframe::native::run: [C:\Users\darkm\.cargo\registry\src\index.crates.io-6f17d22bba15001f\eframe-0.22.0\src\native\run.rs:221] request_redraw
15:26:21 [INFO] eframe update fn running...
15:26:21 [TRACE] (1) eframe::native::run::glow_integration: [C:\Users\darkm\.cargo\registry\src\index.crates.io-6f17d22bba15001f\eframe-0.22.0\src\native\run.rs:734] request_repaint_callback: RequestRepaintInfo { after: 0ns, current_frame_nr: 372 }
15:26:21 [TRACE] (1) eframe::native::run: [C:\Users\darkm\.cargo\registry\src\index.crates.io-6f17d22bba15001f\eframe-0.22.0\src\native\run.rs:205] Repaint caused by winit::Event: RedrawEventsCleared
15:26:21 [TRACE] (1) eframe::native::run: [C:\Users\darkm\.cargo\registry\src\index.crates.io-6f17d22bba15001f\eframe-0.22.0\src\native\run.rs:221] request_redraw
15:26:21 [TRACE] (1) eframe::native::run: [C:\Users\darkm\.cargo\registry\src\index.crates.io-6f17d22bba15001f\eframe-0.22.0\src\native\run.rs:160] Got outdated UserEvent::RequestRepaint
15:26:21 [TRACE] (1) eframe::native::run: [C:\Users\darkm\.cargo\registry\src\index.crates.io-6f17d22bba15001f\eframe-0.22.0\src\native\run.rs:205] Repaint caused by winit::Event: WindowEvent { window_id: WindowId(WindowId(266618)), event: CursorMoved { device_id: DeviceId(DeviceId(0)), position: PhysicalPosition { x: 586.0, y: 388.0 }, modifiers: (empty) } }
15:26:21 [TRACE] (1) eframe::native::run: [C:\Users\darkm\.cargo\registry\src\index.crates.io-6f17d22bba15001f\eframe-0.22.0\src\native\run.rs:221] request_redraw
15:26:21 [TRACE] (1) eframe::native::run: [C:\Users\darkm\.cargo\registry\src\index.crates.io-6f17d22bba15001f\eframe-0.22.0\src\native\run.rs:205] Repaint caused by winit::Event: WindowEvent { window_id: WindowId(WindowId(266618)), event: CursorMoved { device_id: DeviceId(DeviceId(0)), position: PhysicalPosition { x: 587.0, y: 390.0 }, modifiers: (empty) } }
15:26:21 [TRACE] (1) eframe::native::run: [C:\Users\darkm\.cargo\registry\src\index.crates.io-6f17d22bba15001f\eframe-0.22.0\src\native\run.rs:221] request_redraw
15:26:21 [INFO] eframe update fn running...
15:26:21 [TRACE] (1) eframe::native::run::glow_integration: [C:\Users\darkm\.cargo\registry\src\index.crates.io-6f17d22bba15001f\eframe-0.22.0\src\native\run.rs:734] request_repaint_callback: RequestRepaintInfo { after: 0ns, current_frame_nr: 373 }
15:26:21 [TRACE] (1) eframe::native::run: [C:\Users\darkm\.cargo\registry\src\index.crates.io-6f17d22bba15001f\eframe-0.22.0\src\native\run.rs:205] Repaint caused by winit::Event: RedrawEventsCleared
15:26:21 [TRACE] (1) eframe::native::run: [C:\Users\darkm\.cargo\registry\src\index.crates.io-6f17d22bba15001f\eframe-0.22.0\src\native\run.rs:221] request_redraw
15:26:21 [TRACE] (1) eframe::native::run: [C:\Users\darkm\.cargo\registry\src\index.crates.io-6f17d22bba15001f\eframe-0.22.0\src\native\run.rs:160] Got outdated UserEvent::RequestRepaint
15:26:21 [TRACE] (1) eframe::native::run: [C:\Users\darkm\.cargo\registry\src\index.crates.io-6f17d22bba15001f\eframe-0.22.0\src\native\run.rs:205] Repaint caused by winit::Event: WindowEvent { window_id: WindowId(WindowId(266618)), event: CursorMoved { device_id: DeviceId(DeviceId(0)), position: PhysicalPosition { x: 589.0, y: 392.0 }, modifiers: (empty) } }
15:26:21 [TRACE] (1) eframe::native::run: [C:\Users\darkm\.cargo\registry\src\index.crates.io-6f17d22bba15001f\eframe-0.22.0\src\native\run.rs:221] request_redraw
15:26:21 [INFO] eframe update fn running...
15:26:21 [TRACE] (1) eframe::native::run::glow_integration: [C:\Users\darkm\.cargo\registry\src\index.crates.io-6f17d22bba15001f\eframe-0.22.0\src\native\run.rs:734] request_repaint_callback: RequestRepaintInfo { after: 0ns, current_frame_nr: 374 }
15:26:21 [TRACE] (1) eframe::native::run: [C:\Users\darkm\.cargo\registry\src\index.crates.io-6f17d22bba15001f\eframe-0.22.0\src\native\run.rs:205] Repaint caused by winit::Event: RedrawEventsCleared
15:26:21 [TRACE] (1) eframe::native::run: [C:\Users\darkm\.cargo\registry\src\index.crates.io-6f17d22bba15001f\eframe-0.22.0\src\native\run.rs:221] request_redraw
15:26:21 [TRACE] (1) eframe::native::run: [C:\Users\darkm\.cargo\registry\src\index.crates.io-6f17d22bba15001f\eframe-0.22.0\src\native\run.rs:160] Got outdated UserEvent::RequestRepaint
15:26:21 [INFO] eframe update fn running...
15:26:21 [TRACE] (1) eframe::native::run: [C:\Users\darkm\.cargo\registry\src\index.crates.io-6f17d22bba15001f\eframe-0.22.0\src\native\run.rs:205] Repaint caused by winit::Event: RedrawEventsCleared
15:26:21 [TRACE] (1) eframe::native::run: [C:\Users\darkm\.cargo\registry\src\index.crates.io-6f17d22bba15001f\eframe-0.22.0\src\native\run.rs:221] request_redraw
15:26:21 [INFO] eframe update fn running...
15:26:21 [INFO] eframe update fn running...
15:26:21 [TRACE] (1) eframe::native::run: [C:\Users\darkm\.cargo\registry\src\index.crates.io-6f17d22bba15001f\eframe-0.22.0\src\native\run.rs:205] Repaint caused by winit::Event: WindowEvent { window_id: WindowId(WindowId(266618)), event: CursorMoved { device_id: DeviceId(DeviceId(0)), position: PhysicalPosition { x: 584.0, y: 381.0 }, modifiers: (empty) } }
15:26:21 [TRACE] (1) eframe::native::run: [C:\Users\darkm\.cargo\registry\src\index.crates.io-6f17d22bba15001f\eframe-0.22.0\src\native\run.rs:221] request_redraw
15:26:21 [TRACE] (1) eframe::native::run: [C:\Users\darkm\.cargo\registry\src\index.crates.io-6f17d22bba15001f\eframe-0.22.0\src\native\run.rs:205] Repaint caused by winit::Event: WindowEvent { window_id: WindowId(WindowId(266618)), event: CursorMoved { device_id: DeviceId(DeviceId(0)), position: PhysicalPosition { x: 583.0, y: 380.0 }, modifiers: (empty) } }
15:26:21 [TRACE] (1) eframe::native::run: [C:\Users\darkm\.cargo\registry\src\index.crates.io-6f17d22bba15001f\eframe-0.22.0\src\native\run.rs:221] request_redraw
15:26:21 [TRACE] (1) eframe::native::run: [C:\Users\darkm\.cargo\registry\src\index.crates.io-6f17d22bba15001f\eframe-0.22.0\src\native\run.rs:205] Repaint caused by winit::Event: WindowEvent { window_id: WindowId(WindowId(266618)), event: CursorMoved { device_id: DeviceId(DeviceId(0)), position: PhysicalPosition { x: 583.0, y: 379.0 }, modifiers: (empty) } }
15:26:21 [TRACE] (1) eframe::native::run: [C:\Users\darkm\.cargo\registry\src\index.crates.io-6f17d22bba15001f\eframe-0.22.0\src\native\run.rs:221] request_redraw
15:26:21 [TRACE] (1) eframe::native::run: [C:\Users\darkm\.cargo\registry\src\index.crates.io-6f17d22bba15001f\eframe-0.22.0\src\native\run.rs:205] Repaint caused by winit::Event: WindowEvent { window_id: WindowId(WindowId(266618)), event: CursorMoved { device_id: DeviceId(DeviceId(0)), position: PhysicalPosition { x: 582.0, y: 377.0 }, modifiers: (empty) } }
15:26:21 [TRACE] (1) eframe::native::run: [C:\Users\darkm\.cargo\registry\src\index.crates.io-6f17d22bba15001f\eframe-0.22.0\src\native\run.rs:221] request_redraw
15:26:21 [INFO] eframe update fn running...
15:26:21 [TRACE] (1) eframe::native::run::glow_integration: [C:\Users\darkm\.cargo\registry\src\index.crates.io-6f17d22bba15001f\eframe-0.22.0\src\native\run.rs:734] request_repaint_callback: RequestRepaintInfo { after: 0ns, current_frame_nr: 378 }
15:26:21 [TRACE] (1) eframe::native::run: [C:\Users\darkm\.cargo\registry\src\index.crates.io-6f17d22bba15001f\eframe-0.22.0\src\native\run.rs:205] Repaint caused by winit::Event: RedrawEventsCleared
15:26:21 [TRACE] (1) eframe::native::run: [C:\Users\darkm\.cargo\registry\src\index.crates.io-6f17d22bba15001f\eframe-0.22.0\src\native\run.rs:221] request_redraw
15:26:21 [TRACE] (1) eframe::native::run: [C:\Users\darkm\.cargo\registry\src\index.crates.io-6f17d22bba15001f\eframe-0.22.0\src\native\run.rs:160] Got outdated UserEvent::RequestRepaint
15:26:21 [TRACE] (1) eframe::native::run: [C:\Users\darkm\.cargo\registry\src\index.crates.io-6f17d22bba15001f\eframe-0.22.0\src\native\run.rs:205] Repaint caused by winit::Event: WindowEvent { window_id: WindowId(WindowId(266618)), event: CursorMoved { device_id: DeviceId(DeviceId(0)), position: PhysicalPosition { x: 564.0, y: 354.0 }, modifiers: (empty) } }
15:26:21 [TRACE] (1) eframe::native::run: [C:\Users\darkm\.cargo\registry\src\index.crates.io-6f17d22bba15001f\eframe-0.22.0\src\native\run.rs:221] request_redraw
15:26:21 [INFO] eframe update fn running...
15:26:21 [TRACE] (1) eframe::native::run::glow_integration: [C:\Users\darkm\.cargo\registry\src\index.crates.io-6f17d22bba15001f\eframe-0.22.0\src\native\run.rs:734] request_repaint_callback: RequestRepaintInfo { after: 0ns, current_frame_nr: 379 }
15:26:21 [TRACE] (1) eframe::native::run: [C:\Users\darkm\.cargo\registry\src\index.crates.io-6f17d22bba15001f\eframe-0.22.0\src\native\run.rs:205] Repaint caused by winit::Event: RedrawEventsCleared
15:26:21 [TRACE] (1) eframe::native::run: [C:\Users\darkm\.cargo\registry\src\index.crates.io-6f17d22bba15001f\eframe-0.22.0\src\native\run.rs:221] request_redraw
15:26:21 [TRACE] (1) eframe::native::run: [C:\Users\darkm\.cargo\registry\src\index.crates.io-6f17d22bba15001f\eframe-0.22.0\src\native\run.rs:160] Got outdated UserEvent::RequestRepaint
15:26:21 [TRACE] (1) eframe::native::run: [C:\Users\darkm\.cargo\registry\src\index.crates.io-6f17d22bba15001f\eframe-0.22.0\src\native\run.rs:205] Repaint caused by winit::Event: WindowEvent { window_id: WindowId(WindowId(266618)), event: CursorMoved { device_id: DeviceId(DeviceId(0)), position: PhysicalPosition { x: 514.0, y: 311.0 }, modifiers: (empty) } }
15:26:21 [TRACE] (1) eframe::native::run: [C:\Users\darkm\.cargo\registry\src\index.crates.io-6f17d22bba15001f\eframe-0.22.0\src\native\run.rs:221] request_redraw
15:26:21 [TRACE] (1) eframe::native::run: [C:\Users\darkm\.cargo\registry\src\index.crates.io-6f17d22bba15001f\eframe-0.22.0\src\native\run.rs:205] Repaint caused by winit::Event: WindowEvent { window_id: WindowId(WindowId(266618)), event: CursorMoved { device_id: DeviceId(DeviceId(0)), position: PhysicalPosition { x: 511.0, y: 308.0 }, modifiers: (empty) } }
15:26:21 [TRACE] (1) eframe::native::run: [C:\Users\darkm\.cargo\registry\src\index.crates.io-6f17d22bba15001f\eframe-0.22.0\src\native\run.rs:221] request_redraw
15:26:21 [TRACE] (1) eframe::native::run: [C:\Users\darkm\.cargo\registry\src\index.crates.io-6f17d22bba15001f\eframe-0.22.0\src\native\run.rs:205] Repaint caused by winit::Event: WindowEvent { window_id: WindowId(WindowId(266618)), event: CursorMoved { device_id: DeviceId(DeviceId(0)), position: PhysicalPosition { x: 509.0, y: 305.0 }, modifiers: (empty) } }
15:26:21 [TRACE] (1) eframe::native::run: [C:\Users\darkm\.cargo\registry\src\index.crates.io-6f17d22bba15001f\eframe-0.22.0\src\native\run.rs:221] request_redraw
15:26:21 [TRACE] (1) eframe::native::run: [C:\Users\darkm\.cargo\registry\src\index.crates.io-6f17d22bba15001f\eframe-0.22.0\src\native\run.rs:205] Repaint caused by winit::Event: WindowEvent { window_id: WindowId(WindowId(266618)), event: CursorMoved { device_id: DeviceId(DeviceId(0)), position: PhysicalPosition { x: 506.0, y: 303.0 }, modifiers: (empty) } }
15:26:21 [TRACE] (1) eframe::native::run: [C:\Users\darkm\.cargo\registry\src\index.crates.io-6f17d22bba15001f\eframe-0.22.0\src\native\run.rs:221] request_redraw
15:26:21 [TRACE] (1) eframe::native::run: [C:\Users\darkm\.cargo\registry\src\index.crates.io-6f17d22bba15001f\eframe-0.22.0\src\native\run.rs:205] Repaint caused by winit::Event: WindowEvent { window_id: WindowId(WindowId(266618)), event: CursorMoved { device_id: DeviceId(DeviceId(0)), position: PhysicalPosition { x: 504.0, y: 300.0 }, modifiers: (empty) } }
15:26:21 [TRACE] (1) eframe::native::run: [C:\Users\darkm\.cargo\registry\src\index.crates.io-6f17d22bba15001f\eframe-0.22.0\src\native\run.rs:221] request_redraw
15:26:21 [TRACE] (1) eframe::native::run: [C:\Users\darkm\.cargo\registry\src\index.crates.io-6f17d22bba15001f\eframe-0.22.0\src\native\run.rs:205] Repaint caused by winit::Event: WindowEvent { window_id: WindowId(WindowId(266618)), event: CursorMoved { device_id: DeviceId(DeviceId(0)), position: PhysicalPosition { x: 501.0, y: 298.0 }, modifiers: (empty) } }
15:26:21 [TRACE] (1) eframe::native::run: [C:\Users\darkm\.cargo\registry\src\index.crates.io-6f17d22bba15001f\eframe-0.22.0\src\native\run.rs:221] request_redraw
15:26:21 [TRACE] (1) eframe::native::run: [C:\Users\darkm\.cargo\registry\src\index.crates.io-6f17d22bba15001f\eframe-0.22.0\src\native\run.rs:205] Repaint caused by winit::Event: WindowEvent { window_id: WindowId(WindowId(266618)), event: CursorMoved { device_id: DeviceId(DeviceId(0)), position: PhysicalPosition { x: 498.0, y: 295.0 }, modifiers: (empty) } }
15:26:21 [TRACE] (1) eframe::native::run: [C:\Users\darkm\.cargo\registry\src\index.crates.io-6f17d22bba15001f\eframe-0.22.0\src\native\run.rs:221] request_redraw
15:26:21 [INFO] eframe update fn running...
15:26:21 [TRACE] (1) eframe::native::run::glow_integration: [C:\Users\darkm\.cargo\registry\src\index.crates.io-6f17d22bba15001f\eframe-0.22.0\src\native\run.rs:734] request_repaint_callback: RequestRepaintInfo { after: 0ns, current_frame_nr: 380 }
15:26:21 [TRACE] (1) eframe::native::run: [C:\Users\darkm\.cargo\registry\src\index.crates.io-6f17d22bba15001f\eframe-0.22.0\src\native\run.rs:205] Repaint caused by winit::Event: RedrawEventsCleared
15:26:21 [TRACE] (1) eframe::native::run: [C:\Users\darkm\.cargo\registry\src\index.crates.io-6f17d22bba15001f\eframe-0.22.0\src\native\run.rs:221] request_redraw
15:26:21 [TRACE] (1) eframe::native::run: [C:\Users\darkm\.cargo\registry\src\index.crates.io-6f17d22bba15001f\eframe-0.22.0\src\native\run.rs:160] Got outdated UserEvent::RequestRepaint
15:26:21 [TRACE] (1) eframe::native::run: [C:\Users\darkm\.cargo\registry\src\index.crates.io-6f17d22bba15001f\eframe-0.22.0\src\native\run.rs:205] Repaint caused by winit::Event: WindowEvent { window_id: WindowId(WindowId(266618)), event: CursorMoved { device_id: DeviceId(DeviceId(0)), position: PhysicalPosition { x: 452.0, y: 255.0 }, modifiers: (empty) } }
15:26:21 [TRACE] (1) eframe::native::run: [C:\Users\darkm\.cargo\registry\src\index.crates.io-6f17d22bba15001f\eframe-0.22.0\src\native\run.rs:221] request_redraw
15:26:21 [TRACE] (1) eframe::native::run: [C:\Users\darkm\.cargo\registry\src\index.crates.io-6f17d22bba15001f\eframe-0.22.0\src\native\run.rs:205] Repaint caused by winit::Event: WindowEvent { window_id: WindowId(WindowId(266618)), event: CursorMoved { device_id: DeviceId(DeviceId(0)), position: PhysicalPosition { x: 449.0, y: 252.0 }, modifiers: (empty) } }
15:26:21 [TRACE] (1) eframe::native::run: [C:\Users\darkm\.cargo\registry\src\index.crates.io-6f17d22bba15001f\eframe-0.22.0\src\native\run.rs:221] request_redraw
15:26:21 [TRACE] (1) eframe::native::run: [C:\Users\darkm\.cargo\registry\src\index.crates.io-6f17d22bba15001f\eframe-0.22.0\src\native\run.rs:205] Repaint caused by winit::Event: WindowEvent { window_id: WindowId(WindowId(266618)), event: CursorMoved { device_id: DeviceId(DeviceId(0)), position: PhysicalPosition { x: 446.0, y: 250.0 }, modifiers: (empty) } }
15:26:21 [TRACE] (1) eframe::native::run: [C:\Users\darkm\.cargo\registry\src\index.crates.io-6f17d22bba15001f\eframe-0.22.0\src\native\run.rs:221] request_redraw
15:26:21 [INFO] eframe update fn running...
15:26:22 [TRACE] (1) eframe::native::run::glow_integration: [C:\Users\darkm\.cargo\registry\src\index.crates.io-6f17d22bba15001f\eframe-0.22.0\src\native\run.rs:734] request_repaint_callback: RequestRepaintInfo { after: 0ns, current_frame_nr: 381 }
15:26:22 [TRACE] (1) eframe::native::run: [C:\Users\darkm\.cargo\registry\src\index.crates.io-6f17d22bba15001f\eframe-0.22.0\src\native\run.rs:205] Repaint caused by winit::Event: RedrawEventsCleared
15:26:22 [TRACE] (1) eframe::native::run: [C:\Users\darkm\.cargo\registry\src\index.crates.io-6f17d22bba15001f\eframe-0.22.0\src\native\run.rs:221] request_redraw
15:26:22 [TRACE] (1) eframe::native::run: [C:\Users\darkm\.cargo\registry\src\index.crates.io-6f17d22bba15001f\eframe-0.22.0\src\native\run.rs:160] Got outdated UserEvent::RequestRepaint
15:26:22 [TRACE] (1) eframe::native::run: [C:\Users\darkm\.cargo\registry\src\index.crates.io-6f17d22bba15001f\eframe-0.22.0\src\native\run.rs:205] Repaint caused by winit::Event: WindowEvent { window_id: WindowId(WindowId(266618)), event: CursorMoved { device_id: DeviceId(DeviceId(0)), position: PhysicalPosition { x: 404.0, y: 218.0 }, modifiers: (empty) } }
15:26:22 [TRACE] (1) eframe::native::run: [C:\Users\darkm\.cargo\registry\src\index.crates.io-6f17d22bba15001f\eframe-0.22.0\src\native\run.rs:221] request_redraw
15:26:22 [TRACE] (1) eframe::native::run: [C:\Users\darkm\.cargo\registry\src\index.crates.io-6f17d22bba15001f\eframe-0.22.0\src\native\run.rs:205] Repaint caused by winit::Event: WindowEvent { window_id: WindowId(WindowId(266618)), event: CursorMoved { device_id: DeviceId(DeviceId(0)), position: PhysicalPosition { x: 402.0, y: 217.0 }, modifiers: (empty) } }
15:26:22 [TRACE] (1) eframe::native::run: [C:\Users\darkm\.cargo\registry\src\index.crates.io-6f17d22bba15001f\eframe-0.22.0\src\native\run.rs:221] request_redraw
15:26:22 [TRACE] (1) eframe::native::run: [C:\Users\darkm\.cargo\registry\src\index.crates.io-6f17d22bba15001f\eframe-0.22.0\src\native\run.rs:205] Repaint caused by winit::Event: WindowEvent { window_id: WindowId(WindowId(266618)), event: CursorMoved { device_id: DeviceId(DeviceId(0)), position: PhysicalPosition { x: 395.0, y: 213.0 }, modifiers: (empty) } }
15:26:22 [TRACE] (1) eframe::native::run: [C:\Users\darkm\.cargo\registry\src\index.crates.io-6f17d22bba15001f\eframe-0.22.0\src\native\run.rs:221] request_redraw
15:26:22 [INFO] eframe update fn running...
15:26:22 [TRACE] (1) eframe::native::run::glow_integration: [C:\Users\darkm\.cargo\registry\src\index.crates.io-6f17d22bba15001f\eframe-0.22.0\src\native\run.rs:734] request_repaint_callback: RequestRepaintInfo { after: 0ns, current_frame_nr: 382 }
15:26:22 [TRACE] (1) eframe::native::run: [C:\Users\darkm\.cargo\registry\src\index.crates.io-6f17d22bba15001f\eframe-0.22.0\src\native\run.rs:205] Repaint caused by winit::Event: RedrawEventsCleared
15:26:22 [TRACE] (1) eframe::native::run: [C:\Users\darkm\.cargo\registry\src\index.crates.io-6f17d22bba15001f\eframe-0.22.0\src\native\run.rs:221] request_redraw
15:26:22 [TRACE] (1) eframe::native::run: [C:\Users\darkm\.cargo\registry\src\index.crates.io-6f17d22bba15001f\eframe-0.22.0\src\native\run.rs:160] Got outdated UserEvent::RequestRepaint
15:26:22 [TRACE] (1) eframe::native::run: [C:\Users\darkm\.cargo\registry\src\index.crates.io-6f17d22bba15001f\eframe-0.22.0\src\native\run.rs:205] Repaint caused by winit::Event: WindowEvent { window_id: WindowId(WindowId(266618)), event: CursorMoved { device_id: DeviceId(DeviceId(0)), position: PhysicalPosition { x: 367.0, y: 193.0 }, modifiers: (empty) } }
15:26:22 [TRACE] (1) eframe::native::run: [C:\Users\darkm\.cargo\registry\src\index.crates.io-6f17d22bba15001f\eframe-0.22.0\src\native\run.rs:221] request_redraw
15:26:22 [TRACE] (1) eframe::native::run: [C:\Users\darkm\.cargo\registry\src\index.crates.io-6f17d22bba15001f\eframe-0.22.0\src\native\run.rs:205] Repaint caused by winit::Event: WindowEvent { window_id: WindowId(WindowId(266618)), event: CursorMoved { device_id: DeviceId(DeviceId(0)), position: PhysicalPosition { x: 363.0, y: 192.0 }, modifiers: (empty) } }
15:26:22 [TRACE] (1) eframe::native::run: [C:\Users\darkm\.cargo\registry\src\index.crates.io-6f17d22bba15001f\eframe-0.22.0\src\native\run.rs:221] request_redraw
15:26:22 [TRACE] (1) eframe::native::run: [C:\Users\darkm\.cargo\registry\src\index.crates.io-6f17d22bba15001f\eframe-0.22.0\src\native\run.rs:205] Repaint caused by winit::Event: WindowEvent { window_id: WindowId(WindowId(266618)), event: CursorMoved { device_id: DeviceId(DeviceId(0)), position: PhysicalPosition { x: 363.0, y: 191.0 }, modifiers: (empty) } }
15:26:22 [TRACE] (1) eframe::native::run: [C:\Users\darkm\.cargo\registry\src\index.crates.io-6f17d22bba15001f\eframe-0.22.0\src\native\run.rs:221] request_redraw
15:26:22 [TRACE] (1) eframe::native::run: [C:\Users\darkm\.cargo\registry\src\index.crates.io-6f17d22bba15001f\eframe-0.22.0\src\native\run.rs:205] Repaint caused by winit::Event: WindowEvent { window_id: WindowId(WindowId(266618)), event: CursorMoved { device_id: DeviceId(DeviceId(0)), position: PhysicalPosition { x: 362.0, y: 191.0 }, modifiers: (empty) } }
15:26:22 [TRACE] (1) eframe::native::run: [C:\Users\darkm\.cargo\registry\src\index.crates.io-6f17d22bba15001f\eframe-0.22.0\src\native\run.rs:221] request_redraw
15:26:22 [INFO] eframe update fn running...
15:26:22 [TRACE] (1) eframe::native::run::glow_integration: [C:\Users\darkm\.cargo\registry\src\index.crates.io-6f17d22bba15001f\eframe-0.22.0\src\native\run.rs:734] request_repaint_callback: RequestRepaintInfo { after: 0ns, current_frame_nr: 383 }
15:26:22 [TRACE] (1) eframe::native::run: [C:\Users\darkm\.cargo\registry\src\index.crates.io-6f17d22bba15001f\eframe-0.22.0\src\native\run.rs:205] Repaint caused by winit::Event: RedrawEventsCleared
15:26:22 [TRACE] (1) eframe::native::run: [C:\Users\darkm\.cargo\registry\src\index.crates.io-6f17d22bba15001f\eframe-0.22.0\src\native\run.rs:221] request_redraw
15:26:22 [TRACE] (1) eframe::native::run: [C:\Users\darkm\.cargo\registry\src\index.crates.io-6f17d22bba15001f\eframe-0.22.0\src\native\run.rs:160] Got outdated UserEvent::RequestRepaint
15:26:22 [TRACE] (1) eframe::native::run: [C:\Users\darkm\.cargo\registry\src\index.crates.io-6f17d22bba15001f\eframe-0.22.0\src\native\run.rs:205] Repaint caused by winit::Event: WindowEvent { window_id: WindowId(WindowId(266618)), event: CursorMoved { device_id: DeviceId(DeviceId(0)), position: PhysicalPosition { x: 344.0, y: 179.0 }, modifiers: (empty) } }
15:26:22 [TRACE] (1) eframe::native::run: [C:\Users\darkm\.cargo\registry\src\index.crates.io-6f17d22bba15001f\eframe-0.22.0\src\native\run.rs:221] request_redraw
15:26:22 [TRACE] (1) eframe::native::run: [C:\Users\darkm\.cargo\registry\src\index.crates.io-6f17d22bba15001f\eframe-0.22.0\src\native\run.rs:205] Repaint caused by winit::Event: WindowEvent { window_id: WindowId(WindowId(266618)), event: CursorMoved { device_id: DeviceId(DeviceId(0)), position: PhysicalPosition { x: 344.0, y: 178.0 }, modifiers: (empty) } }
15:26:22 [TRACE] (1) eframe::native::run: [C:\Users\darkm\.cargo\registry\src\index.crates.io-6f17d22bba15001f\eframe-0.22.0\src\native\run.rs:221] request_redraw
15:26:22 [INFO] eframe update fn running...
15:26:22 [TRACE] (1) eframe::native::run::glow_integration: [C:\Users\darkm\.cargo\registry\src\index.crates.io-6f17d22bba15001f\eframe-0.22.0\src\native\run.rs:734] request_repaint_callback: RequestRepaintInfo { after: 0ns, current_frame_nr: 384 }
15:26:22 [TRACE] (1) eframe::native::run: [C:\Users\darkm\.cargo\registry\src\index.crates.io-6f17d22bba15001f\eframe-0.22.0\src\native\run.rs:205] Repaint caused by winit::Event: RedrawEventsCleared
15:26:22 [TRACE] (1) eframe::native::run: [C:\Users\darkm\.cargo\registry\src\index.crates.io-6f17d22bba15001f\eframe-0.22.0\src\native\run.rs:221] request_redraw
15:26:22 [TRACE] (1) eframe::native::run: [C:\Users\darkm\.cargo\registry\src\index.crates.io-6f17d22bba15001f\eframe-0.22.0\src\native\run.rs:160] Got outdated UserEvent::RequestRepaint
15:26:22 [TRACE] (1) eframe::native::run: [C:\Users\darkm\.cargo\registry\src\index.crates.io-6f17d22bba15001f\eframe-0.22.0\src\native\run.rs:205] Repaint caused by winit::Event: WindowEvent { window_id: WindowId(WindowId(266618)), event: CursorMoved { device_id: DeviceId(DeviceId(0)), position: PhysicalPosition { x: 337.0, y: 173.0 }, modifiers: (empty) } }
15:26:22 [TRACE] (1) eframe::native::run: [C:\Users\darkm\.cargo\registry\src\index.crates.io-6f17d22bba15001f\eframe-0.22.0\src\native\run.rs:221] request_redraw
15:26:22 [INFO] eframe update fn running...
15:26:22 [TRACE] (1) eframe::native::run::glow_integration: [C:\Users\darkm\.cargo\registry\src\index.crates.io-6f17d22bba15001f\eframe-0.22.0\src\native\run.rs:734] request_repaint_callback: RequestRepaintInfo { after: 0ns, current_frame_nr: 385 }
15:26:22 [TRACE] (1) eframe::native::run: [C:\Users\darkm\.cargo\registry\src\index.crates.io-6f17d22bba15001f\eframe-0.22.0\src\native\run.rs:205] Repaint caused by winit::Event: RedrawEventsCleared
15:26:22 [TRACE] (1) eframe::native::run: [C:\Users\darkm\.cargo\registry\src\index.crates.io-6f17d22bba15001f\eframe-0.22.0\src\native\run.rs:221] request_redraw
15:26:22 [TRACE] (1) eframe::native::run: [C:\Users\darkm\.cargo\registry\src\index.crates.io-6f17d22bba15001f\eframe-0.22.0\src\native\run.rs:160] Got outdated UserEvent::RequestRepaint
15:26:22 [TRACE] (1) eframe::native::run: [C:\Users\darkm\.cargo\registry\src\index.crates.io-6f17d22bba15001f\eframe-0.22.0\src\native\run.rs:205] Repaint caused by winit::Event: WindowEvent { window_id: WindowId(WindowId(266618)), event: CursorMoved { device_id: DeviceId(DeviceId(0)), position: PhysicalPosition { x: 334.0, y: 170.0 }, modifiers: (empty) } }
15:26:22 [TRACE] (1) eframe::native::run: [C:\Users\darkm\.cargo\registry\src\index.crates.io-6f17d22bba15001f\eframe-0.22.0\src\native\run.rs:221] request_redraw
15:26:22 [INFO] eframe update fn running...
15:26:22 [TRACE] (1) eframe::native::run::glow_integration: [C:\Users\darkm\.cargo\registry\src\index.crates.io-6f17d22bba15001f\eframe-0.22.0\src\native\run.rs:734] request_repaint_callback: RequestRepaintInfo { after: 0ns, current_frame_nr: 386 }
15:26:22 [TRACE] (1) eframe::native::run: [C:\Users\darkm\.cargo\registry\src\index.crates.io-6f17d22bba15001f\eframe-0.22.0\src\native\run.rs:205] Repaint caused by winit::Event: RedrawEventsCleared
15:26:22 [TRACE] (1) eframe::native::run: [C:\Users\darkm\.cargo\registry\src\index.crates.io-6f17d22bba15001f\eframe-0.22.0\src\native\run.rs:221] request_redraw
15:26:22 [TRACE] (1) eframe::native::run: [C:\Users\darkm\.cargo\registry\src\index.crates.io-6f17d22bba15001f\eframe-0.22.0\src\native\run.rs:160] Got outdated UserEvent::RequestRepaint
15:26:22 [TRACE] (1) eframe::native::run: [C:\Users\darkm\.cargo\registry\src\index.crates.io-6f17d22bba15001f\eframe-0.22.0\src\native\run.rs:205] Repaint caused by winit::Event: WindowEvent { window_id: WindowId(WindowId(266618)), event: CursorMoved { device_id: DeviceId(DeviceId(0)), position: PhysicalPosition { x: 333.0, y: 169.0 }, modifiers: (empty) } }
15:26:22 [TRACE] (1) eframe::native::run: [C:\Users\darkm\.cargo\registry\src\index.crates.io-6f17d22bba15001f\eframe-0.22.0\src\native\run.rs:221] request_redraw
15:26:22 [INFO] eframe update fn running...
15:26:22 [TRACE] (1) eframe::native::run::glow_integration: [C:\Users\darkm\.cargo\registry\src\index.crates.io-6f17d22bba15001f\eframe-0.22.0\src\native\run.rs:734] request_repaint_callback: RequestRepaintInfo { after: 0ns, current_frame_nr: 387 }
15:26:22 [TRACE] (1) eframe::native::run: [C:\Users\darkm\.cargo\registry\src\index.crates.io-6f17d22bba15001f\eframe-0.22.0\src\native\run.rs:205] Repaint caused by winit::Event: RedrawEventsCleared
15:26:22 [TRACE] (1) eframe::native::run: [C:\Users\darkm\.cargo\registry\src\index.crates.io-6f17d22bba15001f\eframe-0.22.0\src\native\run.rs:221] request_redraw
15:26:22 [TRACE] (1) eframe::native::run: [C:\Users\darkm\.cargo\registry\src\index.crates.io-6f17d22bba15001f\eframe-0.22.0\src\native\run.rs:160] Got outdated UserEvent::RequestRepaint
15:26:22 [INFO] eframe update fn running...
15:26:22 [TRACE] (1) eframe::native::run: [C:\Users\darkm\.cargo\registry\src\index.crates.io-6f17d22bba15001f\eframe-0.22.0\src\native\run.rs:205] Repaint caused by winit::Event: RedrawEventsCleared
15:26:22 [TRACE] (1) eframe::native::run: [C:\Users\darkm\.cargo\registry\src\index.crates.io-6f17d22bba15001f\eframe-0.22.0\src\native\run.rs:221] request_redraw
15:26:22 [INFO] eframe update fn running...
15:26:22 [INFO] eframe update fn running...
15:26:22 [TRACE] (1) eframe::native::run: [C:\Users\darkm\.cargo\registry\src\index.crates.io-6f17d22bba15001f\eframe-0.22.0\src\native\run.rs:205] Repaint caused by winit::Event: WindowEvent { window_id: WindowId(WindowId(266618)), event: CursorMoved { device_id: DeviceId(DeviceId(0)), position: PhysicalPosition { x: 333.0, y: 173.0 }, modifiers: (empty) } }
15:26:22 [TRACE] (1) eframe::native::run: [C:\Users\darkm\.cargo\registry\src\index.crates.io-6f17d22bba15001f\eframe-0.22.0\src\native\run.rs:221] request_redraw
15:26:22 [TRACE] (1) eframe::native::run: [C:\Users\darkm\.cargo\registry\src\index.crates.io-6f17d22bba15001f\eframe-0.22.0\src\native\run.rs:205] Repaint caused by winit::Event: WindowEvent { window_id: WindowId(WindowId(266618)), event: CursorMoved { device_id: DeviceId(DeviceId(0)), position: PhysicalPosition { x: 333.0, y: 174.0 }, modifiers: (empty) } }
15:26:22 [TRACE] (1) eframe::native::run: [C:\Users\darkm\.cargo\registry\src\index.crates.io-6f17d22bba15001f\eframe-0.22.0\src\native\run.rs:221] request_redraw
15:26:22 [TRACE] (1) eframe::native::run: [C:\Users\darkm\.cargo\registry\src\index.crates.io-6f17d22bba15001f\eframe-0.22.0\src\native\run.rs:205] Repaint caused by winit::Event: WindowEvent { window_id: WindowId(WindowId(266618)), event: CursorMoved { device_id: DeviceId(DeviceId(0)), position: PhysicalPosition { x: 333.0, y: 175.0 }, modifiers: (empty) } }
15:26:22 [TRACE] (1) eframe::native::run: [C:\Users\darkm\.cargo\registry\src\index.crates.io-6f17d22bba15001f\eframe-0.22.0\src\native\run.rs:221] request_redraw
15:26:22 [TRACE] (1) eframe::native::run: [C:\Users\darkm\.cargo\registry\src\index.crates.io-6f17d22bba15001f\eframe-0.22.0\src\native\run.rs:205] Repaint caused by winit::Event: WindowEvent { window_id: WindowId(WindowId(266618)), event: CursorMoved { device_id: DeviceId(DeviceId(0)), position: PhysicalPosition { x: 333.0, y: 176.0 }, modifiers: (empty) } }
15:26:22 [TRACE] (1) eframe::native::run: [C:\Users\darkm\.cargo\registry\src\index.crates.io-6f17d22bba15001f\eframe-0.22.0\src\native\run.rs:221] request_redraw
15:26:22 [INFO] eframe update fn running...
15:26:22 [TRACE] (1) eframe::native::run::glow_integration: [C:\Users\darkm\.cargo\registry\src\index.crates.io-6f17d22bba15001f\eframe-0.22.0\src\native\run.rs:734] request_repaint_callback: RequestRepaintInfo { after: 0ns, current_frame_nr: 391 }
15:26:22 [TRACE] (1) eframe::native::run: [C:\Users\darkm\.cargo\registry\src\index.crates.io-6f17d22bba15001f\eframe-0.22.0\src\native\run.rs:205] Repaint caused by winit::Event: RedrawEventsCleared
15:26:22 [TRACE] (1) eframe::native::run: [C:\Users\darkm\.cargo\registry\src\index.crates.io-6f17d22bba15001f\eframe-0.22.0\src\native\run.rs:221] request_redraw
15:26:22 [TRACE] (1) eframe::native::run: [C:\Users\darkm\.cargo\registry\src\index.crates.io-6f17d22bba15001f\eframe-0.22.0\src\native\run.rs:160] Got outdated UserEvent::RequestRepaint
15:26:22 [TRACE] (1) eframe::native::run: [C:\Users\darkm\.cargo\registry\src\index.crates.io-6f17d22bba15001f\eframe-0.22.0\src\native\run.rs:205] Repaint caused by winit::Event: WindowEvent { window_id: WindowId(WindowId(266618)), event: CursorMoved { device_id: DeviceId(DeviceId(0)), position: PhysicalPosition { x: 333.0, y: 190.0 }, modifiers: (empty) } }
15:26:22 [TRACE] (1) eframe::native::run: [C:\Users\darkm\.cargo\registry\src\index.crates.io-6f17d22bba15001f\eframe-0.22.0\src\native\run.rs:221] request_redraw
15:26:22 [TRACE] (1) eframe::native::run: [C:\Users\darkm\.cargo\registry\src\index.crates.io-6f17d22bba15001f\eframe-0.22.0\src\native\run.rs:205] Repaint caused by winit::Event: WindowEvent { window_id: WindowId(WindowId(266618)), event: CursorMoved { device_id: DeviceId(DeviceId(0)), position: PhysicalPosition { x: 333.0, y: 191.0 }, modifiers: (empty) } }
15:26:22 [TRACE] (1) eframe::native::run: [C:\Users\darkm\.cargo\registry\src\index.crates.io-6f17d22bba15001f\eframe-0.22.0\src\native\run.rs:221] request_redraw
15:26:22 [TRACE] (1) eframe::native::run: [C:\Users\darkm\.cargo\registry\src\index.crates.io-6f17d22bba15001f\eframe-0.22.0\src\native\run.rs:205] Repaint caused by winit::Event: WindowEvent { window_id: WindowId(WindowId(266618)), event: CursorMoved { device_id: DeviceId(DeviceId(0)), position: PhysicalPosition { x: 333.0, y: 192.0 }, modifiers: (empty) } }
15:26:22 [TRACE] (1) eframe::native::run: [C:\Users\darkm\.cargo\registry\src\index.crates.io-6f17d22bba15001f\eframe-0.22.0\src\native\run.rs:221] request_redraw
15:26:22 [TRACE] (1) eframe::native::run: [C:\Users\darkm\.cargo\registry\src\index.crates.io-6f17d22bba15001f\eframe-0.22.0\src\native\run.rs:205] Repaint caused by winit::Event: WindowEvent { window_id: WindowId(WindowId(266618)), event: CursorMoved { device_id: DeviceId(DeviceId(0)), position: PhysicalPosition { x: 334.0, y: 193.0 }, modifiers: (empty) } }
15:26:22 [TRACE] (1) eframe::native::run: [C:\Users\darkm\.cargo\registry\src\index.crates.io-6f17d22bba15001f\eframe-0.22.0\src\native\run.rs:221] request_redraw
15:26:22 [INFO] eframe update fn running...
15:26:22 [TRACE] (1) eframe::native::run::glow_integration: [C:\Users\darkm\.cargo\registry\src\index.crates.io-6f17d22bba15001f\eframe-0.22.0\src\native\run.rs:734] request_repaint_callback: RequestRepaintInfo { after: 0ns, current_frame_nr: 392 }
15:26:22 [TRACE] (1) eframe::native::run: [C:\Users\darkm\.cargo\registry\src\index.crates.io-6f17d22bba15001f\eframe-0.22.0\src\native\run.rs:205] Repaint caused by winit::Event: RedrawEventsCleared
15:26:22 [TRACE] (1) eframe::native::run: [C:\Users\darkm\.cargo\registry\src\index.crates.io-6f17d22bba15001f\eframe-0.22.0\src\native\run.rs:221] request_redraw
15:26:22 [TRACE] (1) eframe::native::run: [C:\Users\darkm\.cargo\registry\src\index.crates.io-6f17d22bba15001f\eframe-0.22.0\src\native\run.rs:160] Got outdated UserEvent::RequestRepaint
15:26:22 [TRACE] (1) eframe::native::run: [C:\Users\darkm\.cargo\registry\src\index.crates.io-6f17d22bba15001f\eframe-0.22.0\src\native\run.rs:205] Repaint caused by winit::Event: WindowEvent { window_id: WindowId(WindowId(266618)), event: CursorMoved { device_id: DeviceId(DeviceId(0)), position: PhysicalPosition { x: 336.0, y: 211.0 }, modifiers: (empty) } }
15:26:22 [TRACE] (1) eframe::native::run: [C:\Users\darkm\.cargo\registry\src\index.crates.io-6f17d22bba15001f\eframe-0.22.0\src\native\run.rs:221] request_redraw
15:26:22 [TRACE] (1) eframe::native::run: [C:\Users\darkm\.cargo\registry\src\index.crates.io-6f17d22bba15001f\eframe-0.22.0\src\native\run.rs:205] Repaint caused by winit::Event: WindowEvent { window_id: WindowId(WindowId(266618)), event: CursorMoved { device_id: DeviceId(DeviceId(0)), position: PhysicalPosition { x: 336.0, y: 212.0 }, modifiers: (empty) } }
15:26:22 [TRACE] (1) eframe::native::run: [C:\Users\darkm\.cargo\registry\src\index.crates.io-6f17d22bba15001f\eframe-0.22.0\src\native\run.rs:221] request_redraw
15:26:22 [INFO] eframe update fn running...
15:26:22 [TRACE] (1) eframe::native::run::glow_integration: [C:\Users\darkm\.cargo\registry\src\index.crates.io-6f17d22bba15001f\eframe-0.22.0\src\native\run.rs:734] request_repaint_callback: RequestRepaintInfo { after: 0ns, current_frame_nr: 393 }
15:26:22 [TRACE] (1) eframe::native::run: [C:\Users\darkm\.cargo\registry\src\index.crates.io-6f17d22bba15001f\eframe-0.22.0\src\native\run.rs:205] Repaint caused by winit::Event: RedrawEventsCleared
15:26:22 [TRACE] (1) eframe::native::run: [C:\Users\darkm\.cargo\registry\src\index.crates.io-6f17d22bba15001f\eframe-0.22.0\src\native\run.rs:221] request_redraw
15:26:22 [TRACE] (1) eframe::native::run: [C:\Users\darkm\.cargo\registry\src\index.crates.io-6f17d22bba15001f\eframe-0.22.0\src\native\run.rs:160] Got outdated UserEvent::RequestRepaint
15:26:22 [TRACE] (1) eframe::native::run: [C:\Users\darkm\.cargo\registry\src\index.crates.io-6f17d22bba15001f\eframe-0.22.0\src\native\run.rs:205] Repaint caused by winit::Event: WindowEvent { window_id: WindowId(WindowId(266618)), event: CursorMoved { device_id: DeviceId(DeviceId(0)), position: PhysicalPosition { x: 339.0, y: 226.0 }, modifiers: (empty) } }
15:26:22 [TRACE] (1) eframe::native::run: [C:\Users\darkm\.cargo\registry\src\index.crates.io-6f17d22bba15001f\eframe-0.22.0\src\native\run.rs:221] request_redraw
15:26:22 [TRACE] (1) eframe::native::run: [C:\Users\darkm\.cargo\registry\src\index.crates.io-6f17d22bba15001f\eframe-0.22.0\src\native\run.rs:205] Repaint caused by winit::Event: WindowEvent { window_id: WindowId(WindowId(266618)), event: CursorMoved { device_id: DeviceId(DeviceId(0)), position: PhysicalPosition { x: 339.0, y: 228.0 }, modifiers: (empty) } }
15:26:22 [TRACE] (1) eframe::native::run: [C:\Users\darkm\.cargo\registry\src\index.crates.io-6f17d22bba15001f\eframe-0.22.0\src\native\run.rs:221] request_redraw
15:26:22 [INFO] eframe update fn running...
15:26:22 [TRACE] (1) eframe::native::run::glow_integration: [C:\Users\darkm\.cargo\registry\src\index.crates.io-6f17d22bba15001f\eframe-0.22.0\src\native\run.rs:734] request_repaint_callback: RequestRepaintInfo { after: 0ns, current_frame_nr: 394 }
15:26:22 [TRACE] (1) eframe::native::run: [C:\Users\darkm\.cargo\registry\src\index.crates.io-6f17d22bba15001f\eframe-0.22.0\src\native\run.rs:205] Repaint caused by winit::Event: RedrawEventsCleared
15:26:22 [TRACE] (1) eframe::native::run: [C:\Users\darkm\.cargo\registry\src\index.crates.io-6f17d22bba15001f\eframe-0.22.0\src\native\run.rs:221] request_redraw
15:26:22 [TRACE] (1) eframe::native::run: [C:\Users\darkm\.cargo\registry\src\index.crates.io-6f17d22bba15001f\eframe-0.22.0\src\native\run.rs:160] Got outdated UserEvent::RequestRepaint
15:26:22 [TRACE] (1) eframe::native::run: [C:\Users\darkm\.cargo\registry\src\index.crates.io-6f17d22bba15001f\eframe-0.22.0\src\native\run.rs:205] Repaint caused by winit::Event: WindowEvent { window_id: WindowId(WindowId(266618)), event: CursorMoved { device_id: DeviceId(DeviceId(0)), position: PhysicalPosition { x: 340.0, y: 242.0 }, modifiers: (empty) } }
15:26:22 [TRACE] (1) eframe::native::run: [C:\Users\darkm\.cargo\registry\src\index.crates.io-6f17d22bba15001f\eframe-0.22.0\src\native\run.rs:221] request_redraw
15:26:22 [TRACE] (1) eframe::native::run: [C:\Users\darkm\.cargo\registry\src\index.crates.io-6f17d22bba15001f\eframe-0.22.0\src\native\run.rs:205] Repaint caused by winit::Event: WindowEvent { window_id: WindowId(WindowId(266618)), event: CursorMoved { device_id: DeviceId(DeviceId(0)), position: PhysicalPosition { x: 340.0, y: 243.0 }, modifiers: (empty) } }
15:26:22 [TRACE] (1) eframe::native::run: [C:\Users\darkm\.cargo\registry\src\index.crates.io-6f17d22bba15001f\eframe-0.22.0\src\native\run.rs:221] request_redraw
15:26:22 [TRACE] (1) eframe::native::run: [C:\Users\darkm\.cargo\registry\src\index.crates.io-6f17d22bba15001f\eframe-0.22.0\src\native\run.rs:205] Repaint caused by winit::Event: WindowEvent { window_id: WindowId(WindowId(266618)), event: CursorMoved { device_id: DeviceId(DeviceId(0)), position: PhysicalPosition { x: 340.0, y: 244.0 }, modifiers: (empty) } }
15:26:22 [TRACE] (1) eframe::native::run: [C:\Users\darkm\.cargo\registry\src\index.crates.io-6f17d22bba15001f\eframe-0.22.0\src\native\run.rs:221] request_redraw
15:26:22 [INFO] eframe update fn running...
15:26:22 [TRACE] (1) eframe::native::run::glow_integration: [C:\Users\darkm\.cargo\registry\src\index.crates.io-6f17d22bba15001f\eframe-0.22.0\src\native\run.rs:734] request_repaint_callback: RequestRepaintInfo { after: 0ns, current_frame_nr: 395 }
15:26:22 [TRACE] (1) eframe::native::run: [C:\Users\darkm\.cargo\registry\src\index.crates.io-6f17d22bba15001f\eframe-0.22.0\src\native\run.rs:205] Repaint caused by winit::Event: RedrawEventsCleared
15:26:22 [TRACE] (1) eframe::native::run: [C:\Users\darkm\.cargo\registry\src\index.crates.io-6f17d22bba15001f\eframe-0.22.0\src\native\run.rs:221] request_redraw
15:26:22 [TRACE] (1) eframe::native::run: [C:\Users\darkm\.cargo\registry\src\index.crates.io-6f17d22bba15001f\eframe-0.22.0\src\native\run.rs:160] Got outdated UserEvent::RequestRepaint
15:26:22 [TRACE] (1) eframe::native::run: [C:\Users\darkm\.cargo\registry\src\index.crates.io-6f17d22bba15001f\eframe-0.22.0\src\native\run.rs:205] Repaint caused by winit::Event: WindowEvent { window_id: WindowId(WindowId(266618)), event: CursorMoved { device_id: DeviceId(DeviceId(0)), position: PhysicalPosition { x: 341.0, y: 255.0 }, modifiers: (empty) } }
15:26:22 [TRACE] (1) eframe::native::run: [C:\Users\darkm\.cargo\registry\src\index.crates.io-6f17d22bba15001f\eframe-0.22.0\src\native\run.rs:221] request_redraw
15:26:22 [TRACE] (1) eframe::native::run: [C:\Users\darkm\.cargo\registry\src\index.crates.io-6f17d22bba15001f\eframe-0.22.0\src\native\run.rs:205] Repaint caused by winit::Event: WindowEvent { window_id: WindowId(WindowId(266618)), event: CursorMoved { device_id: DeviceId(DeviceId(0)), position: PhysicalPosition { x: 341.0, y: 256.0 }, modifiers: (empty) } }
15:26:22 [TRACE] (1) eframe::native::run: [C:\Users\darkm\.cargo\registry\src\index.crates.io-6f17d22bba15001f\eframe-0.22.0\src\native\run.rs:221] request_redraw
15:26:22 [TRACE] (1) eframe::native::run: [C:\Users\darkm\.cargo\registry\src\index.crates.io-6f17d22bba15001f\eframe-0.22.0\src\native\run.rs:205] Repaint caused by winit::Event: WindowEvent { window_id: WindowId(WindowId(266618)), event: CursorMoved { device_id: DeviceId(DeviceId(0)), position: PhysicalPosition { x: 341.0, y: 257.0 }, modifiers: (empty) } }
15:26:22 [TRACE] (1) eframe::native::run: [C:\Users\darkm\.cargo\registry\src\index.crates.io-6f17d22bba15001f\eframe-0.22.0\src\native\run.rs:221] request_redraw
15:26:22 [TRACE] (1) eframe::native::run: [C:\Users\darkm\.cargo\registry\src\index.crates.io-6f17d22bba15001f\eframe-0.22.0\src\native\run.rs:205] Repaint caused by winit::Event: WindowEvent { window_id: WindowId(WindowId(266618)), event: CursorMoved { device_id: DeviceId(DeviceId(0)), position: PhysicalPosition { x: 341.0, y: 258.0 }, modifiers: (empty) } }
15:26:22 [TRACE] (1) eframe::native::run: [C:\Users\darkm\.cargo\registry\src\index.crates.io-6f17d22bba15001f\eframe-0.22.0\src\native\run.rs:221] request_redraw
15:26:22 [INFO] eframe update fn running...
15:26:22 [TRACE] (1) eframe::native::run::glow_integration: [C:\Users\darkm\.cargo\registry\src\index.crates.io-6f17d22bba15001f\eframe-0.22.0\src\native\run.rs:734] request_repaint_callback: RequestRepaintInfo { after: 0ns, current_frame_nr: 396 }
15:26:22 [TRACE] (1) eframe::native::run: [C:\Users\darkm\.cargo\registry\src\index.crates.io-6f17d22bba15001f\eframe-0.22.0\src\native\run.rs:205] Repaint caused by winit::Event: RedrawEventsCleared
15:26:22 [TRACE] (1) eframe::native::run: [C:\Users\darkm\.cargo\registry\src\index.crates.io-6f17d22bba15001f\eframe-0.22.0\src\native\run.rs:221] request_redraw
15:26:22 [TRACE] (1) eframe::native::run: [C:\Users\darkm\.cargo\registry\src\index.crates.io-6f17d22bba15001f\eframe-0.22.0\src\native\run.rs:160] Got outdated UserEvent::RequestRepaint
15:26:22 [TRACE] (1) eframe::native::run: [C:\Users\darkm\.cargo\registry\src\index.crates.io-6f17d22bba15001f\eframe-0.22.0\src\native\run.rs:205] Repaint caused by winit::Event: WindowEvent { window_id: WindowId(WindowId(266618)), event: CursorMoved { device_id: DeviceId(DeviceId(0)), position: PhysicalPosition { x: 341.0, y: 271.0 }, modifiers: (empty) } }
15:26:22 [TRACE] (1) eframe::native::run: [C:\Users\darkm\.cargo\registry\src\index.crates.io-6f17d22bba15001f\eframe-0.22.0\src\native\run.rs:221] request_redraw
15:26:22 [INFO] eframe update fn running...
15:26:22 [TRACE] (1) eframe::native::run::glow_integration: [C:\Users\darkm\.cargo\registry\src\index.crates.io-6f17d22bba15001f\eframe-0.22.0\src\native\run.rs:734] request_repaint_callback: RequestRepaintInfo { after: 0ns, current_frame_nr: 397 }
15:26:22 [TRACE] (1) eframe::native::run: [C:\Users\darkm\.cargo\registry\src\index.crates.io-6f17d22bba15001f\eframe-0.22.0\src\native\run.rs:205] Repaint caused by winit::Event: RedrawEventsCleared
15:26:22 [TRACE] (1) eframe::native::run: [C:\Users\darkm\.cargo\registry\src\index.crates.io-6f17d22bba15001f\eframe-0.22.0\src\native\run.rs:221] request_redraw
15:26:22 [TRACE] (1) eframe::native::run: [C:\Users\darkm\.cargo\registry\src\index.crates.io-6f17d22bba15001f\eframe-0.22.0\src\native\run.rs:160] Got outdated UserEvent::RequestRepaint
15:26:22 [TRACE] (1) eframe::native::run: [C:\Users\darkm\.cargo\registry\src\index.crates.io-6f17d22bba15001f\eframe-0.22.0\src\native\run.rs:205] Repaint caused by winit::Event: WindowEvent { window_id: WindowId(WindowId(266618)), event: CursorMoved { device_id: DeviceId(DeviceId(0)), position: PhysicalPosition { x: 341.0, y: 283.0 }, modifiers: (empty) } }
15:26:22 [TRACE] (1) eframe::native::run: [C:\Users\darkm\.cargo\registry\src\index.crates.io-6f17d22bba15001f\eframe-0.22.0\src\native\run.rs:221] request_redraw
15:26:22 [TRACE] (1) eframe::native::run: [C:\Users\darkm\.cargo\registry\src\index.crates.io-6f17d22bba15001f\eframe-0.22.0\src\native\run.rs:205] Repaint caused by winit::Event: WindowEvent { window_id: WindowId(WindowId(266618)), event: CursorMoved { device_id: DeviceId(DeviceId(0)), position: PhysicalPosition { x: 341.0, y: 284.0 }, modifiers: (empty) } }
15:26:22 [TRACE] (1) eframe::native::run: [C:\Users\darkm\.cargo\registry\src\index.crates.io-6f17d22bba15001f\eframe-0.22.0\src\native\run.rs:221] request_redraw
15:26:22 [INFO] eframe update fn running...
15:26:22 [TRACE] (1) eframe::native::run::glow_integration: [C:\Users\darkm\.cargo\registry\src\index.crates.io-6f17d22bba15001f\eframe-0.22.0\src\native\run.rs:734] request_repaint_callback: RequestRepaintInfo { after: 0ns, current_frame_nr: 398 }
15:26:22 [TRACE] (1) eframe::native::run: [C:\Users\darkm\.cargo\registry\src\index.crates.io-6f17d22bba15001f\eframe-0.22.0\src\native\run.rs:205] Repaint caused by winit::Event: RedrawEventsCleared
15:26:22 [TRACE] (1) eframe::native::run: [C:\Users\darkm\.cargo\registry\src\index.crates.io-6f17d22bba15001f\eframe-0.22.0\src\native\run.rs:221] request_redraw
15:26:22 [TRACE] (1) eframe::native::run: [C:\Users\darkm\.cargo\registry\src\index.crates.io-6f17d22bba15001f\eframe-0.22.0\src\native\run.rs:160] Got outdated UserEvent::RequestRepaint
15:26:22 [TRACE] (1) eframe::native::run: [C:\Users\darkm\.cargo\registry\src\index.crates.io-6f17d22bba15001f\eframe-0.22.0\src\native\run.rs:205] Repaint caused by winit::Event: WindowEvent { window_id: WindowId(WindowId(266618)), event: CursorMoved { device_id: DeviceId(DeviceId(0)), position: PhysicalPosition { x: 341.0, y: 293.0 }, modifiers: (empty) } }
15:26:22 [TRACE] (1) eframe::native::run: [C:\Users\darkm\.cargo\registry\src\index.crates.io-6f17d22bba15001f\eframe-0.22.0\src\native\run.rs:221] request_redraw
15:26:22 [INFO] eframe update fn running...
15:26:22 [TRACE] (1) eframe::native::run::glow_integration: [C:\Users\darkm\.cargo\registry\src\index.crates.io-6f17d22bba15001f\eframe-0.22.0\src\native\run.rs:734] request_repaint_callback: RequestRepaintInfo { after: 0ns, current_frame_nr: 399 }
15:26:22 [TRACE] (1) eframe::native::run: [C:\Users\darkm\.cargo\registry\src\index.crates.io-6f17d22bba15001f\eframe-0.22.0\src\native\run.rs:205] Repaint caused by winit::Event: RedrawEventsCleared
15:26:22 [TRACE] (1) eframe::native::run: [C:\Users\darkm\.cargo\registry\src\index.crates.io-6f17d22bba15001f\eframe-0.22.0\src\native\run.rs:221] request_redraw
15:26:22 [TRACE] (1) eframe::native::run: [C:\Users\darkm\.cargo\registry\src\index.crates.io-6f17d22bba15001f\eframe-0.22.0\src\native\run.rs:160] Got outdated UserEvent::RequestRepaint
15:26:22 [TRACE] (1) eframe::native::run: [C:\Users\darkm\.cargo\registry\src\index.crates.io-6f17d22bba15001f\eframe-0.22.0\src\native\run.rs:205] Repaint caused by winit::Event: WindowEvent { window_id: WindowId(WindowId(266618)), event: CursorMoved { device_id: DeviceId(DeviceId(0)), position: PhysicalPosition { x: 341.0, y: 299.0 }, modifiers: (empty) } }
15:26:22 [TRACE] (1) eframe::native::run: [C:\Users\darkm\.cargo\registry\src\index.crates.io-6f17d22bba15001f\eframe-0.22.0\src\native\run.rs:221] request_redraw
15:26:22 [INFO] eframe update fn running...
15:26:22 [TRACE] (1) eframe::native::run::glow_integration: [C:\Users\darkm\.cargo\registry\src\index.crates.io-6f17d22bba15001f\eframe-0.22.0\src\native\run.rs:734] request_repaint_callback: RequestRepaintInfo { after: 0ns, current_frame_nr: 400 }
15:26:22 [TRACE] (1) eframe::native::run: [C:\Users\darkm\.cargo\registry\src\index.crates.io-6f17d22bba15001f\eframe-0.22.0\src\native\run.rs:205] Repaint caused by winit::Event: RedrawEventsCleared
15:26:22 [TRACE] (1) eframe::native::run: [C:\Users\darkm\.cargo\registry\src\index.crates.io-6f17d22bba15001f\eframe-0.22.0\src\native\run.rs:221] request_redraw
15:26:22 [TRACE] (1) eframe::native::run: [C:\Users\darkm\.cargo\registry\src\index.crates.io-6f17d22bba15001f\eframe-0.22.0\src\native\run.rs:160] Got outdated UserEvent::RequestRepaint
15:26:22 [TRACE] (1) eframe::native::run: [C:\Users\darkm\.cargo\registry\src\index.crates.io-6f17d22bba15001f\eframe-0.22.0\src\native\run.rs:205] Repaint caused by winit::Event: WindowEvent { window_id: WindowId(WindowId(266618)), event: CursorMoved { device_id: DeviceId(DeviceId(0)), position: PhysicalPosition { x: 341.0, y: 303.0 }, modifiers: (empty) } }
15:26:22 [TRACE] (1) eframe::native::run: [C:\Users\darkm\.cargo\registry\src\index.crates.io-6f17d22bba15001f\eframe-0.22.0\src\native\run.rs:221] request_redraw
15:26:22 [TRACE] (1) eframe::native::run: [C:\Users\darkm\.cargo\registry\src\index.crates.io-6f17d22bba15001f\eframe-0.22.0\src\native\run.rs:205] Repaint caused by winit::Event: WindowEvent { window_id: WindowId(WindowId(266618)), event: CursorMoved { device_id: DeviceId(DeviceId(0)), position: PhysicalPosition { x: 341.0, y: 304.0 }, modifiers: (empty) } }
15:26:22 [TRACE] (1) eframe::native::run: [C:\Users\darkm\.cargo\registry\src\index.crates.io-6f17d22bba15001f\eframe-0.22.0\src\native\run.rs:221] request_redraw
15:26:22 [INFO] eframe update fn running...
15:26:22 [TRACE] (1) eframe::native::run::glow_integration: [C:\Users\darkm\.cargo\registry\src\index.crates.io-6f17d22bba15001f\eframe-0.22.0\src\native\run.rs:734] request_repaint_callback: RequestRepaintInfo { after: 0ns, current_frame_nr: 401 }
15:26:22 [TRACE] (1) eframe::native::run: [C:\Users\darkm\.cargo\registry\src\index.crates.io-6f17d22bba15001f\eframe-0.22.0\src\native\run.rs:205] Repaint caused by winit::Event: RedrawEventsCleared
15:26:22 [TRACE] (1) eframe::native::run: [C:\Users\darkm\.cargo\registry\src\index.crates.io-6f17d22bba15001f\eframe-0.22.0\src\native\run.rs:221] request_redraw
15:26:22 [TRACE] (1) eframe::native::run: [C:\Users\darkm\.cargo\registry\src\index.crates.io-6f17d22bba15001f\eframe-0.22.0\src\native\run.rs:160] Got outdated UserEvent::RequestRepaint
15:26:22 [TRACE] (1) eframe::native::run: [C:\Users\darkm\.cargo\registry\src\index.crates.io-6f17d22bba15001f\eframe-0.22.0\src\native\run.rs:205] Repaint caused by winit::Event: WindowEvent { window_id: WindowId(WindowId(266618)), event: CursorMoved { device_id: DeviceId(DeviceId(0)), position: PhysicalPosition { x: 341.0, y: 308.0 }, modifiers: (empty) } }
15:26:22 [TRACE] (1) eframe::native::run: [C:\Users\darkm\.cargo\registry\src\index.crates.io-6f17d22bba15001f\eframe-0.22.0\src\native\run.rs:221] request_redraw
15:26:22 [INFO] eframe update fn running...
15:26:22 [TRACE] (1) eframe::native::run::glow_integration: [C:\Users\darkm\.cargo\registry\src\index.crates.io-6f17d22bba15001f\eframe-0.22.0\src\native\run.rs:734] request_repaint_callback: RequestRepaintInfo { after: 0ns, current_frame_nr: 402 }
15:26:22 [TRACE] (1) eframe::native::run: [C:\Users\darkm\.cargo\registry\src\index.crates.io-6f17d22bba15001f\eframe-0.22.0\src\native\run.rs:205] Repaint caused by winit::Event: RedrawEventsCleared
15:26:22 [TRACE] (1) eframe::native::run: [C:\Users\darkm\.cargo\registry\src\index.crates.io-6f17d22bba15001f\eframe-0.22.0\src\native\run.rs:221] request_redraw
15:26:22 [TRACE] (1) eframe::native::run: [C:\Users\darkm\.cargo\registry\src\index.crates.io-6f17d22bba15001f\eframe-0.22.0\src\native\run.rs:160] Got outdated UserEvent::RequestRepaint
15:26:22 [TRACE] (1) eframe::native::run: [C:\Users\darkm\.cargo\registry\src\index.crates.io-6f17d22bba15001f\eframe-0.22.0\src\native\run.rs:205] Repaint caused by winit::Event: WindowEvent { window_id: WindowId(WindowId(266618)), event: CursorMoved { device_id: DeviceId(DeviceId(0)), position: PhysicalPosition { x: 341.0, y: 311.0 }, modifiers: (empty) } }
15:26:22 [TRACE] (1) eframe::native::run: [C:\Users\darkm\.cargo\registry\src\index.crates.io-6f17d22bba15001f\eframe-0.22.0\src\native\run.rs:221] request_redraw
15:26:22 [INFO] eframe update fn running...
15:26:22 [TRACE] (1) eframe::native::run::glow_integration: [C:\Users\darkm\.cargo\registry\src\index.crates.io-6f17d22bba15001f\eframe-0.22.0\src\native\run.rs:734] request_repaint_callback: RequestRepaintInfo { after: 0ns, current_frame_nr: 403 }
15:26:22 [TRACE] (1) eframe::native::run: [C:\Users\darkm\.cargo\registry\src\index.crates.io-6f17d22bba15001f\eframe-0.22.0\src\native\run.rs:205] Repaint caused by winit::Event: RedrawEventsCleared
15:26:22 [TRACE] (1) eframe::native::run: [C:\Users\darkm\.cargo\registry\src\index.crates.io-6f17d22bba15001f\eframe-0.22.0\src\native\run.rs:221] request_redraw
15:26:22 [TRACE] (1) eframe::native::run: [C:\Users\darkm\.cargo\registry\src\index.crates.io-6f17d22bba15001f\eframe-0.22.0\src\native\run.rs:160] Got outdated UserEvent::RequestRepaint
15:26:22 [TRACE] (1) eframe::native::run: [C:\Users\darkm\.cargo\registry\src\index.crates.io-6f17d22bba15001f\eframe-0.22.0\src\native\run.rs:205] Repaint caused by winit::Event: WindowEvent { window_id: WindowId(WindowId(266618)), event: CursorMoved { device_id: DeviceId(DeviceId(0)), position: PhysicalPosition { x: 341.0, y: 314.0 }, modifiers: (empty) } }
15:26:22 [TRACE] (1) eframe::native::run: [C:\Users\darkm\.cargo\registry\src\index.crates.io-6f17d22bba15001f\eframe-0.22.0\src\native\run.rs:221] request_redraw
15:26:22 [INFO] eframe update fn running...
15:26:22 [TRACE] (1) eframe::native::run::glow_integration: [C:\Users\darkm\.cargo\registry\src\index.crates.io-6f17d22bba15001f\eframe-0.22.0\src\native\run.rs:734] request_repaint_callback: RequestRepaintInfo { after: 0ns, current_frame_nr: 404 }
15:26:22 [TRACE] (1) eframe::native::run: [C:\Users\darkm\.cargo\registry\src\index.crates.io-6f17d22bba15001f\eframe-0.22.0\src\native\run.rs:205] Repaint caused by winit::Event: RedrawEventsCleared
15:26:22 [TRACE] (1) eframe::native::run: [C:\Users\darkm\.cargo\registry\src\index.crates.io-6f17d22bba15001f\eframe-0.22.0\src\native\run.rs:221] request_redraw
15:26:22 [TRACE] (1) eframe::native::run: [C:\Users\darkm\.cargo\registry\src\index.crates.io-6f17d22bba15001f\eframe-0.22.0\src\native\run.rs:160] Got outdated UserEvent::RequestRepaint
15:26:22 [TRACE] (1) eframe::native::run: [C:\Users\darkm\.cargo\registry\src\index.crates.io-6f17d22bba15001f\eframe-0.22.0\src\native\run.rs:205] Repaint caused by winit::Event: WindowEvent { window_id: WindowId(WindowId(266618)), event: CursorMoved { device_id: DeviceId(DeviceId(0)), position: PhysicalPosition { x: 341.0, y: 315.0 }, modifiers: (empty) } }
15:26:22 [TRACE] (1) eframe::native::run: [C:\Users\darkm\.cargo\registry\src\index.crates.io-6f17d22bba15001f\eframe-0.22.0\src\native\run.rs:221] request_redraw
15:26:22 [TRACE] (1) eframe::native::run: [C:\Users\darkm\.cargo\registry\src\index.crates.io-6f17d22bba15001f\eframe-0.22.0\src\native\run.rs:205] Repaint caused by winit::Event: WindowEvent { window_id: WindowId(WindowId(266618)), event: CursorMoved { device_id: DeviceId(DeviceId(0)), position: PhysicalPosition { x: 341.0, y: 316.0 }, modifiers: (empty) } }
15:26:22 [TRACE] (1) eframe::native::run: [C:\Users\darkm\.cargo\registry\src\index.crates.io-6f17d22bba15001f\eframe-0.22.0\src\native\run.rs:221] request_redraw
15:26:22 [INFO] eframe update fn running...
15:26:22 [TRACE] (1) eframe::native::run::glow_integration: [C:\Users\darkm\.cargo\registry\src\index.crates.io-6f17d22bba15001f\eframe-0.22.0\src\native\run.rs:734] request_repaint_callback: RequestRepaintInfo { after: 0ns, current_frame_nr: 405 }
15:26:22 [TRACE] (1) eframe::native::run: [C:\Users\darkm\.cargo\registry\src\index.crates.io-6f17d22bba15001f\eframe-0.22.0\src\native\run.rs:205] Repaint caused by winit::Event: RedrawEventsCleared
15:26:22 [TRACE] (1) eframe::native::run: [C:\Users\darkm\.cargo\registry\src\index.crates.io-6f17d22bba15001f\eframe-0.22.0\src\native\run.rs:221] request_redraw
15:26:22 [TRACE] (1) eframe::native::run: [C:\Users\darkm\.cargo\registry\src\index.crates.io-6f17d22bba15001f\eframe-0.22.0\src\native\run.rs:160] Got outdated UserEvent::RequestRepaint
15:26:22 [TRACE] (1) eframe::native::run: [C:\Users\darkm\.cargo\registry\src\index.crates.io-6f17d22bba15001f\eframe-0.22.0\src\native\run.rs:205] Repaint caused by winit::Event: WindowEvent { window_id: WindowId(WindowId(266618)), event: CursorMoved { device_id: DeviceId(DeviceId(0)), position: PhysicalPosition { x: 341.0, y: 317.0 }, modifiers: (empty) } }
15:26:22 [TRACE] (1) eframe::native::run: [C:\Users\darkm\.cargo\registry\src\index.crates.io-6f17d22bba15001f\eframe-0.22.0\src\native\run.rs:221] request_redraw
15:26:22 [INFO] eframe update fn running...
15:26:22 [TRACE] (1) eframe::native::run::glow_integration: [C:\Users\darkm\.cargo\registry\src\index.crates.io-6f17d22bba15001f\eframe-0.22.0\src\native\run.rs:734] request_repaint_callback: RequestRepaintInfo { after: 0ns, current_frame_nr: 406 }
15:26:22 [TRACE] (1) eframe::native::run: [C:\Users\darkm\.cargo\registry\src\index.crates.io-6f17d22bba15001f\eframe-0.22.0\src\native\run.rs:205] Repaint caused by winit::Event: RedrawEventsCleared
15:26:22 [TRACE] (1) eframe::native::run: [C:\Users\darkm\.cargo\registry\src\index.crates.io-6f17d22bba15001f\eframe-0.22.0\src\native\run.rs:221] request_redraw
15:26:22 [TRACE] (1) eframe::native::run: [C:\Users\darkm\.cargo\registry\src\index.crates.io-6f17d22bba15001f\eframe-0.22.0\src\native\run.rs:160] Got outdated UserEvent::RequestRepaint
15:26:22 [TRACE] (1) eframe::native::run: [C:\Users\darkm\.cargo\registry\src\index.crates.io-6f17d22bba15001f\eframe-0.22.0\src\native\run.rs:205] Repaint caused by winit::Event: WindowEvent { window_id: WindowId(WindowId(266618)), event: CursorMoved { device_id: DeviceId(DeviceId(0)), position: PhysicalPosition { x: 341.0, y: 318.0 }, modifiers: (empty) } }
15:26:22 [TRACE] (1) eframe::native::run: [C:\Users\darkm\.cargo\registry\src\index.crates.io-6f17d22bba15001f\eframe-0.22.0\src\native\run.rs:221] request_redraw
15:26:22 [INFO] eframe update fn running...
15:26:22 [TRACE] (1) eframe::native::run::glow_integration: [C:\Users\darkm\.cargo\registry\src\index.crates.io-6f17d22bba15001f\eframe-0.22.0\src\native\run.rs:734] request_repaint_callback: RequestRepaintInfo { after: 0ns, current_frame_nr: 407 }
15:26:22 [TRACE] (1) eframe::native::run: [C:\Users\darkm\.cargo\registry\src\index.crates.io-6f17d22bba15001f\eframe-0.22.0\src\native\run.rs:205] Repaint caused by winit::Event: RedrawEventsCleared
15:26:22 [TRACE] (1) eframe::native::run: [C:\Users\darkm\.cargo\registry\src\index.crates.io-6f17d22bba15001f\eframe-0.22.0\src\native\run.rs:221] request_redraw
15:26:22 [TRACE] (1) eframe::native::run: [C:\Users\darkm\.cargo\registry\src\index.crates.io-6f17d22bba15001f\eframe-0.22.0\src\native\run.rs:160] Got outdated UserEvent::RequestRepaint
15:26:22 [TRACE] (1) eframe::native::run: [C:\Users\darkm\.cargo\registry\src\index.crates.io-6f17d22bba15001f\eframe-0.22.0\src\native\run.rs:205] Repaint caused by winit::Event: WindowEvent { window_id: WindowId(WindowId(266618)), event: CursorMoved { device_id: DeviceId(DeviceId(0)), position: PhysicalPosition { x: 342.0, y: 320.0 }, modifiers: (empty) } }
15:26:22 [TRACE] (1) eframe::native::run: [C:\Users\darkm\.cargo\registry\src\index.crates.io-6f17d22bba15001f\eframe-0.22.0\src\native\run.rs:221] request_redraw
15:26:22 [INFO] eframe update fn running...
15:26:22 [TRACE] (1) eframe::native::run::glow_integration: [C:\Users\darkm\.cargo\registry\src\index.crates.io-6f17d22bba15001f\eframe-0.22.0\src\native\run.rs:734] request_repaint_callback: RequestRepaintInfo { after: 0ns, current_frame_nr: 408 }
15:26:22 [TRACE] (1) eframe::native::run: [C:\Users\darkm\.cargo\registry\src\index.crates.io-6f17d22bba15001f\eframe-0.22.0\src\native\run.rs:205] Repaint caused by winit::Event: RedrawEventsCleared
15:26:22 [TRACE] (1) eframe::native::run: [C:\Users\darkm\.cargo\registry\src\index.crates.io-6f17d22bba15001f\eframe-0.22.0\src\native\run.rs:221] request_redraw
15:26:22 [TRACE] (1) eframe::native::run: [C:\Users\darkm\.cargo\registry\src\index.crates.io-6f17d22bba15001f\eframe-0.22.0\src\native\run.rs:160] Got outdated UserEvent::RequestRepaint
15:26:22 [INFO] eframe update fn running...
15:26:22 [TRACE] (1) eframe::native::run: [C:\Users\darkm\.cargo\registry\src\index.crates.io-6f17d22bba15001f\eframe-0.22.0\src\native\run.rs:205] Repaint caused by winit::Event: RedrawEventsCleared
15:26:22 [TRACE] (1) eframe::native::run: [C:\Users\darkm\.cargo\registry\src\index.crates.io-6f17d22bba15001f\eframe-0.22.0\src\native\run.rs:221] request_redraw
15:26:22 [INFO] eframe update fn running...
15:26:22 [INFO] eframe update fn running...
15:26:22 [TRACE] (1) eframe::native::run: [C:\Users\darkm\.cargo\registry\src\index.crates.io-6f17d22bba15001f\eframe-0.22.0\src\native\run.rs:205] Repaint caused by winit::Event: WindowEvent { window_id: WindowId(WindowId(266618)), event: CursorMoved { device_id: DeviceId(DeviceId(0)), position: PhysicalPosition { x: 345.0, y: 320.0 }, modifiers: (empty) } }
15:26:22 [TRACE] (1) eframe::native::run: [C:\Users\darkm\.cargo\registry\src\index.crates.io-6f17d22bba15001f\eframe-0.22.0\src\native\run.rs:221] request_redraw
15:26:22 [TRACE] (1) eframe::native::run: [C:\Users\darkm\.cargo\registry\src\index.crates.io-6f17d22bba15001f\eframe-0.22.0\src\native\run.rs:205] Repaint caused by winit::Event: WindowEvent { window_id: WindowId(WindowId(266618)), event: CursorMoved { device_id: DeviceId(DeviceId(0)), position: PhysicalPosition { x: 346.0, y: 320.0 }, modifiers: (empty) } }
15:26:22 [TRACE] (1) eframe::native::run: [C:\Users\darkm\.cargo\registry\src\index.crates.io-6f17d22bba15001f\eframe-0.22.0\src\native\run.rs:221] request_redraw
15:26:22 [INFO] eframe update fn running...
15:26:22 [TRACE] (1) eframe::native::run::glow_integration: [C:\Users\darkm\.cargo\registry\src\index.crates.io-6f17d22bba15001f\eframe-0.22.0\src\native\run.rs:734] request_repaint_callback: RequestRepaintInfo { after: 0ns, current_frame_nr: 412 }
15:26:22 [TRACE] (1) eframe::native::run: [C:\Users\darkm\.cargo\registry\src\index.crates.io-6f17d22bba15001f\eframe-0.22.0\src\native\run.rs:205] Repaint caused by winit::Event: RedrawEventsCleared
15:26:22 [TRACE] (1) eframe::native::run: [C:\Users\darkm\.cargo\registry\src\index.crates.io-6f17d22bba15001f\eframe-0.22.0\src\native\run.rs:221] request_redraw
15:26:22 [TRACE] (1) eframe::native::run: [C:\Users\darkm\.cargo\registry\src\index.crates.io-6f17d22bba15001f\eframe-0.22.0\src\native\run.rs:160] Got outdated UserEvent::RequestRepaint
15:26:22 [TRACE] (1) eframe::native::run: [C:\Users\darkm\.cargo\registry\src\index.crates.io-6f17d22bba15001f\eframe-0.22.0\src\native\run.rs:205] Repaint caused by winit::Event: WindowEvent { window_id: WindowId(WindowId(266618)), event: CursorMoved { device_id: DeviceId(DeviceId(0)), position: PhysicalPosition { x: 362.0, y: 313.0 }, modifiers: (empty) } }
15:26:22 [TRACE] (1) eframe::native::run: [C:\Users\darkm\.cargo\registry\src\index.crates.io-6f17d22bba15001f\eframe-0.22.0\src\native\run.rs:221] request_redraw
15:26:22 [TRACE] (1) eframe::native::run: [C:\Users\darkm\.cargo\registry\src\index.crates.io-6f17d22bba15001f\eframe-0.22.0\src\native\run.rs:205] Repaint caused by winit::Event: WindowEvent { window_id: WindowId(WindowId(266618)), event: CursorMoved { device_id: DeviceId(DeviceId(0)), position: PhysicalPosition { x: 365.0, y: 312.0 }, modifiers: (empty) } }
15:26:22 [TRACE] (1) eframe::native::run: [C:\Users\darkm\.cargo\registry\src\index.crates.io-6f17d22bba15001f\eframe-0.22.0\src\native\run.rs:221] request_redraw
15:26:22 [TRACE] (1) eframe::native::run: [C:\Users\darkm\.cargo\registry\src\index.crates.io-6f17d22bba15001f\eframe-0.22.0\src\native\run.rs:205] Repaint caused by winit::Event: WindowEvent { window_id: WindowId(WindowId(266618)), event: CursorMoved { device_id: DeviceId(DeviceId(0)), position: PhysicalPosition { x: 366.0, y: 311.0 }, modifiers: (empty) } }
15:26:22 [TRACE] (1) eframe::native::run: [C:\Users\darkm\.cargo\registry\src\index.crates.io-6f17d22bba15001f\eframe-0.22.0\src\native\run.rs:221] request_redraw
15:26:22 [INFO] eframe update fn running...
15:26:22 [TRACE] (1) eframe::native::run::glow_integration: [C:\Users\darkm\.cargo\registry\src\index.crates.io-6f17d22bba15001f\eframe-0.22.0\src\native\run.rs:734] request_repaint_callback: RequestRepaintInfo { after: 0ns, current_frame_nr: 413 }
15:26:22 [TRACE] (1) eframe::native::run: [C:\Users\darkm\.cargo\registry\src\index.crates.io-6f17d22bba15001f\eframe-0.22.0\src\native\run.rs:205] Repaint caused by winit::Event: RedrawEventsCleared
15:26:22 [TRACE] (1) eframe::native::run: [C:\Users\darkm\.cargo\registry\src\index.crates.io-6f17d22bba15001f\eframe-0.22.0\src\native\run.rs:221] request_redraw
15:26:22 [TRACE] (1) eframe::native::run: [C:\Users\darkm\.cargo\registry\src\index.crates.io-6f17d22bba15001f\eframe-0.22.0\src\native\run.rs:160] Got outdated UserEvent::RequestRepaint
15:26:22 [TRACE] (1) eframe::native::run: [C:\Users\darkm\.cargo\registry\src\index.crates.io-6f17d22bba15001f\eframe-0.22.0\src\native\run.rs:205] Repaint caused by winit::Event: WindowEvent { window_id: WindowId(WindowId(266618)), event: CursorMoved { device_id: DeviceId(DeviceId(0)), position: PhysicalPosition { x: 423.0, y: 291.0 }, modifiers: (empty) } }
15:26:22 [TRACE] (1) eframe::native::run: [C:\Users\darkm\.cargo\registry\src\index.crates.io-6f17d22bba15001f\eframe-0.22.0\src\native\run.rs:221] request_redraw
15:26:22 [TRACE] (1) eframe::native::run: [C:\Users\darkm\.cargo\registry\src\index.crates.io-6f17d22bba15001f\eframe-0.22.0\src\native\run.rs:205] Repaint caused by winit::Event: WindowEvent { window_id: WindowId(WindowId(266618)), event: CursorMoved { device_id: DeviceId(DeviceId(0)), position: PhysicalPosition { x: 432.0, y: 287.0 }, modifiers: (empty) } }
15:26:22 [TRACE] (1) eframe::native::run: [C:\Users\darkm\.cargo\registry\src\index.crates.io-6f17d22bba15001f\eframe-0.22.0\src\native\run.rs:221] request_redraw
15:26:22 [TRACE] (1) eframe::native::run: [C:\Users\darkm\.cargo\registry\src\index.crates.io-6f17d22bba15001f\eframe-0.22.0\src\native\run.rs:205] Repaint caused by winit::Event: WindowEvent { window_id: WindowId(WindowId(266618)), event: CursorMoved { device_id: DeviceId(DeviceId(0)), position: PhysicalPosition { x: 439.0, y: 285.0 }, modifiers: (empty) } }
15:26:22 [TRACE] (1) eframe::native::run: [C:\Users\darkm\.cargo\registry\src\index.crates.io-6f17d22bba15001f\eframe-0.22.0\src\native\run.rs:221] request_redraw
15:26:22 [TRACE] (1) eframe::native::run: [C:\Users\darkm\.cargo\registry\src\index.crates.io-6f17d22bba15001f\eframe-0.22.0\src\native\run.rs:205] Repaint caused by winit::Event: WindowEvent { window_id: WindowId(WindowId(266618)), event: CursorMoved { device_id: DeviceId(DeviceId(0)), position: PhysicalPosition { x: 446.0, y: 282.0 }, modifiers: (empty) } }
15:26:22 [TRACE] (1) eframe::native::run: [C:\Users\darkm\.cargo\registry\src\index.crates.io-6f17d22bba15001f\eframe-0.22.0\src\native\run.rs:221] request_redraw
15:26:22 [TRACE] (1) eframe::native::run: [C:\Users\darkm\.cargo\registry\src\index.crates.io-6f17d22bba15001f\eframe-0.22.0\src\native\run.rs:205] Repaint caused by winit::Event: WindowEvent { window_id: WindowId(WindowId(266618)), event: CursorMoved { device_id: DeviceId(DeviceId(0)), position: PhysicalPosition { x: 450.0, y: 281.0 }, modifiers: (empty) } }
15:26:22 [TRACE] (1) eframe::native::run: [C:\Users\darkm\.cargo\registry\src\index.crates.io-6f17d22bba15001f\eframe-0.22.0\src\native\run.rs:221] request_redraw
15:26:22 [TRACE] (1) eframe::native::run: [C:\Users\darkm\.cargo\registry\src\index.crates.io-6f17d22bba15001f\eframe-0.22.0\src\native\run.rs:205] Repaint caused by winit::Event: WindowEvent { window_id: WindowId(WindowId(266618)), event: CursorMoved { device_id: DeviceId(DeviceId(0)), position: PhysicalPosition { x: 466.0, y: 277.0 }, modifiers: (empty) } }
15:26:22 [TRACE] (1) eframe::native::run: [C:\Users\darkm\.cargo\registry\src\index.crates.io-6f17d22bba15001f\eframe-0.22.0\src\native\run.rs:221] request_redraw
15:26:22 [TRACE] (1) eframe::native::run: [C:\Users\darkm\.cargo\registry\src\index.crates.io-6f17d22bba15001f\eframe-0.22.0\src\native\run.rs:205] Repaint caused by winit::Event: WindowEvent { window_id: WindowId(WindowId(266618)), event: CursorMoved { device_id: DeviceId(DeviceId(0)), position: PhysicalPosition { x: 482.0, y: 272.0 }, modifiers: (empty) } }
15:26:22 [TRACE] (1) eframe::native::run: [C:\Users\darkm\.cargo\registry\src\index.crates.io-6f17d22bba15001f\eframe-0.22.0\src\native\run.rs:221] request_redraw
15:26:22 [TRACE] (1) eframe::native::run: [C:\Users\darkm\.cargo\registry\src\index.crates.io-6f17d22bba15001f\eframe-0.22.0\src\native\run.rs:205] Repaint caused by winit::Event: WindowEvent { window_id: WindowId(WindowId(266618)), event: CursorMoved { device_id: DeviceId(DeviceId(0)), position: PhysicalPosition { x: 501.0, y: 267.0 }, modifiers: (empty) } }
15:26:22 [TRACE] (1) eframe::native::run: [C:\Users\darkm\.cargo\registry\src\index.crates.io-6f17d22bba15001f\eframe-0.22.0\src\native\run.rs:221] request_redraw
15:26:22 [TRACE] (1) eframe::native::run: [C:\Users\darkm\.cargo\registry\src\index.crates.io-6f17d22bba15001f\eframe-0.22.0\src\native\run.rs:205] Repaint caused by winit::Event: WindowEvent { window_id: WindowId(WindowId(266618)), event: CursorMoved { device_id: DeviceId(DeviceId(0)), position: PhysicalPosition { x: 520.0, y: 262.0 }, modifiers: (empty) } }
15:26:22 [TRACE] (1) eframe::native::run: [C:\Users\darkm\.cargo\registry\src\index.crates.io-6f17d22bba15001f\eframe-0.22.0\src\native\run.rs:221] request_redraw
15:26:22 [TRACE] (1) eframe::native::run: [C:\Users\darkm\.cargo\registry\src\index.crates.io-6f17d22bba15001f\eframe-0.22.0\src\native\run.rs:205] Repaint caused by winit::Event: WindowEvent { window_id: WindowId(WindowId(266618)), event: CursorMoved { device_id: DeviceId(DeviceId(0)), position: PhysicalPosition { x: 524.0, y: 260.0 }, modifiers: (empty) } }
15:26:22 [TRACE] (1) eframe::native::run: [C:\Users\darkm\.cargo\registry\src\index.crates.io-6f17d22bba15001f\eframe-0.22.0\src\native\run.rs:221] request_redraw
15:26:22 [TRACE] (1) eframe::native::run: [C:\Users\darkm\.cargo\registry\src\index.crates.io-6f17d22bba15001f\eframe-0.22.0\src\native\run.rs:205] Repaint caused by winit::Event: WindowEvent { window_id: WindowId(WindowId(266618)), event: CursorMoved { device_id: DeviceId(DeviceId(0)), position: PhysicalPosition { x: 548.0, y: 254.0 }, modifiers: (empty) } }
15:26:22 [TRACE] (1) eframe::native::run: [C:\Users\darkm\.cargo\registry\src\index.crates.io-6f17d22bba15001f\eframe-0.22.0\src\native\run.rs:221] request_redraw
15:26:22 [TRACE] (1) eframe::native::run: [C:\Users\darkm\.cargo\registry\src\index.crates.io-6f17d22bba15001f\eframe-0.22.0\src\native\run.rs:205] Repaint caused by winit::Event: WindowEvent { window_id: WindowId(WindowId(266618)), event: CursorMoved { device_id: DeviceId(DeviceId(0)), position: PhysicalPosition { x: 562.0, y: 251.0 }, modifiers: (empty) } }
15:26:22 [TRACE] (1) eframe::native::run: [C:\Users\darkm\.cargo\registry\src\index.crates.io-6f17d22bba15001f\eframe-0.22.0\src\native\run.rs:221] request_redraw
15:26:22 [TRACE] (1) eframe::native::run: [C:\Users\darkm\.cargo\registry\src\index.crates.io-6f17d22bba15001f\eframe-0.22.0\src\native\run.rs:205] Repaint caused by winit::Event: WindowEvent { window_id: WindowId(WindowId(266618)), event: CursorMoved { device_id: DeviceId(DeviceId(0)), position: PhysicalPosition { x: 569.0, y: 249.0 }, modifiers: (empty) } }
15:26:22 [TRACE] (1) eframe::native::run: [C:\Users\darkm\.cargo\registry\src\index.crates.io-6f17d22bba15001f\eframe-0.22.0\src\native\run.rs:221] request_redraw
15:26:22 [TRACE] (1) eframe::native::run: [C:\Users\darkm\.cargo\registry\src\index.crates.io-6f17d22bba15001f\eframe-0.22.0\src\native\run.rs:205] Repaint caused by winit::Event: WindowEvent { window_id: WindowId(WindowId(266618)), event: CursorMoved { device_id: DeviceId(DeviceId(0)), position: PhysicalPosition { x: 581.0, y: 246.0 }, modifiers: (empty) } }
15:26:22 [TRACE] (1) eframe::native::run: [C:\Users\darkm\.cargo\registry\src\index.crates.io-6f17d22bba15001f\eframe-0.22.0\src\native\run.rs:221] request_redraw
15:26:22 [INFO] eframe update fn running...
15:26:22 [TRACE] (1) eframe::native::run::glow_integration: [C:\Users\darkm\.cargo\registry\src\index.crates.io-6f17d22bba15001f\eframe-0.22.0\src\native\run.rs:734] request_repaint_callback: RequestRepaintInfo { after: 0ns, current_frame_nr: 414 }
15:26:22 [TRACE] (1) eframe::native::run: [C:\Users\darkm\.cargo\registry\src\index.crates.io-6f17d22bba15001f\eframe-0.22.0\src\native\run.rs:205] Repaint caused by winit::Event: RedrawEventsCleared
15:26:22 [TRACE] (1) eframe::native::run: [C:\Users\darkm\.cargo\registry\src\index.crates.io-6f17d22bba15001f\eframe-0.22.0\src\native\run.rs:221] request_redraw
15:26:22 [TRACE] (1) eframe::native::run: [C:\Users\darkm\.cargo\registry\src\index.crates.io-6f17d22bba15001f\eframe-0.22.0\src\native\run.rs:160] Got outdated UserEvent::RequestRepaint
15:26:22 [TRACE] (1) eframe::native::run: [C:\Users\darkm\.cargo\registry\src\index.crates.io-6f17d22bba15001f\eframe-0.22.0\src\native\run.rs:205] Repaint caused by winit::Event: WindowEvent { window_id: WindowId(WindowId(266618)), event: CursorMoved { device_id: DeviceId(DeviceId(0)), position: PhysicalPosition { x: 712.0, y: 218.0 }, modifiers: (empty) } }
15:26:22 [TRACE] (1) eframe::native::run: [C:\Users\darkm\.cargo\registry\src\index.crates.io-6f17d22bba15001f\eframe-0.22.0\src\native\run.rs:221] request_redraw
15:26:22 [TRACE] (1) eframe::native::run: [C:\Users\darkm\.cargo\registry\src\index.crates.io-6f17d22bba15001f\eframe-0.22.0\src\native\run.rs:205] Repaint caused by winit::Event: WindowEvent { window_id: WindowId(WindowId(266618)), event: CursorMoved { device_id: DeviceId(DeviceId(0)), position: PhysicalPosition { x: 722.0, y: 215.0 }, modifiers: (empty) } }
15:26:22 [TRACE] (1) eframe::native::run: [C:\Users\darkm\.cargo\registry\src\index.crates.io-6f17d22bba15001f\eframe-0.22.0\src\native\run.rs:221] request_redraw
15:26:22 [TRACE] (1) eframe::native::run: [C:\Users\darkm\.cargo\registry\src\index.crates.io-6f17d22bba15001f\eframe-0.22.0\src\native\run.rs:205] Repaint caused by winit::Event: WindowEvent { window_id: WindowId(WindowId(266618)), event: CursorMoved { device_id: DeviceId(DeviceId(0)), position: PhysicalPosition { x: 730.0, y: 213.0 }, modifiers: (empty) } }
15:26:22 [TRACE] (1) eframe::native::run: [C:\Users\darkm\.cargo\registry\src\index.crates.io-6f17d22bba15001f\eframe-0.22.0\src\native\run.rs:221] request_redraw
15:26:22 [TRACE] (1) eframe::native::run: [C:\Users\darkm\.cargo\registry\src\index.crates.io-6f17d22bba15001f\eframe-0.22.0\src\native\run.rs:205] Repaint caused by winit::Event: WindowEvent { window_id: WindowId(WindowId(266618)), event: CursorMoved { device_id: DeviceId(DeviceId(0)), position: PhysicalPosition { x: 737.0, y: 211.0 }, modifiers: (empty) } }
15:26:22 [TRACE] (1) eframe::native::run: [C:\Users\darkm\.cargo\registry\src\index.crates.io-6f17d22bba15001f\eframe-0.22.0\src\native\run.rs:221] request_redraw
15:26:22 [TRACE] (1) eframe::native::run: [C:\Users\darkm\.cargo\registry\src\index.crates.io-6f17d22bba15001f\eframe-0.22.0\src\native\run.rs:205] Repaint caused by winit::Event: WindowEvent { window_id: WindowId(WindowId(266618)), event: CursorMoved { device_id: DeviceId(DeviceId(0)), position: PhysicalPosition { x: 745.0, y: 210.0 }, modifiers: (empty) } }
15:26:22 [TRACE] (1) eframe::native::run: [C:\Users\darkm\.cargo\registry\src\index.crates.io-6f17d22bba15001f\eframe-0.22.0\src\native\run.rs:221] request_redraw
15:26:22 [TRACE] (1) eframe::native::run: [C:\Users\darkm\.cargo\registry\src\index.crates.io-6f17d22bba15001f\eframe-0.22.0\src\native\run.rs:205] Repaint caused by winit::Event: WindowEvent { window_id: WindowId(WindowId(266618)), event: CursorMoved { device_id: DeviceId(DeviceId(0)), position: PhysicalPosition { x: 756.0, y: 208.0 }, modifiers: (empty) } }
15:26:22 [TRACE] (1) eframe::native::run: [C:\Users\darkm\.cargo\registry\src\index.crates.io-6f17d22bba15001f\eframe-0.22.0\src\native\run.rs:221] request_redraw
15:26:22 [INFO] eframe update fn running...
15:26:22 [TRACE] (1) eframe::native::run::glow_integration: [C:\Users\darkm\.cargo\registry\src\index.crates.io-6f17d22bba15001f\eframe-0.22.0\src\native\run.rs:734] request_repaint_callback: RequestRepaintInfo { after: 0ns, current_frame_nr: 415 }
15:26:22 [TRACE] (1) eframe::native::run: [C:\Users\darkm\.cargo\registry\src\index.crates.io-6f17d22bba15001f\eframe-0.22.0\src\native\run.rs:205] Repaint caused by winit::Event: RedrawEventsCleared
15:26:22 [TRACE] (1) eframe::native::run: [C:\Users\darkm\.cargo\registry\src\index.crates.io-6f17d22bba15001f\eframe-0.22.0\src\native\run.rs:221] request_redraw
15:26:22 [TRACE] (1) eframe::native::run: [C:\Users\darkm\.cargo\registry\src\index.crates.io-6f17d22bba15001f\eframe-0.22.0\src\native\run.rs:160] Got outdated UserEvent::RequestRepaint
15:26:22 [TRACE] (1) eframe::native::run: [C:\Users\darkm\.cargo\registry\src\index.crates.io-6f17d22bba15001f\eframe-0.22.0\src\native\run.rs:205] Repaint caused by winit::Event: WindowEvent { window_id: WindowId(WindowId(266618)), event: CursorMoved { device_id: DeviceId(DeviceId(0)), position: PhysicalPosition { x: 921.0, y: 176.0 }, modifiers: (empty) } }
15:26:22 [TRACE] (1) eframe::native::run: [C:\Users\darkm\.cargo\registry\src\index.crates.io-6f17d22bba15001f\eframe-0.22.0\src\native\run.rs:221] request_redraw
15:26:22 [TRACE] (1) eframe::native::run: [C:\Users\darkm\.cargo\registry\src\index.crates.io-6f17d22bba15001f\eframe-0.22.0\src\native\run.rs:205] Repaint caused by winit::Event: WindowEvent { window_id: WindowId(WindowId(266618)), event: CursorMoved { device_id: DeviceId(DeviceId(0)), position: PhysicalPosition { x: 933.0, y: 175.0 }, modifiers: (empty) } }
15:26:22 [TRACE] (1) eframe::native::run: [C:\Users\darkm\.cargo\registry\src\index.crates.io-6f17d22bba15001f\eframe-0.22.0\src\native\run.rs:221] request_redraw
15:26:22 [TRACE] (1) eframe::native::run: [C:\Users\darkm\.cargo\registry\src\index.crates.io-6f17d22bba15001f\eframe-0.22.0\src\native\run.rs:205] Repaint caused by winit::Event: WindowEvent { window_id: WindowId(WindowId(266618)), event: CursorMoved { device_id: DeviceId(DeviceId(0)), position: PhysicalPosition { x: 958.0, y: 171.0 }, modifiers: (empty) } }
15:26:22 [TRACE] (1) eframe::native::run: [C:\Users\darkm\.cargo\registry\src\index.crates.io-6f17d22bba15001f\eframe-0.22.0\src\native\run.rs:221] request_redraw
15:26:22 [TRACE] (1) eframe::native::run: [C:\Users\darkm\.cargo\registry\src\index.crates.io-6f17d22bba15001f\eframe-0.22.0\src\native\run.rs:205] Repaint caused by winit::Event: WindowEvent { window_id: WindowId(WindowId(266618)), event: CursorMoved { device_id: DeviceId(DeviceId(0)), position: PhysicalPosition { x: 969.0, y: 168.0 }, modifiers: (empty) } }
15:26:22 [TRACE] (1) eframe::native::run: [C:\Users\darkm\.cargo\registry\src\index.crates.io-6f17d22bba15001f\eframe-0.22.0\src\native\run.rs:221] request_redraw
15:26:22 [INFO] eframe update fn running...
15:26:22 [TRACE] (1) eframe::native::run::glow_integration: [C:\Users\darkm\.cargo\registry\src\index.crates.io-6f17d22bba15001f\eframe-0.22.0\src\native\run.rs:734] request_repaint_callback: RequestRepaintInfo { after: 0ns, current_frame_nr: 416 }
15:26:22 [TRACE] (1) eframe::native::run: [C:\Users\darkm\.cargo\registry\src\index.crates.io-6f17d22bba15001f\eframe-0.22.0\src\native\run.rs:205] Repaint caused by winit::Event: RedrawEventsCleared
15:26:22 [TRACE] (1) eframe::native::run: [C:\Users\darkm\.cargo\registry\src\index.crates.io-6f17d22bba15001f\eframe-0.22.0\src\native\run.rs:221] request_redraw
15:26:22 [TRACE] (1) eframe::native::run: [C:\Users\darkm\.cargo\registry\src\index.crates.io-6f17d22bba15001f\eframe-0.22.0\src\native\run.rs:160] Got outdated UserEvent::RequestRepaint
15:26:22 [TRACE] (1) eframe::native::run: [C:\Users\darkm\.cargo\registry\src\index.crates.io-6f17d22bba15001f\eframe-0.22.0\src\native\run.rs:205] Repaint caused by winit::Event: WindowEvent { window_id: WindowId(WindowId(266618)), event: CursorMoved { device_id: DeviceId(DeviceId(0)), position: PhysicalPosition { x: 1157.0, y: 134.0 }, modifiers: (empty) } }
15:26:22 [TRACE] (1) eframe::native::run: [C:\Users\darkm\.cargo\registry\src\index.crates.io-6f17d22bba15001f\eframe-0.22.0\src\native\run.rs:221] request_redraw
15:26:22 [TRACE] (1) eframe::native::run: [C:\Users\darkm\.cargo\registry\src\index.crates.io-6f17d22bba15001f\eframe-0.22.0\src\native\run.rs:205] Repaint caused by winit::Event: WindowEvent { window_id: WindowId(WindowId(266618)), event: CursorMoved { device_id: DeviceId(DeviceId(0)), position: PhysicalPosition { x: 1169.0, y: 133.0 }, modifiers: (empty) } }
15:26:22 [TRACE] (1) eframe::native::run: [C:\Users\darkm\.cargo\registry\src\index.crates.io-6f17d22bba15001f\eframe-0.22.0\src\native\run.rs:221] request_redraw
15:26:22 [INFO] eframe update fn running...
15:26:22 [TRACE] (1) eframe::native::run::glow_integration: [C:\Users\darkm\.cargo\registry\src\index.crates.io-6f17d22bba15001f\eframe-0.22.0\src\native\run.rs:734] request_repaint_callback: RequestRepaintInfo { after: 0ns, current_frame_nr: 417 }
15:26:22 [TRACE] (1) eframe::native::run: [C:\Users\darkm\.cargo\registry\src\index.crates.io-6f17d22bba15001f\eframe-0.22.0\src\native\run.rs:205] Repaint caused by winit::Event: RedrawEventsCleared
15:26:22 [TRACE] (1) eframe::native::run: [C:\Users\darkm\.cargo\registry\src\index.crates.io-6f17d22bba15001f\eframe-0.22.0\src\native\run.rs:221] request_redraw
15:26:22 [TRACE] (1) eframe::native::run: [C:\Users\darkm\.cargo\registry\src\index.crates.io-6f17d22bba15001f\eframe-0.22.0\src\native\run.rs:160] Got outdated UserEvent::RequestRepaint
15:26:22 [TRACE] (1) eframe::native::run: [C:\Users\darkm\.cargo\registry\src\index.crates.io-6f17d22bba15001f\eframe-0.22.0\src\native\run.rs:205] Repaint caused by winit::Event: WindowEvent { window_id: WindowId(WindowId(266618)), event: CursorMoved { device_id: DeviceId(DeviceId(0)), position: PhysicalPosition { x: 1324.0, y: 103.0 }, modifiers: (empty) } }
15:26:22 [TRACE] (1) eframe::native::run: [C:\Users\darkm\.cargo\registry\src\index.crates.io-6f17d22bba15001f\eframe-0.22.0\src\native\run.rs:221] request_redraw
15:26:22 [TRACE] (1) eframe::native::run: [C:\Users\darkm\.cargo\registry\src\index.crates.io-6f17d22bba15001f\eframe-0.22.0\src\native\run.rs:205] Repaint caused by winit::Event: WindowEvent { window_id: WindowId(WindowId(266618)), event: CursorMoved { device_id: DeviceId(DeviceId(0)), position: PhysicalPosition { x: 1332.0, y: 102.0 }, modifiers: (empty) } }
15:26:22 [TRACE] (1) eframe::native::run: [C:\Users\darkm\.cargo\registry\src\index.crates.io-6f17d22bba15001f\eframe-0.22.0\src\native\run.rs:221] request_redraw
15:26:22 [TRACE] (1) eframe::native::run: [C:\Users\darkm\.cargo\registry\src\index.crates.io-6f17d22bba15001f\eframe-0.22.0\src\native\run.rs:205] Repaint caused by winit::Event: WindowEvent { window_id: WindowId(WindowId(266618)), event: CursorMoved { device_id: DeviceId(DeviceId(0)), position: PhysicalPosition { x: 1338.0, y: 101.0 }, modifiers: (empty) } }
15:26:22 [TRACE] (1) eframe::native::run: [C:\Users\darkm\.cargo\registry\src\index.crates.io-6f17d22bba15001f\eframe-0.22.0\src\native\run.rs:221] request_redraw
15:26:22 [TRACE] (1) eframe::native::run: [C:\Users\darkm\.cargo\registry\src\index.crates.io-6f17d22bba15001f\eframe-0.22.0\src\native\run.rs:205] Repaint caused by winit::Event: WindowEvent { window_id: WindowId(WindowId(266618)), event: CursorMoved { device_id: DeviceId(DeviceId(0)), position: PhysicalPosition { x: 1346.0, y: 100.0 }, modifiers: (empty) } }
15:26:22 [TRACE] (1) eframe::native::run: [C:\Users\darkm\.cargo\registry\src\index.crates.io-6f17d22bba15001f\eframe-0.22.0\src\native\run.rs:221] request_redraw
15:26:22 [TRACE] (1) eframe::native::run: [C:\Users\darkm\.cargo\registry\src\index.crates.io-6f17d22bba15001f\eframe-0.22.0\src\native\run.rs:205] Repaint caused by winit::Event: WindowEvent { window_id: WindowId(WindowId(266618)), event: CursorMoved { device_id: DeviceId(DeviceId(0)), position: PhysicalPosition { x: 1356.0, y: 98.0 }, modifiers: (empty) } }
15:26:22 [TRACE] (1) eframe::native::run: [C:\Users\darkm\.cargo\registry\src\index.crates.io-6f17d22bba15001f\eframe-0.22.0\src\native\run.rs:221] request_redraw
15:26:22 [TRACE] (1) eframe::native::run: [C:\Users\darkm\.cargo\registry\src\index.crates.io-6f17d22bba15001f\eframe-0.22.0\src\native\run.rs:205] Repaint caused by winit::Event: WindowEvent { window_id: WindowId(WindowId(266618)), event: CursorMoved { device_id: DeviceId(DeviceId(0)), position: PhysicalPosition { x: 1373.0, y: 95.0 }, modifiers: (empty) } }
15:26:22 [TRACE] (1) eframe::native::run: [C:\Users\darkm\.cargo\registry\src\index.crates.io-6f17d22bba15001f\eframe-0.22.0\src\native\run.rs:221] request_redraw
15:26:22 [TRACE] (1) eframe::native::run: [C:\Users\darkm\.cargo\registry\src\index.crates.io-6f17d22bba15001f\eframe-0.22.0\src\native\run.rs:205] Repaint caused by winit::Event: WindowEvent { window_id: WindowId(WindowId(266618)), event: CursorMoved { device_id: DeviceId(DeviceId(0)), position: PhysicalPosition { x: 1380.0, y: 95.0 }, modifiers: (empty) } }
15:26:22 [TRACE] (1) eframe::native::run: [C:\Users\darkm\.cargo\registry\src\index.crates.io-6f17d22bba15001f\eframe-0.22.0\src\native\run.rs:221] request_redraw
15:26:22 [TRACE] (1) eframe::native::run: [C:\Users\darkm\.cargo\registry\src\index.crates.io-6f17d22bba15001f\eframe-0.22.0\src\native\run.rs:205] Repaint caused by winit::Event: WindowEvent { window_id: WindowId(WindowId(266618)), event: CursorMoved { device_id: DeviceId(DeviceId(0)), position: PhysicalPosition { x: 1388.0, y: 92.0 }, modifiers: (empty) } }
15:26:22 [TRACE] (1) eframe::native::run: [C:\Users\darkm\.cargo\registry\src\index.crates.io-6f17d22bba15001f\eframe-0.22.0\src\native\run.rs:221] request_redraw
15:26:22 [TRACE] (1) eframe::native::run: [C:\Users\darkm\.cargo\registry\src\index.crates.io-6f17d22bba15001f\eframe-0.22.0\src\native\run.rs:205] Repaint caused by winit::Event: WindowEvent { window_id: WindowId(WindowId(266618)), event: CursorMoved { device_id: DeviceId(DeviceId(0)), position: PhysicalPosition { x: 1393.0, y: 92.0 }, modifiers: (empty) } }
15:26:22 [TRACE] (1) eframe::native::run: [C:\Users\darkm\.cargo\registry\src\index.crates.io-6f17d22bba15001f\eframe-0.22.0\src\native\run.rs:221] request_redraw
15:26:22 [INFO] eframe update fn running...
15:26:22 [TRACE] (1) eframe::native::run::glow_integration: [C:\Users\darkm\.cargo\registry\src\index.crates.io-6f17d22bba15001f\eframe-0.22.0\src\native\run.rs:734] request_repaint_callback: RequestRepaintInfo { after: 0ns, current_frame_nr: 418 }
15:26:22 [TRACE] (1) eframe::native::run: [C:\Users\darkm\.cargo\registry\src\index.crates.io-6f17d22bba15001f\eframe-0.22.0\src\native\run.rs:205] Repaint caused by winit::Event: RedrawEventsCleared
15:26:22 [TRACE] (1) eframe::native::run: [C:\Users\darkm\.cargo\registry\src\index.crates.io-6f17d22bba15001f\eframe-0.22.0\src\native\run.rs:221] request_redraw
15:26:22 [TRACE] (1) eframe::native::run: [C:\Users\darkm\.cargo\registry\src\index.crates.io-6f17d22bba15001f\eframe-0.22.0\src\native\run.rs:160] Got outdated UserEvent::RequestRepaint
15:26:22 [TRACE] (1) eframe::native::run: [C:\Users\darkm\.cargo\registry\src\index.crates.io-6f17d22bba15001f\eframe-0.22.0\src\native\run.rs:205] Repaint caused by winit::Event: WindowEvent { window_id: WindowId(WindowId(266618)), event: CursorLeft { device_id: DeviceId(DeviceId(0)) } }
15:26:22 [TRACE] (1) eframe::native::run: [C:\Users\darkm\.cargo\registry\src\index.crates.io-6f17d22bba15001f\eframe-0.22.0\src\native\run.rs:221] request_redraw
15:26:22 [INFO] eframe update fn running...
15:26:22 [TRACE] (1) eframe::native::run::glow_integration: [C:\Users\darkm\.cargo\registry\src\index.crates.io-6f17d22bba15001f\eframe-0.22.0\src\native\run.rs:734] request_repaint_callback: RequestRepaintInfo { after: 0ns, current_frame_nr: 419 }
15:26:22 [TRACE] (1) eframe::native::run: [C:\Users\darkm\.cargo\registry\src\index.crates.io-6f17d22bba15001f\eframe-0.22.0\src\native\run.rs:205] Repaint caused by winit::Event: RedrawEventsCleared
15:26:22 [TRACE] (1) eframe::native::run: [C:\Users\darkm\.cargo\registry\src\index.crates.io-6f17d22bba15001f\eframe-0.22.0\src\native\run.rs:221] request_redraw
15:26:22 [TRACE] (1) eframe::native::run: [C:\Users\darkm\.cargo\registry\src\index.crates.io-6f17d22bba15001f\eframe-0.22.0\src\native\run.rs:160] Got outdated UserEvent::RequestRepaint
15:26:22 [INFO] eframe update fn running...
15:26:22 [TRACE] (1) eframe::native::run: [C:\Users\darkm\.cargo\registry\src\index.crates.io-6f17d22bba15001f\eframe-0.22.0\src\native\run.rs:205] Repaint caused by winit::Event: RedrawEventsCleared
15:26:22 [TRACE] (1) eframe::native::run: [C:\Users\darkm\.cargo\registry\src\index.crates.io-6f17d22bba15001f\eframe-0.22.0\src\native\run.rs:221] request_redraw
15:26:22 [INFO] eframe update fn running...
15:26:22 [INFO] eframe update fn running...
15:26:22 [INFO] eframe update fn running...
15:26:22 [INFO] eframe update fn running...
15:26:22 [INFO] eframe update fn running...
15:26:22 [INFO] eframe update fn running...
15:26:22 [INFO] eframe update fn running...
15:26:22 [INFO] eframe update fn running...
15:26:23 [INFO] eframe update fn running...
15:26:23 [INFO] eframe update fn running...
15:26:23 [INFO] eframe update fn running...
15:26:23 [INFO] eframe update fn running...
15:26:23 [INFO] eframe update fn running...
15:26:23 [INFO] eframe update fn running...
15:26:23 [INFO] eframe update fn running...
15:26:23 [INFO] eframe update fn running...
15:26:23 [INFO] eframe update fn running...
15:26:23 [INFO] eframe update fn running...
15:26:23 [INFO] eframe update fn running...
15:26:23 [INFO] eframe update fn running...
15:26:23 [INFO] eframe update fn running...
15:26:23 [INFO] eframe update fn running...
15:26:23 [INFO] eframe update fn running...
15:26:23 [INFO] eframe update fn running...
15:26:23 [INFO] eframe update fn running...
15:26:23 [INFO] eframe update fn running...
15:26:23 [INFO] eframe update fn running...
15:26:23 [INFO] eframe update fn running...
15:26:23 [INFO] eframe update fn running...
15:26:23 [INFO] eframe update fn running...
15:26:23 [INFO] eframe update fn running...
15:26:23 [INFO] eframe update fn running...
15:26:23 [INFO] eframe update fn running...
15:26:23 [INFO] eframe update fn running...
15:26:24 [INFO] eframe update fn running...
15:26:25 [INFO] eframe update fn running...
15:26:25 [INFO] eframe update fn running...
15:26:25 [INFO] eframe update fn running...
15:26:25 [INFO] eframe update fn running...
15:26:25 [INFO] eframe update fn running...
15:26:25 [INFO] eframe update fn running...
15:26:25 [INFO] eframe update fn running...
15:26:25 [INFO] eframe update fn running...
15:26:25 [INFO] eframe update fn running...
15:26:25 [INFO] eframe update fn running...
15:26:25 [INFO] eframe update fn running...
15:26:26 [INFO] eframe update fn running...
15:26:26 [INFO] eframe update fn running...
15:26:26 [INFO] eframe update fn running...
15:26:26 [INFO] eframe update fn running...
15:26:26 [INFO] eframe update fn running...
15:26:26 [INFO] eframe update fn running...
15:26:26 [INFO] eframe update fn running...
15:26:26 [INFO] eframe update fn running...
15:26:26 [INFO] eframe update fn running...
15:26:26 [INFO] eframe update fn running...
15:26:26 [INFO] eframe update fn running...
15:26:26 [INFO] eframe update fn running...
15:26:26 [INFO] eframe update fn running...
15:26:26 [INFO] eframe update fn running...
15:26:30 [DEBUG] (1) eframe::native::epi_integration: Received WindowEvent::CloseRequested
15:26:30 [DEBUG] (1) eframe::native::epi_integration: App::on_close_event returned true
15:26:30 [DEBUG] (1) eframe::native::run: Asking to exit event loop…
15:26:30 [DEBUG] (1) eframe::native::run: Received Event::LoopDestroyed - saving app state…
15:26:30 [DEBUG] (1) eframe::native::run: eframe window closed
